data,pedido,cliente,produto,regiao,quantidade,forma_pagamento,preco_unitario,desconto,valor_bruto,valor_desconto,valor_venda,categoria
2025-09-26 12:36:44,10001,100,Mesa,Centro-Oeste,5,Cartão de crédito,1100,0.1,5500,550.0,4950.0,Móveis
2025-07-06 06:41:18,10002,621,Tablet,Centro-Oeste,3,Cartão de débito,1500,0.02,4500,90.0,4410.0,Eletrônicos
2025-09-27 23:57:30,10003,855,Monitor,Centro-Oeste,5,Pix,1200,0.13,6000,780.0,5220.0,Eletrônicos
2025-11-07 20:42:47,10004,173,Mesa,Norte,5,Cartão de crédito,1100,0.04,5500,220.0,5280.0,Móveis
2025-09-02 00:03:08,10005,749,Mouse,Nordeste,1,Cartão de débito,120,0.05,120,6.0,114.0,Periféricos
2025-06-04 02:38:12,10006,162,Mesa,Sudeste,2,Boleto,1100,0.09,2200,198.0,2002.0,Móveis
2025-01-26 20:41:29,10007,905,Monitor,Centro-Oeste,4,Pix,1200,0.0,4800,0.0,4800.0,Eletrônicos
2025-11-06 10:37:10,10008,728,Impressora,Nordeste,5,Pix,900,0.07,4500,315.00000000000006,4185.0,Eletrônicos
2025-06-18 19:43:06,10009,776,Mouse,Sul,4,Cartão de débito,120,0.13,480,62.400000000000006,417.6,Periféricos
2025-11-01 10:04:58,10010,263,Headset,Norte,5,Pix,300,0.1,1500,150.0,1350.0,Periféticos
2025-12-05 02:05:11,10011,804,Monitor,Nordeste,5,Cartão de crédito,1200,0.06,6000,360.0,5640.0,Eletrônicos
2025-10-05 13:30:28,10012,274,Impressora,Centro-Oeste,3,Cartão de débito,900,0.1,2700,270.0,2430.0,Eletrônicos
2025-04-22 10:35:19,10013,3,Notebook,Centro-Oeste,1,Cartão de crédito,3500,0.14,3500,490.00000000000006,3010.0,Eletrônicos
2025-09-03 22:41:27,10014,28,Tablet,Centro-Oeste,2,Pix,1500,0.03,3000,90.0,2910.0,Eletrônicos
2025-05-02 20:07:30,10015,326,Impressora,Nordeste,2,Pix,900,0.08,1800,144.0,1656.0,Eletrônicos
2025-09-04 12:54:45,10016,940,Notebook,Centro-Oeste,3,Pix,3500,0.04,10500,420.0,10080.0,Eletrônicos
2025-03-27 16:54:12,10017,149,Cadeira,Nordeste,3,Cartão de crédito,850,0.13,2550,331.5,2218.5,Móveis
2025-02-27 15:45:05,10018,540,Teclado,Centro-Oeste,2,Pix,250,0.11,500,55.0,445.0,Periféricos
2025-06-11 11:56:07,10019,488,Impressora,Sul,2,Cartão de débito,900,0.12,1800,216.0,1584.0,Eletrônicos
2025-08-03 15:08:27,10020,822,Celular,Sul,1,Boleto,2200,0.14,2200,308.00000000000006,1892.0,Eletrônicos
2025-02-22 07:56:13,10021,438,Tablet,Sudeste,5,Cartão de débito,1500,0.03,7500,225.0,7275.0,Eletrônicos
2025-03-11 16:11:17,10022,65,Impressora,Centro-Oeste,1,Boleto,900,0.01,900,9.0,891.0,Eletrônicos
2025-02-08 17:06:09,10023,356,Notebook,Centro-Oeste,2,Pix,3500,0.04,7000,280.0,6720.0,Eletrônicos
2025-04-17 06:05:51,10024,533,Celular,Nordeste,5,Cartão de débito,2200,0.06,11000,660.0,10340.0,Eletrônicos
2025-01-02 04:42:35,10025,252,Tablet,Nordeste,2,Cartão de crédito,1500,0.09,3000,270.0,2730.0,Eletrônicos
2025-07-04 18:33:56,10026,235,Celular,Centro-Oeste,1,Boleto,2200,0.12,2200,264.0,1936.0,Eletrônicos
2025-01-15 14:45:52,10027,227,Mouse,Sudeste,1,Cartão de crédito,120,0.05,120,6.0,114.0,Periféricos
2025-04-24 05:57:13,10028,525,Notebook,Centro-Oeste,1,Boleto,3500,0.07,3500,245.00000000000003,3255.0,Eletrônicos
2025-03-07 13:33:09,10029,313,Mesa,Nordeste,5,Pix,1100,0.12,5500,660.0,4840.0,Móveis
2025-12-18 06:26:04,10030,49,Mouse,Centro-Oeste,4,Cartão de débito,120,0.03,480,14.399999999999999,465.6,Periféricos
2025-04-23 05:19:39,10031,118,Tablet,Nordeste,4,Boleto,1500,0.03,6000,180.0,5820.0,Eletrônicos
2025-04-18 16:54:08,10032,54,Tablet,Centro-Oeste,2,Cartão de débito,1500,0.09,3000,270.0,2730.0,Eletrônicos
2025-03-08 11:17:46,10033,650,Monitor,Norte,5,Boleto,1200,0.07,6000,420.00000000000006,5580.0,Eletrônicos
2025-05-04 04:14:50,10034,565,Notebook,Nordeste,3,Boleto,3500,0.14,10500,1470.0000000000002,9030.0,Eletrônicos
2025-03-12 18:16:30,10035,44,Cadeira,Sudeste,4,Pix,850,0.05,3400,170.0,3230.0,Móveis
2025-11-29 03:10:33,10036,815,Cadeira,Norte,5,Boleto,850,0.11,4250,467.5,3782.5,Móveis
2025-06-03 05:08:43,10037,53,Tablet,Centro-Oeste,5,Cartão de crédito,1500,0.09,7500,675.0,6825.0,Eletrônicos
2025-09-06 19:49:15,10038,586,Cadeira,Nordeste,4,Boleto,850,0.01,3400,34.0,3366.0,Móveis
2025-12-14 07:37:51,10039,558,Teclado,Norte,5,Boleto,250,0.01,1250,12.5,1237.5,Periféricos
2025-11-05 15:26:06,10040,525,Monitor,Sudeste,5,Boleto,1200,0.03,6000,180.0,5820.0,Eletrônicos
2025-05-27 09:30:37,10041,677,Tablet,Nordeste,4,Pix,1500,0.02,6000,120.0,5880.0,Eletrônicos
2025-08-21 02:15:25,10042,102,Cadeira,Norte,1,Cartão de débito,850,0.05,850,42.5,807.5,Móveis
2025-07-15 03:51:10,10043,792,Notebook,Norte,2,Cartão de débito,3500,0.09,7000,630.0,6370.0,Eletrônicos
2025-03-01 13:53:01,10044,770,Impressora,Norte,3,Pix,900,0.09,2700,243.0,2457.0,Eletrônicos
2025-08-05 19:12:50,10045,982,Mesa,Sul,2,Cartão de crédito,1100,0.09,2200,198.0,2002.0,Móveis
2025-11-16 05:40:06,10046,849,Mouse,Centro-Oeste,1,Cartão de crédito,120,0.02,120,2.4,117.6,Periféricos
2025-11-28 11:41:39,10047,868,Mouse,Nordeste,1,Pix,120,0.09,120,10.799999999999999,109.2,Periféricos
2025-11-18 23:26:55,10048,398,Teclado,Nordeste,5,Cartão de débito,250,0.06,1250,75.0,1175.0,Periféricos
2025-10-17 13:58:16,10049,138,Celular,Nordeste,2,Cartão de crédito,2200,0.14,4400,616.0000000000001,3784.0,Eletrônicos
2025-01-29 02:33:08,10050,675,Notebook,Norte,1,Pix,3500,0.14,3500,490.00000000000006,3010.0,Eletrônicos
2025-10-25 09:13:22,10051,921,Celular,Centro-Oeste,2,Cartão de débito,2200,0.12,4400,528.0,3872.0,Eletrônicos
2025-01-31 19:44:06,10052,387,Monitor,Sudeste,1,Cartão de crédito,1200,0.11,1200,132.0,1068.0,Eletrônicos
2025-11-18 05:01:08,10053,111,Mesa,Nordeste,3,Cartão de crédito,1100,0.02,3300,66.0,3234.0,Móveis
2025-09-15 20:02:16,10054,614,Monitor,Centro-Oeste,1,Pix,1200,0.01,1200,12.0,1188.0,Eletrônicos
2025-05-07 20:10:14,10055,17,Tablet,Centro-Oeste,2,Cartão de débito,1500,0.13,3000,390.0,2610.0,Eletrônicos
2025-09-29 01:02:09,10056,780,Notebook,Sul,5,Cartão de crédito,3500,0.06,17500,1050.0,16450.0,Eletrônicos
2025-06-27 14:47:31,10057,182,Tablet,Nordeste,2,Pix,1500,0.07,3000,210.00000000000003,2790.0,Eletrônicos
2025-08-22 17:24:40,10058,884,Headset,Norte,4,Cartão de crédito,300,0.13,1200,156.0,1044.0,Periféticos
2025-08-22 08:47:55,10059,536,Cadeira,Centro-Oeste,2,Cartão de débito,850,0.09,1700,153.0,1547.0,Móveis
2025-02-09 04:22:37,10060,541,Mouse,Centro-Oeste,3,Boleto,120,0.03,360,10.799999999999999,349.2,Periféricos
2025-07-04 10:01:21,10061,171,Impressora,Sudeste,3,Cartão de crédito,900,0.03,2700,81.0,2619.0,Eletrônicos
2025-05-10 10:42:01,10062,409,Tablet,Sul,3,Cartão de débito,1500,0.0,4500,0.0,4500.0,Eletrônicos
2025-01-17 23:08:09,10063,740,Celular,Centro-Oeste,1,Cartão de crédito,2200,0.11,2200,242.0,1958.0,Eletrônicos
2025-07-14 23:16:04,10064,378,Headset,Centro-Oeste,3,Boleto,300,0.07,900,63.00000000000001,837.0,Periféticos
2025-08-04 07:28:01,10065,188,Mouse,Norte,2,Boleto,120,0.14,240,33.6,206.4,Periféricos
2025-08-14 23:01:39,10066,858,Tablet,Norte,5,Cartão de crédito,1500,0.11,7500,825.0,6675.0,Eletrônicos
2025-11-27 14:19:07,10067,230,Headset,Sudeste,3,Pix,300,0.02,900,18.0,882.0,Periféticos
2025-05-12 20:32:46,10068,833,Headset,Sudeste,2,Cartão de crédito,300,0.02,600,12.0,588.0,Periféticos
2025-06-27 18:21:47,10069,852,Notebook,Sudeste,1,Cartão de débito,3500,0.08,3500,280.0,3220.0,Eletrônicos
2025-08-30 03:08:54,10070,119,Monitor,Norte,1,Pix,1200,0.14,1200,168.00000000000003,1032.0,Eletrônicos
2025-01-31 21:39:55,10071,156,Headset,Norte,5,Cartão de débito,300,0.04,1500,60.0,1440.0,Periféticos
2025-05-29 14:30:20,10072,784,Teclado,Sul,5,Cartão de débito,250,0.12,1250,150.0,1100.0,Periféricos
2025-09-10 00:38:31,10073,687,Monitor,Nordeste,2,Pix,1200,0.05,2400,120.0,2280.0,Eletrônicos
2025-06-06 00:24:14,10074,465,Mouse,Nordeste,5,Boleto,120,0.04,600,24.0,576.0,Periféricos
2025-03-16 01:13:06,10075,104,Mouse,Sul,5,Cartão de débito,120,0.14,600,84.00000000000001,516.0,Periféricos
2025-06-02 15:07:57,10076,604,Mouse,Nordeste,1,Cartão de crédito,120,0.01,120,1.2,118.8,Periféricos
2025-01-22 15:42:08,10077,698,Mouse,Norte,2,Boleto,120,0.1,240,24.0,216.0,Periféricos
2025-02-18 02:14:59,10078,972,Teclado,Nordeste,5,Boleto,250,0.01,1250,12.5,1237.5,Periféricos
2025-05-07 16:34:57,10079,795,Tablet,Norte,2,Pix,1500,0.12,3000,360.0,2640.0,Eletrônicos
2025-11-08 19:07:19,10080,502,Mesa,Sul,3,Cartão de crédito,1100,0.12,3300,396.0,2904.0,Móveis
2025-09-24 12:24:35,10081,693,Headset,Sudeste,1,Cartão de crédito,300,0.13,300,39.0,261.0,Periféticos
2025-12-16 03:26:57,10082,682,Mouse,Sul,1,Boleto,120,0.03,120,3.5999999999999996,116.4,Periféricos
2025-06-13 02:14:21,10083,699,Monitor,Nordeste,1,Cartão de débito,1200,0.02,1200,24.0,1176.0,Eletrônicos
2025-08-09 20:43:49,10084,175,Monitor,Norte,4,Cartão de débito,1200,0.08,4800,384.0,4416.0,Eletrônicos
2025-08-28 10:30:13,10085,734,Headset,Nordeste,2,Cartão de crédito,300,0.04,600,24.0,576.0,Periféticos
2025-09-16 12:13:55,10086,745,Tablet,Nordeste,3,Boleto,1500,0.09,4500,405.0,4095.0,Eletrônicos
2025-09-14 20:25:25,10087,674,Impressora,Sudeste,5,Boleto,900,0.08,4500,360.0,4140.0,Eletrônicos
2025-01-04 03:30:36,10088,421,Impressora,Nordeste,3,Boleto,900,0.02,2700,54.0,2646.0,Eletrônicos
2025-02-11 11:45:02,10089,134,Mesa,Sudeste,2,Pix,1100,0.11,2200,242.0,1958.0,Móveis
2025-11-12 12:35:29,10090,391,Tablet,Norte,1,Cartão de crédito,1500,0.12,1500,180.0,1320.0,Eletrônicos
2025-03-26 06:36:09,10091,992,Headset,Norte,4,Cartão de crédito,300,0.14,1200,168.00000000000003,1032.0,Periféticos
2025-08-09 19:04:11,10092,736,Impressora,Sudeste,2,Cartão de débito,900,0.06,1800,108.0,1692.0,Eletrônicos
2025-04-10 08:49:37,10093,501,Impressora,Sul,2,Cartão de débito,900,0.05,1800,90.0,1710.0,Eletrônicos
2025-08-13 22:48:41,10094,665,Impressora,Norte,5,Cartão de crédito,900,0.03,4500,135.0,4365.0,Eletrônicos
2025-07-28 21:35:57,10095,33,Celular,Sul,3,Cartão de crédito,2200,0.03,6600,198.0,6402.0,Eletrônicos
2025-08-26 19:22:11,10096,55,Teclado,Norte,3,Cartão de débito,250,0.05,750,37.5,712.5,Periféricos
2025-07-26 07:06:53,10097,954,Headset,Norte,5,Cartão de crédito,300,0.15,1500,225.0,1275.0,Periféticos
2025-02-05 06:27:42,10098,519,Cadeira,Centro-Oeste,4,Cartão de débito,850,0.01,3400,34.0,3366.0,Móveis
2025-11-06 14:37:02,10099,756,Notebook,Nordeste,1,Cartão de crédito,3500,0.04,3500,140.0,3360.0,Eletrônicos
2025-05-08 00:13:59,10100,825,Notebook,Nordeste,1,Pix,3500,0.01,3500,35.0,3465.0,Eletrônicos
2025-01-07 12:51:25,10101,638,Tablet,Sul,4,Pix,1500,0.04,6000,240.0,5760.0,Eletrônicos
2025-02-03 07:46:30,10102,12,Headset,Nordeste,5,Boleto,300,0.01,1500,15.0,1485.0,Periféticos
2025-09-16 22:53:47,10103,528,Headset,Sul,2,Cartão de crédito,300,0.08,600,48.0,552.0,Periféticos
2025-11-03 10:52:40,10104,720,Notebook,Norte,3,Cartão de débito,3500,0.07,10500,735.0000000000001,9765.0,Eletrônicos
2025-01-12 15:48:13,10105,555,Mesa,Centro-Oeste,2,Cartão de crédito,1100,0.03,2200,66.0,2134.0,Móveis
2025-09-07 10:29:59,10106,373,Notebook,Centro-Oeste,3,Cartão de crédito,3500,0.03,10500,315.0,10185.0,Eletrônicos
2025-02-08 23:10:12,10107,484,Headset,Norte,2,Boleto,300,0.09,600,54.0,546.0,Periféticos
2025-10-19 12:57:51,10108,973,Impressora,Sudeste,5,Cartão de débito,900,0.06,4500,270.0,4230.0,Eletrônicos
2025-09-13 03:26:36,10109,647,Mesa,Sudeste,5,Cartão de crédito,1100,0.01,5500,55.0,5445.0,Móveis
2025-10-12 13:02:09,10110,228,Mouse,Nordeste,4,Cartão de débito,120,0.14,480,67.2,412.8,Periféricos
2025-02-01 07:10:38,10111,623,Cadeira,Sul,2,Cartão de crédito,850,0.06,1700,102.0,1598.0,Móveis
2025-01-31 10:45:08,10112,307,Celular,Centro-Oeste,2,Boleto,2200,0.09,4400,396.0,4004.0,Eletrônicos
2025-02-10 10:44:39,10113,457,Teclado,Nordeste,4,Cartão de débito,250,0.13,1000,130.0,870.0,Periféricos
2025-09-16 00:53:45,10114,160,Mouse,Norte,4,Cartão de crédito,120,0.06,480,28.799999999999997,451.2,Periféricos
2025-08-03 15:20:56,10115,331,Monitor,Centro-Oeste,5,Pix,1200,0.12,6000,720.0,5280.0,Eletrônicos
2025-09-30 00:03:07,10116,776,Notebook,Sul,5,Cartão de débito,3500,0.14,17500,2450.0000000000005,15050.0,Eletrônicos
2025-06-30 15:02:19,10117,225,Cadeira,Sul,2,Boleto,850,0.03,1700,51.0,1649.0,Móveis
2025-05-08 08:12:28,10118,983,Notebook,Sudeste,5,Pix,3500,0.13,17500,2275.0,15225.0,Eletrônicos
2025-01-15 20:59:20,10119,729,Notebook,Nordeste,5,Cartão de débito,3500,0.02,17500,350.0,17150.0,Eletrônicos
2025-12-25 11:03:56,10120,504,Mouse,Norte,2,Cartão de débito,120,0.04,240,9.6,230.4,Periféricos
2025-09-22 13:22:22,10121,456,Impressora,Centro-Oeste,4,Cartão de débito,900,0.12,3600,432.0,3168.0,Eletrônicos
2025-03-01 20:57:16,10122,45,Impressora,Sul,2,Cartão de débito,900,0.14,1800,252.00000000000003,1548.0,Eletrônicos
2025-07-30 16:18:08,10123,214,Celular,Centro-Oeste,1,Cartão de crédito,2200,0.1,2200,220.0,1980.0,Eletrônicos
2025-01-01 13:36:24,10124,59,Mesa,Norte,2,Cartão de crédito,1100,0.02,2200,44.0,2156.0,Móveis
2025-05-05 20:51:18,10125,644,Notebook,Centro-Oeste,1,Cartão de débito,3500,0.08,3500,280.0,3220.0,Eletrônicos
2025-03-17 21:09:28,10126,616,Tablet,Nordeste,2,Boleto,1500,0.09,3000,270.0,2730.0,Eletrônicos
2025-11-26 01:41:43,10127,195,Impressora,Sudeste,1,Cartão de crédito,900,0.04,900,36.0,864.0,Eletrônicos
2025-07-31 14:13:20,10128,925,Headset,Centro-Oeste,1,Cartão de débito,300,0.15,300,45.0,255.0,Periféticos
2025-06-19 04:09:15,10129,489,Cadeira,Sudeste,2,Cartão de débito,850,0.05,1700,85.0,1615.0,Móveis
2025-08-09 00:02:15,10130,157,Tablet,Norte,5,Boleto,1500,0.03,7500,225.0,7275.0,Eletrônicos
2025-10-02 12:08:55,10131,610,Mouse,Sudeste,3,Boleto,120,0.02,360,7.2,352.8,Periféricos
2025-11-08 13:12:30,10132,226,Mouse,Centro-Oeste,5,Boleto,120,0.06,600,36.0,564.0,Periféricos
2025-05-28 05:07:22,10133,412,Celular,Centro-Oeste,1,Pix,2200,0.1,2200,220.0,1980.0,Eletrônicos
2025-06-25 11:20:18,10134,205,Celular,Sul,2,Cartão de débito,2200,0.03,4400,132.0,4268.0,Eletrônicos
2025-07-05 12:51:28,10135,79,Mesa,Centro-Oeste,2,Boleto,1100,0.12,2200,264.0,1936.0,Móveis
2025-01-21 02:31:35,10136,124,Headset,Sudeste,2,Cartão de débito,300,0.02,600,12.0,588.0,Periféticos
2025-05-02 12:35:46,10137,471,Cadeira,Sul,2,Cartão de crédito,850,0.07,1700,119.00000000000001,1581.0,Móveis
2025-02-25 07:54:10,10138,940,Headset,Centro-Oeste,3,Cartão de débito,300,0.11,900,99.0,801.0,Periféticos
2025-10-08 15:09:20,10139,218,Monitor,Centro-Oeste,4,Cartão de débito,1200,0.02,4800,96.0,4704.0,Eletrônicos
2025-08-07 14:23:54,10140,516,Celular,Norte,1,Pix,2200,0.09,2200,198.0,2002.0,Eletrônicos
2025-07-05 12:37:24,10141,602,Mesa,Sul,3,Cartão de crédito,1100,0.12,3300,396.0,2904.0,Móveis
2025-08-09 00:16:41,10142,104,Teclado,Norte,5,Cartão de crédito,250,0.09,1250,112.5,1137.5,Periféricos
2025-12-10 03:52:06,10143,393,Notebook,Norte,4,Pix,3500,0.08,14000,1120.0,12880.0,Eletrônicos
2025-05-12 05:04:57,10144,631,Notebook,Norte,4,Boleto,3500,0.13,14000,1820.0,12180.0,Eletrônicos
2025-11-19 19:42:32,10145,645,Teclado,Nordeste,2,Boleto,250,0.15,500,75.0,425.0,Periféricos
2025-02-14 14:22:19,10146,824,Impressora,Norte,3,Cartão de débito,900,0.03,2700,81.0,2619.0,Eletrônicos
2025-07-05 08:10:46,10147,608,Headset,Sudeste,5,Pix,300,0.1,1500,150.0,1350.0,Periféticos
2025-11-09 14:33:44,10148,980,Teclado,Centro-Oeste,2,Boleto,250,0.01,500,5.0,495.0,Periféricos
2025-10-31 18:15:35,10149,434,Mesa,Nordeste,2,Cartão de crédito,1100,0.01,2200,22.0,2178.0,Móveis
2025-07-25 17:02:03,10150,331,Cadeira,Norte,1,Pix,850,0.04,850,34.0,816.0,Móveis
2025-05-18 20:20:49,10151,143,Teclado,Centro-Oeste,4,Boleto,250,0.15,1000,150.0,850.0,Periféricos
2025-03-24 12:35:44,10152,800,Mesa,Sul,5,Cartão de crédito,1100,0.08,5500,440.0,5060.0,Móveis
2025-02-22 14:39:43,10153,540,Celular,Sul,4,Pix,2200,0.04,8800,352.0,8448.0,Eletrônicos
2025-06-30 11:39:34,10154,278,Tablet,Centro-Oeste,3,Cartão de débito,1500,0.02,4500,90.0,4410.0,Eletrônicos
2025-11-09 22:00:54,10155,233,Mouse,Sudeste,1,Cartão de débito,120,0.14,120,16.8,103.2,Periféricos
2025-08-26 13:16:45,10156,529,Mouse,Centro-Oeste,2,Cartão de crédito,120,0.05,240,12.0,228.0,Periféricos
2025-08-31 03:07:03,10157,571,Monitor,Centro-Oeste,1,Boleto,1200,0.05,1200,60.0,1140.0,Eletrônicos
2025-04-03 10:53:24,10158,90,Headset,Nordeste,2,Boleto,300,0.13,600,78.0,522.0,Periféticos
2025-06-01 07:14:42,10159,492,Cadeira,Sul,1,Pix,850,0.09,850,76.5,773.5,Móveis
2025-09-24 11:04:11,10160,199,Tablet,Sul,2,Cartão de crédito,1500,0.03,3000,90.0,2910.0,Eletrônicos
2025-08-24 20:58:15,10161,362,Tablet,Norte,4,Boleto,1500,0.06,6000,360.0,5640.0,Eletrônicos
2025-03-05 20:13:09,10162,441,Celular,Centro-Oeste,4,Cartão de débito,2200,0.14,8800,1232.0000000000002,7568.0,Eletrônicos
2025-08-07 17:41:46,10163,26,Teclado,Centro-Oeste,4,Cartão de crédito,250,0.14,1000,140.0,860.0,Periféricos
2025-11-22 21:31:14,10164,25,Headset,Sudeste,4,Cartão de débito,300,0.01,1200,12.0,1188.0,Periféticos
2025-06-22 05:48:48,10165,394,Notebook,Sul,1,Cartão de crédito,3500,0.04,3500,140.0,3360.0,Eletrônicos
2025-01-06 16:27:14,10166,507,Tablet,Sudeste,2,Pix,1500,0.02,3000,60.0,2940.0,Eletrônicos
2025-04-30 15:21:08,10167,301,Mesa,Nordeste,4,Boleto,1100,0.08,4400,352.0,4048.0,Móveis
2025-05-28 05:54:54,10168,339,Notebook,Norte,1,Boleto,3500,0.11,3500,385.0,3115.0,Eletrônicos
2025-04-25 16:41:49,10169,267,Monitor,Sudeste,2,Boleto,1200,0.04,2400,96.0,2304.0,Eletrônicos
2025-09-14 16:40:34,10170,461,Teclado,Sul,1,Cartão de débito,250,0.11,250,27.5,222.5,Periféricos
2025-05-28 18:22:56,10171,693,Teclado,Nordeste,4,Boleto,250,0.1,1000,100.0,900.0,Periféricos
2025-05-29 02:42:12,10172,456,Cadeira,Centro-Oeste,3,Cartão de crédito,850,0.11,2550,280.5,2269.5,Móveis
2025-11-24 13:49:13,10173,360,Tablet,Nordeste,1,Cartão de débito,1500,0.14,1500,210.00000000000003,1290.0,Eletrônicos
2025-03-22 00:42:30,10174,68,Celular,Sudeste,4,Pix,2200,0.06,8800,528.0,8272.0,Eletrônicos
2025-09-23 13:28:30,10175,863,Impressora,Sul,5,Cartão de débito,900,0.05,4500,225.0,4275.0,Eletrônicos
2025-10-29 15:47:25,10176,412,Impressora,Sudeste,2,Pix,900,0.1,1800,180.0,1620.0,Eletrônicos
2025-03-21 22:32:06,10177,971,Mouse,Centro-Oeste,4,Cartão de débito,120,0.12,480,57.599999999999994,422.4,Periféricos
2025-03-10 03:46:34,10178,491,Mesa,Centro-Oeste,5,Boleto,1100,0.03,5500,165.0,5335.0,Móveis
2025-12-20 07:58:00,10179,833,Notebook,Sul,1,Pix,3500,0.13,3500,455.0,3045.0,Eletrônicos
2025-10-09 15:49:34,10180,49,Monitor,Norte,1,Boleto,1200,0.01,1200,12.0,1188.0,Eletrônicos
2025-03-17 08:27:05,10181,687,Mouse,Nordeste,5,Cartão de débito,120,0.0,600,0.0,600.0,Periféricos
2025-04-09 12:10:17,10182,564,Teclado,Nordeste,5,Pix,250,0.02,1250,25.0,1225.0,Periféricos
2025-04-02 07:02:19,10183,102,Notebook,Centro-Oeste,2,Cartão de crédito,3500,0.15,7000,1050.0,5950.0,Eletrônicos
2025-11-11 14:42:20,10184,216,Headset,Sudeste,1,Cartão de crédito,300,0.08,300,24.0,276.0,Periféticos
2025-11-15 11:29:54,10185,438,Tablet,Sudeste,5,Cartão de débito,1500,0.01,7500,75.0,7425.0,Eletrônicos
2025-01-09 21:46:38,10186,700,Monitor,Norte,3,Pix,1200,0.15,3600,540.0,3060.0,Eletrônicos
2025-09-13 10:35:11,10187,569,Headset,Sudeste,3,Cartão de crédito,300,0.11,900,99.0,801.0,Periféticos
2025-06-28 20:28:22,10188,559,Celular,Nordeste,5,Boleto,2200,0.13,11000,1430.0,9570.0,Eletrônicos
2025-11-26 02:14:08,10189,159,Tablet,Sudeste,2,Boleto,1500,0.03,3000,90.0,2910.0,Eletrônicos
2025-04-03 06:16:19,10190,489,Notebook,Norte,1,Cartão de débito,3500,0.02,3500,70.0,3430.0,Eletrônicos
2025-02-08 13:17:48,10191,686,Tablet,Nordeste,3,Boleto,1500,0.08,4500,360.0,4140.0,Eletrônicos
2025-02-07 16:33:35,10192,242,Mouse,Sudeste,5,Boleto,120,0.12,600,72.0,528.0,Periféricos
2025-01-11 02:52:51,10193,794,Cadeira,Nordeste,5,Boleto,850,0.1,4250,425.0,3825.0,Móveis
2025-03-07 10:37:17,10194,753,Mouse,Centro-Oeste,4,Cartão de crédito,120,0.09,480,43.199999999999996,436.8,Periféricos
2025-11-21 01:24:52,10195,882,Celular,Centro-Oeste,5,Pix,2200,0.11,11000,1210.0,9790.0,Eletrônicos
2025-12-20 04:16:22,10196,5,Mesa,Centro-Oeste,2,Cartão de débito,1100,0.03,2200,66.0,2134.0,Móveis
2025-05-22 22:00:06,10197,596,Headset,Sudeste,3,Pix,300,0.1,900,90.0,810.0,Periféticos
2025-07-25 10:46:04,10198,820,Mouse,Norte,4,Pix,120,0.06,480,28.799999999999997,451.2,Periféricos
2025-02-08 16:53:34,10199,361,Cadeira,Nordeste,3,Pix,850,0.01,2550,25.5,2524.5,Móveis
2025-10-03 22:46:02,10200,459,Mesa,Sul,3,Cartão de crédito,1100,0.03,3300,99.0,3201.0,Móveis
2025-04-22 03:14:43,10201,248,Mouse,Centro-Oeste,2,Boleto,120,0.12,240,28.799999999999997,211.2,Periféricos
2025-09-24 03:03:40,10202,566,Teclado,Centro-Oeste,5,Cartão de débito,250,0.13,1250,162.5,1087.5,Periféricos
2025-11-28 10:31:59,10203,673,Cadeira,Sul,2,Pix,850,0.04,1700,68.0,1632.0,Móveis
2025-09-12 06:59:18,10204,946,Headset,Sul,5,Boleto,300,0.03,1500,45.0,1455.0,Periféticos
2025-02-04 05:57:14,10205,422,Monitor,Sudeste,4,Cartão de crédito,1200,0.0,4800,0.0,4800.0,Eletrônicos
2025-12-29 03:16:02,10206,923,Impressora,Nordeste,2,Pix,900,0.14,1800,252.00000000000003,1548.0,Eletrônicos
2025-09-05 02:58:29,10207,738,Mesa,Centro-Oeste,2,Boleto,1100,0.1,2200,220.0,1980.0,Móveis
2025-09-29 19:23:07,10208,15,Teclado,Norte,1,Cartão de crédito,250,0.14,250,35.0,215.0,Periféricos
2025-01-01 12:06:25,10209,736,Monitor,Sudeste,2,Boleto,1200,0.13,2400,312.0,2088.0,Eletrônicos
2025-12-23 06:01:13,10210,573,Notebook,Sudeste,1,Cartão de débito,3500,0.05,3500,175.0,3325.0,Eletrônicos
2025-06-20 15:35:08,10211,122,Cadeira,Norte,5,Boleto,850,0.02,4250,85.0,4165.0,Móveis
2025-11-23 15:43:57,10212,277,Teclado,Norte,5,Boleto,250,0.07,1250,87.50000000000001,1162.5,Periféricos
2025-01-30 09:24:08,10213,558,Tablet,Norte,5,Cartão de débito,1500,0.0,7500,0.0,7500.0,Eletrônicos
2025-07-15 10:46:12,10214,453,Notebook,Sul,1,Cartão de débito,3500,0.02,3500,70.0,3430.0,Eletrônicos
2025-08-01 09:59:33,10215,390,Notebook,Centro-Oeste,5,Boleto,3500,0.04,17500,700.0,16800.0,Eletrônicos
2025-06-19 11:46:35,10216,294,Mesa,Sul,3,Cartão de débito,1100,0.1,3300,330.0,2970.0,Móveis
2025-12-04 21:14:03,10217,574,Cadeira,Centro-Oeste,2,Boleto,850,0.08,1700,136.0,1564.0,Móveis
2025-12-09 03:12:43,10218,598,Teclado,Sul,1,Pix,250,0.05,250,12.5,237.5,Periféricos
2025-05-02 15:54:59,10219,446,Celular,Nordeste,5,Boleto,2200,0.08,11000,880.0,10120.0,Eletrônicos
2025-04-07 03:21:01,10220,210,Teclado,Centro-Oeste,3,Cartão de crédito,250,0.02,750,15.0,735.0,Periféricos
2025-01-24 06:03:41,10221,590,Mouse,Sudeste,2,Cartão de débito,120,0.11,240,26.4,213.6,Periféricos
2025-01-14 21:44:42,10222,714,Notebook,Centro-Oeste,2,Pix,3500,0.11,7000,770.0,6230.0,Eletrônicos
2025-07-20 10:59:11,10223,302,Headset,Centro-Oeste,5,Cartão de débito,300,0.03,1500,45.0,1455.0,Periféticos
2025-05-17 20:03:05,10224,909,Notebook,Centro-Oeste,3,Cartão de débito,3500,0.09,10500,945.0,9555.0,Eletrônicos
2025-09-01 14:28:06,10225,223,Notebook,Nordeste,1,Cartão de débito,3500,0.08,3500,280.0,3220.0,Eletrônicos
2025-09-29 17:33:15,10226,734,Impressora,Sul,5,Cartão de crédito,900,0.01,4500,45.0,4455.0,Eletrônicos
2025-08-24 09:28:56,10227,3,Tablet,Sudeste,2,Cartão de crédito,1500,0.04,3000,120.0,2880.0,Eletrônicos
2025-10-01 13:53:42,10228,990,Celular,Sul,2,Boleto,2200,0.15,4400,660.0,3740.0,Eletrônicos
2025-01-29 18:06:53,10229,518,Monitor,Sul,2,Cartão de crédito,1200,0.01,2400,24.0,2376.0,Eletrônicos
2025-02-03 15:36:00,10230,93,Monitor,Norte,5,Cartão de débito,1200,0.08,6000,480.0,5520.0,Eletrônicos
2025-11-20 11:26:56,10231,520,Tablet,Nordeste,4,Pix,1500,0.13,6000,780.0,5220.0,Eletrônicos
2025-03-10 05:39:04,10232,428,Notebook,Norte,4,Pix,3500,0.05,14000,700.0,13300.0,Eletrônicos
2025-12-18 05:01:14,10233,493,Monitor,Nordeste,4,Pix,1200,0.04,4800,192.0,4608.0,Eletrônicos
2025-09-18 02:58:05,10234,235,Cadeira,Sul,3,Cartão de débito,850,0.13,2550,331.5,2218.5,Móveis
2025-01-26 20:50:00,10235,620,Celular,Sul,5,Cartão de crédito,2200,0.05,11000,550.0,10450.0,Eletrônicos
2025-10-02 03:22:27,10236,161,Monitor,Nordeste,2,Pix,1200,0.1,2400,240.0,2160.0,Eletrônicos
2025-02-20 00:37:32,10237,721,Tablet,Sul,3,Cartão de débito,1500,0.11,4500,495.0,4005.0,Eletrônicos
2025-03-09 09:16:24,10238,752,Mouse,Sul,4,Cartão de débito,120,0.12,480,57.599999999999994,422.4,Periféricos
2025-01-05 15:51:30,10239,331,Monitor,Sudeste,1,Pix,1200,0.15,1200,180.0,1020.0,Eletrônicos
2025-12-12 14:12:54,10240,333,Celular,Norte,3,Pix,2200,0.12,6600,792.0,5808.0,Eletrônicos
2025-01-30 11:53:41,10241,50,Mesa,Norte,3,Boleto,1100,0.1,3300,330.0,2970.0,Móveis
2025-05-26 21:21:11,10242,523,Mesa,Norte,5,Boleto,1100,0.13,5500,715.0,4785.0,Móveis
2025-05-22 03:33:46,10243,863,Cadeira,Centro-Oeste,3,Cartão de débito,850,0.14,2550,357.00000000000006,2193.0,Móveis
2025-06-16 10:55:04,10244,668,Teclado,Sudeste,5,Boleto,250,0.15,1250,187.5,1062.5,Periféricos
2025-01-23 14:48:29,10245,492,Teclado,Norte,1,Boleto,250,0.12,250,30.0,220.0,Periféricos
2025-06-16 22:01:08,10246,582,Monitor,Norte,2,Pix,1200,0.03,2400,72.0,2328.0,Eletrônicos
2025-09-03 08:54:56,10247,681,Headset,Sudeste,2,Boleto,300,0.11,600,66.0,534.0,Periféticos
2025-05-14 02:49:22,10248,272,Mouse,Sul,4,Cartão de débito,120,0.01,480,4.8,475.2,Periféricos
2025-07-08 06:27:53,10249,580,Tablet,Norte,4,Pix,1500,0.05,6000,300.0,5700.0,Eletrônicos
2025-03-25 09:32:27,10250,867,Mouse,Sul,1,Boleto,120,0.02,120,2.4,117.6,Periféricos
2025-04-07 08:08:55,10251,252,Mesa,Norte,2,Boleto,1100,0.14,2200,308.00000000000006,1892.0,Móveis
2025-09-26 22:01:50,10252,560,Monitor,Nordeste,4,Boleto,1200,0.05,4800,240.0,4560.0,Eletrônicos
2025-07-30 04:51:06,10253,696,Celular,Centro-Oeste,3,Cartão de crédito,2200,0.11,6600,726.0,5874.0,Eletrônicos
2025-05-24 16:25:25,10254,832,Tablet,Norte,5,Boleto,1500,0.09,7500,675.0,6825.0,Eletrônicos
2025-01-01 16:58:07,10255,699,Mouse,Nordeste,4,Boleto,120,0.02,480,9.6,470.4,Periféricos
2025-06-07 08:44:15,10256,90,Celular,Sudeste,1,Cartão de débito,2200,0.08,2200,176.0,2024.0,Eletrônicos
2025-06-19 17:39:35,10257,446,Tablet,Nordeste,2,Boleto,1500,0.1,3000,300.0,2700.0,Eletrônicos
2025-09-26 08:52:03,10258,332,Mouse,Sudeste,1,Cartão de crédito,120,0.13,120,15.600000000000001,104.4,Periféricos
2025-07-31 11:56:32,10259,139,Cadeira,Norte,5,Pix,850,0.01,4250,42.5,4207.5,Móveis
2025-04-29 22:03:41,10260,357,Mesa,Sudeste,5,Boleto,1100,0.04,5500,220.0,5280.0,Móveis
2025-05-31 17:25:04,10261,601,Notebook,Nordeste,1,Boleto,3500,0.1,3500,350.0,3150.0,Eletrônicos
2025-07-14 15:16:09,10262,274,Tablet,Centro-Oeste,4,Cartão de débito,1500,0.01,6000,60.0,5940.0,Eletrônicos
2025-03-17 01:15:31,10263,19,Mesa,Sul,4,Boleto,1100,0.03,4400,132.0,4268.0,Móveis
2025-08-22 01:40:27,10264,983,Impressora,Sul,2,Boleto,900,0.03,1800,54.0,1746.0,Eletrônicos
2025-03-30 14:21:49,10265,311,Headset,Centro-Oeste,2,Boleto,300,0.1,600,60.0,540.0,Periféticos
2025-02-19 07:13:42,10266,870,Monitor,Sul,3,Boleto,1200,0.04,3600,144.0,3456.0,Eletrônicos
2025-09-09 14:00:33,10267,886,Impressora,Norte,3,Pix,900,0.09,2700,243.0,2457.0,Eletrônicos
2025-03-08 06:26:10,10268,978,Celular,Norte,2,Cartão de débito,2200,0.14,4400,616.0000000000001,3784.0,Eletrônicos
2025-07-19 00:08:16,10269,154,Tablet,Nordeste,3,Pix,1500,0.12,4500,540.0,3960.0,Eletrônicos
2025-06-28 11:37:20,10270,390,Monitor,Nordeste,1,Cartão de crédito,1200,0.05,1200,60.0,1140.0,Eletrônicos
2025-10-04 00:58:31,10271,260,Monitor,Sudeste,4,Boleto,1200,0.07,4800,336.00000000000006,4464.0,Eletrônicos
2025-10-08 05:08:32,10272,620,Impressora,Nordeste,3,Cartão de crédito,900,0.03,2700,81.0,2619.0,Eletrônicos
2025-02-27 11:10:50,10273,883,Impressora,Norte,3,Pix,900,0.0,2700,0.0,2700.0,Eletrônicos
2025-01-10 09:52:48,10274,797,Notebook,Nordeste,1,Cartão de crédito,3500,0.04,3500,140.0,3360.0,Eletrônicos
2025-01-03 14:34:41,10275,571,Mouse,Sul,5,Boleto,120,0.06,600,36.0,564.0,Periféricos
2025-05-14 04:11:45,10276,125,Tablet,Sudeste,2,Cartão de crédito,1500,0.08,3000,240.0,2760.0,Eletrônicos
2025-08-26 23:08:11,10277,354,Mesa,Sudeste,1,Pix,1100,0.14,1100,154.00000000000003,946.0,Móveis
2025-08-17 20:29:41,10278,273,Teclado,Norte,5,Boleto,250,0.14,1250,175.00000000000003,1075.0,Periféricos
2025-03-31 12:21:42,10279,619,Tablet,Nordeste,1,Cartão de débito,1500,0.01,1500,15.0,1485.0,Eletrônicos
2025-09-16 22:32:04,10280,811,Tablet,Sul,4,Pix,1500,0.09,6000,540.0,5460.0,Eletrônicos
2025-03-07 16:18:39,10281,245,Tablet,Nordeste,1,Boleto,1500,0.01,1500,15.0,1485.0,Eletrônicos
2025-04-11 05:02:24,10282,848,Monitor,Centro-Oeste,1,Cartão de débito,1200,0.1,1200,120.0,1080.0,Eletrônicos
2025-03-18 11:54:40,10283,450,Celular,Nordeste,4,Cartão de crédito,2200,0.02,8800,176.0,8624.0,Eletrônicos
2025-09-15 20:12:02,10284,930,Monitor,Norte,2,Cartão de crédito,1200,0.14,2400,336.00000000000006,2064.0,Eletrônicos
2025-02-20 14:28:13,10285,247,Celular,Nordeste,5,Cartão de crédito,2200,0.13,11000,1430.0,9570.0,Eletrônicos
2025-08-01 06:09:05,10286,520,Impressora,Sudeste,3,Boleto,900,0.0,2700,0.0,2700.0,Eletrônicos
2025-09-10 10:00:11,10287,141,Teclado,Sul,2,Cartão de crédito,250,0.12,500,60.0,440.0,Periféricos
2025-05-03 19:36:57,10288,362,Monitor,Norte,1,Cartão de crédito,1200,0.1,1200,120.0,1080.0,Eletrônicos
2025-03-05 09:40:47,10289,8,Celular,Centro-Oeste,3,Cartão de débito,2200,0.07,6600,462.00000000000006,6138.0,Eletrônicos
2025-10-27 03:51:33,10290,478,Monitor,Sul,4,Cartão de débito,1200,0.09,4800,432.0,4368.0,Eletrônicos
2025-12-03 00:04:06,10291,352,Headset,Sul,2,Cartão de débito,300,0.1,600,60.0,540.0,Periféticos
2025-01-13 22:50:43,10292,996,Monitor,Sudeste,5,Boleto,1200,0.13,6000,780.0,5220.0,Eletrônicos
2025-05-16 15:01:10,10293,495,Teclado,Sudeste,2,Pix,250,0.12,500,60.0,440.0,Periféricos
2025-07-09 06:03:54,10294,606,Teclado,Sudeste,2,Cartão de crédito,250,0.09,500,45.0,455.0,Periféricos
2025-05-03 15:11:51,10295,833,Celular,Norte,3,Cartão de crédito,2200,0.12,6600,792.0,5808.0,Eletrônicos
2025-06-12 04:22:18,10296,427,Celular,Nordeste,4,Boleto,2200,0.15,8800,1320.0,7480.0,Eletrônicos
2025-03-24 05:07:10,10297,39,Impressora,Sul,4,Cartão de crédito,900,0.05,3600,180.0,3420.0,Eletrônicos
2025-11-08 10:08:37,10298,593,Teclado,Nordeste,2,Boleto,250,0.02,500,10.0,490.0,Periféricos
2025-01-30 14:37:11,10299,187,Teclado,Nordeste,4,Boleto,250,0.11,1000,110.0,890.0,Periféricos
2025-03-19 01:58:28,10300,596,Notebook,Sudeste,3,Boleto,3500,0.15,10500,1575.0,8925.0,Eletrônicos
2025-12-30 04:11:31,10301,600,Tablet,Nordeste,3,Pix,1500,0.02,4500,90.0,4410.0,Eletrônicos
2025-12-08 01:03:29,10302,754,Cadeira,Sul,5,Boleto,850,0.06,4250,255.0,3995.0,Móveis
2025-02-05 15:39:49,10303,854,Monitor,Sul,4,Pix,1200,0.01,4800,48.0,4752.0,Eletrônicos
2025-01-20 05:38:29,10304,93,Mouse,Centro-Oeste,5,Pix,120,0.12,600,72.0,528.0,Periféricos
2025-08-13 22:09:14,10305,86,Impressora,Norte,1,Cartão de crédito,900,0.14,900,126.00000000000001,774.0,Eletrônicos
2025-07-15 10:54:54,10306,44,Tablet,Nordeste,3,Cartão de débito,1500,0.07,4500,315.00000000000006,4185.0,Eletrônicos
2025-08-05 08:27:27,10307,137,Cadeira,Norte,2,Pix,850,0.06,1700,102.0,1598.0,Móveis
2025-03-15 01:55:27,10308,421,Notebook,Norte,3,Pix,3500,0.14,10500,1470.0000000000002,9030.0,Eletrônicos
2025-12-23 19:05:04,10309,74,Mouse,Norte,1,Cartão de débito,120,0.02,120,2.4,117.6,Periféricos
2025-04-24 08:11:52,10310,548,Celular,Norte,2,Pix,2200,0.13,4400,572.0,3828.0,Eletrônicos
2025-01-24 05:49:47,10311,613,Teclado,Sul,4,Cartão de débito,250,0.06,1000,60.0,940.0,Periféricos
2025-01-20 04:51:06,10312,988,Headset,Nordeste,4,Cartão de crédito,300,0.08,1200,96.0,1104.0,Periféticos
2025-12-06 13:42:29,10313,512,Impressora,Centro-Oeste,3,Boleto,900,0.08,2700,216.0,2484.0,Eletrônicos
2025-01-25 20:53:35,10314,156,Mesa,Norte,2,Cartão de débito,1100,0.09,2200,198.0,2002.0,Móveis
2025-03-27 03:15:40,10315,938,Teclado,Centro-Oeste,2,Boleto,250,0.14,500,70.0,430.0,Periféricos
2025-12-04 20:18:10,10316,255,Headset,Sul,5,Cartão de débito,300,0.14,1500,210.00000000000003,1290.0,Periféticos
2025-09-04 08:04:35,10317,171,Cadeira,Sul,1,Boleto,850,0.12,850,102.0,748.0,Móveis
2025-10-08 16:25:31,10318,981,Celular,Sudeste,4,Cartão de crédito,2200,0.03,8800,264.0,8536.0,Eletrônicos
2025-10-10 19:40:42,10319,728,Mouse,Norte,3,Pix,120,0.05,360,18.0,342.0,Periféricos
2025-03-16 02:53:23,10320,170,Cadeira,Sudeste,2,Cartão de crédito,850,0.07,1700,119.00000000000001,1581.0,Móveis
2025-02-17 20:41:54,10321,764,Teclado,Centro-Oeste,4,Pix,250,0.14,1000,140.0,860.0,Periféricos
2025-01-11 12:58:01,10322,872,Teclado,Nordeste,3,Boleto,250,0.08,750,60.0,690.0,Periféricos
2025-08-01 18:53:54,10323,322,Mouse,Sudeste,4,Boleto,120,0.15,480,72.0,408.0,Periféricos
2025-08-28 06:47:26,10324,567,Mesa,Sul,3,Pix,1100,0.15,3300,495.0,2805.0,Móveis
2025-09-02 09:00:03,10325,456,Headset,Norte,4,Cartão de débito,300,0.09,1200,108.0,1092.0,Periféticos
2025-08-15 01:43:59,10326,944,Cadeira,Centro-Oeste,5,Cartão de crédito,850,0.13,4250,552.5,3697.5,Móveis
2025-05-01 14:59:18,10327,603,Celular,Sul,1,Cartão de débito,2200,0.15,2200,330.0,1870.0,Eletrônicos
2025-05-04 20:23:15,10328,790,Teclado,Nordeste,4,Boleto,250,0.13,1000,130.0,870.0,Periféricos
2025-05-31 06:53:28,10329,613,Cadeira,Norte,1,Cartão de crédito,850,0.1,850,85.0,765.0,Móveis
2025-06-20 21:22:40,10330,155,Mesa,Nordeste,4,Cartão de crédito,1100,0.13,4400,572.0,3828.0,Móveis
2025-12-12 08:07:03,10331,889,Cadeira,Nordeste,2,Cartão de débito,850,0.01,1700,17.0,1683.0,Móveis
2025-07-15 00:08:31,10332,349,Mouse,Norte,5,Pix,120,0.1,600,60.0,540.0,Periféricos
2025-04-16 16:49:42,10333,451,Celular,Norte,5,Pix,2200,0.03,11000,330.0,10670.0,Eletrônicos
2025-12-17 02:00:49,10334,876,Notebook,Nordeste,1,Cartão de crédito,3500,0.02,3500,70.0,3430.0,Eletrônicos
2025-03-30 02:48:07,10335,653,Mouse,Centro-Oeste,2,Pix,120,0.13,240,31.200000000000003,208.8,Periféricos
2025-08-23 01:23:12,10336,173,Cadeira,Norte,3,Boleto,850,0.1,2550,255.0,2295.0,Móveis
2025-07-09 15:36:42,10337,10,Notebook,Sul,5,Cartão de débito,3500,0.04,17500,700.0,16800.0,Eletrônicos
2025-09-12 22:57:31,10338,740,Teclado,Sudeste,2,Cartão de débito,250,0.06,500,30.0,470.0,Periféricos
2025-02-11 19:30:00,10339,265,Notebook,Centro-Oeste,2,Cartão de débito,3500,0.15,7000,1050.0,5950.0,Eletrônicos
2025-07-23 17:43:52,10340,438,Mesa,Norte,1,Cartão de crédito,1100,0.13,1100,143.0,957.0,Móveis
2025-10-23 14:35:29,10341,760,Monitor,Norte,2,Cartão de crédito,1200,0.0,2400,0.0,2400.0,Eletrônicos
2025-05-21 02:44:38,10342,247,Mesa,Centro-Oeste,2,Pix,1100,0.15,2200,330.0,1870.0,Móveis
2025-04-29 13:58:54,10343,667,Mouse,Sudeste,3,Cartão de débito,120,0.06,360,21.599999999999998,338.4,Periféricos
2025-04-27 06:57:33,10344,546,Monitor,Nordeste,1,Boleto,1200,0.1,1200,120.0,1080.0,Eletrônicos
2025-01-24 10:59:53,10345,499,Mouse,Sul,1,Boleto,120,0.11,120,13.2,106.8,Periféricos
2025-01-07 10:03:14,10346,129,Impressora,Norte,2,Cartão de débito,900,0.14,1800,252.00000000000003,1548.0,Eletrônicos
2025-04-09 19:12:06,10347,672,Celular,Sudeste,3,Cartão de crédito,2200,0.13,6600,858.0,5742.0,Eletrônicos
2025-07-05 14:53:47,10348,601,Tablet,Sul,4,Cartão de crédito,1500,0.04,6000,240.0,5760.0,Eletrônicos
2025-06-03 02:29:35,10349,605,Teclado,Centro-Oeste,5,Cartão de crédito,250,0.1,1250,125.0,1125.0,Periféricos
2025-08-23 17:48:09,10350,327,Teclado,Norte,1,Boleto,250,0.06,250,15.0,235.0,Periféricos
2025-10-06 16:01:51,10351,753,Impressora,Nordeste,3,Cartão de débito,900,0.08,2700,216.0,2484.0,Eletrônicos
2025-01-26 12:24:24,10352,835,Cadeira,Centro-Oeste,3,Boleto,850,0.08,2550,204.0,2346.0,Móveis
2025-02-20 06:02:27,10353,980,Headset,Norte,2,Cartão de débito,300,0.06,600,36.0,564.0,Periféticos
2025-11-05 20:29:47,10354,404,Mouse,Sudeste,5,Boleto,120,0.07,600,42.00000000000001,558.0,Periféricos
2025-05-30 23:02:08,10355,629,Tablet,Sul,1,Boleto,1500,0.03,1500,45.0,1455.0,Eletrônicos
2025-07-22 03:09:52,10356,606,Tablet,Sul,4,Pix,1500,0.09,6000,540.0,5460.0,Eletrônicos
2025-12-23 04:29:35,10357,675,Mesa,Norte,2,Boleto,1100,0.11,2200,242.0,1958.0,Móveis
2025-08-11 19:03:25,10358,611,Mesa,Centro-Oeste,1,Cartão de débito,1100,0.06,1100,66.0,1034.0,Móveis
2025-11-24 15:04:43,10359,625,Headset,Nordeste,1,Boleto,300,0.15,300,45.0,255.0,Periféticos
2025-06-29 06:03:48,10360,359,Cadeira,Sudeste,3,Pix,850,0.01,2550,25.5,2524.5,Móveis
2025-04-09 10:53:24,10361,603,Impressora,Norte,5,Pix,900,0.09,4500,405.0,4095.0,Eletrônicos
2025-01-15 08:44:42,10362,858,Notebook,Sudeste,4,Cartão de débito,3500,0.09,14000,1260.0,12740.0,Eletrônicos
2025-03-02 00:08:22,10363,718,Mesa,Sul,5,Pix,1100,0.01,5500,55.0,5445.0,Móveis
2025-06-03 17:14:48,10364,17,Cadeira,Nordeste,3,Pix,850,0.03,2550,76.5,2473.5,Móveis
2025-09-28 02:50:16,10365,274,Celular,Sudeste,4,Cartão de crédito,2200,0.14,8800,1232.0000000000002,7568.0,Eletrônicos
2025-09-29 09:31:14,10366,685,Teclado,Norte,4,Cartão de débito,250,0.08,1000,80.0,920.0,Periféricos
2025-09-08 19:18:42,10367,116,Teclado,Nordeste,2,Pix,250,0.07,500,35.0,465.0,Periféricos
2025-12-25 04:42:23,10368,861,Cadeira,Centro-Oeste,4,Pix,850,0.06,3400,204.0,3196.0,Móveis
2025-05-25 17:07:27,10369,980,Headset,Norte,1,Pix,300,0.13,300,39.0,261.0,Periféticos
2025-11-19 09:12:34,10370,693,Impressora,Sudeste,5,Cartão de débito,900,0.06,4500,270.0,4230.0,Eletrônicos
2025-08-25 17:02:11,10371,91,Tablet,Nordeste,5,Cartão de crédito,1500,0.13,7500,975.0,6525.0,Eletrônicos
2025-08-01 10:59:35,10372,82,Headset,Norte,2,Boleto,300,0.05,600,30.0,570.0,Periféticos
2025-10-29 18:32:21,10373,324,Cadeira,Nordeste,4,Cartão de crédito,850,0.08,3400,272.0,3128.0,Móveis
2025-11-17 00:53:11,10374,961,Impressora,Nordeste,3,Cartão de débito,900,0.02,2700,54.0,2646.0,Eletrônicos
2025-09-04 10:38:24,10375,114,Impressora,Nordeste,1,Cartão de débito,900,0.12,900,108.0,792.0,Eletrônicos
2025-03-11 22:11:35,10376,769,Mouse,Sudeste,2,Cartão de débito,120,0.11,240,26.4,213.6,Periféricos
2025-12-23 20:13:39,10377,58,Monitor,Norte,4,Boleto,1200,0.08,4800,384.0,4416.0,Eletrônicos
2025-10-27 00:07:38,10378,154,Teclado,Sul,3,Cartão de débito,250,0.0,750,0.0,750.0,Periféricos
2025-10-23 15:38:24,10379,877,Cadeira,Sul,4,Cartão de crédito,850,0.07,3400,238.00000000000003,3162.0,Móveis
2025-09-25 09:03:03,10380,404,Tablet,Sudeste,2,Pix,1500,0.03,3000,90.0,2910.0,Eletrônicos
2025-07-23 08:19:47,10381,628,Monitor,Sudeste,3,Pix,1200,0.06,3600,216.0,3384.0,Eletrônicos
2025-01-06 19:12:37,10382,855,Celular,Nordeste,3,Cartão de débito,2200,0.13,6600,858.0,5742.0,Eletrônicos
2025-09-02 20:39:03,10383,266,Mesa,Norte,3,Cartão de débito,1100,0.12,3300,396.0,2904.0,Móveis
2025-08-30 22:01:55,10384,315,Mouse,Norte,3,Boleto,120,0.04,360,14.4,345.6,Periféricos
2025-05-08 08:08:29,10385,715,Mesa,Centro-Oeste,4,Pix,1100,0.15,4400,660.0,3740.0,Móveis
2025-03-10 19:49:54,10386,41,Monitor,Centro-Oeste,3,Boleto,1200,0.14,3600,504.00000000000006,3096.0,Eletrônicos
2025-09-11 06:53:35,10387,105,Monitor,Sul,4,Boleto,1200,0.08,4800,384.0,4416.0,Eletrônicos
2025-05-11 21:49:12,10388,901,Mesa,Centro-Oeste,3,Boleto,1100,0.08,3300,264.0,3036.0,Móveis
2025-12-27 11:41:22,10389,890,Tablet,Centro-Oeste,3,Boleto,1500,0.14,4500,630.0000000000001,3870.0,Eletrônicos
2025-09-02 06:26:32,10390,193,Tablet,Sul,2,Cartão de crédito,1500,0.1,3000,300.0,2700.0,Eletrônicos
2025-09-09 14:42:36,10391,401,Notebook,Sul,4,Cartão de débito,3500,0.08,14000,1120.0,12880.0,Eletrônicos
2025-05-13 18:36:01,10392,278,Celular,Centro-Oeste,4,Cartão de débito,2200,0.11,8800,968.0,7832.0,Eletrônicos
2025-08-15 13:58:23,10393,354,Tablet,Norte,5,Boleto,1500,0.04,7500,300.0,7200.0,Eletrônicos
2025-02-03 14:55:41,10394,749,Celular,Centro-Oeste,2,Boleto,2200,0.13,4400,572.0,3828.0,Eletrônicos
2025-04-03 09:37:21,10395,937,Celular,Nordeste,4,Cartão de crédito,2200,0.08,8800,704.0,8096.0,Eletrônicos
2025-03-03 13:53:05,10396,733,Monitor,Nordeste,2,Boleto,1200,0.09,2400,216.0,2184.0,Eletrônicos
2025-08-07 11:40:37,10397,580,Celular,Nordeste,2,Cartão de crédito,2200,0.01,4400,44.0,4356.0,Eletrônicos
2025-06-04 16:19:46,10398,709,Mouse,Sudeste,2,Cartão de crédito,120,0.05,240,12.0,228.0,Periféricos
2025-06-25 04:00:15,10399,256,Mesa,Nordeste,1,Boleto,1100,0.06,1100,66.0,1034.0,Móveis
2025-04-23 20:10:36,10400,651,Notebook,Norte,4,Cartão de débito,3500,0.06,14000,840.0,13160.0,Eletrônicos
2025-10-02 08:47:36,10401,824,Cadeira,Sudeste,2,Cartão de crédito,850,0.12,1700,204.0,1496.0,Móveis
2025-07-21 08:08:03,10402,947,Headset,Sudeste,1,Cartão de débito,300,0.04,300,12.0,288.0,Periféticos
2025-03-03 17:25:52,10403,661,Notebook,Nordeste,1,Cartão de débito,3500,0.03,3500,105.0,3395.0,Eletrônicos
2025-05-02 19:23:47,10404,99,Mouse,Centro-Oeste,3,Cartão de crédito,120,0.09,360,32.4,327.6,Periféricos
2025-05-23 20:54:56,10405,588,Notebook,Sul,3,Pix,3500,0.09,10500,945.0,9555.0,Eletrônicos
2025-03-26 19:35:41,10406,282,Celular,Centro-Oeste,4,Cartão de crédito,2200,0.02,8800,176.0,8624.0,Eletrônicos
2025-09-10 21:16:04,10407,883,Monitor,Centro-Oeste,3,Pix,1200,0.0,3600,0.0,3600.0,Eletrônicos
2025-12-12 08:56:15,10408,403,Headset,Sudeste,4,Cartão de crédito,300,0.14,1200,168.00000000000003,1032.0,Periféticos
2025-08-02 22:45:39,10409,109,Tablet,Sudeste,1,Cartão de crédito,1500,0.01,1500,15.0,1485.0,Eletrônicos
2025-12-19 15:12:55,10410,700,Monitor,Sudeste,1,Cartão de débito,1200,0.13,1200,156.0,1044.0,Eletrônicos
2025-03-01 10:10:07,10411,199,Celular,Norte,4,Cartão de débito,2200,0.06,8800,528.0,8272.0,Eletrônicos
2025-04-09 13:49:59,10412,303,Celular,Norte,3,Boleto,2200,0.1,6600,660.0,5940.0,Eletrônicos
2025-09-30 02:01:42,10413,327,Headset,Sul,3,Cartão de débito,300,0.03,900,27.0,873.0,Periféticos
2025-04-19 20:40:34,10414,154,Headset,Sudeste,4,Cartão de débito,300,0.12,1200,144.0,1056.0,Periféticos
2025-03-09 17:59:44,10415,552,Teclado,Nordeste,5,Cartão de débito,250,0.03,1250,37.5,1212.5,Periféricos
2025-06-17 16:29:51,10416,645,Impressora,Sudeste,3,Cartão de débito,900,0.06,2700,162.0,2538.0,Eletrônicos
2025-10-16 17:55:44,10417,405,Impressora,Norte,2,Boleto,900,0.04,1800,72.0,1728.0,Eletrônicos
2025-06-22 21:05:51,10418,462,Monitor,Sudeste,3,Cartão de débito,1200,0.13,3600,468.0,3132.0,Eletrônicos
2025-02-19 18:55:54,10419,132,Tablet,Norte,5,Pix,1500,0.13,7500,975.0,6525.0,Eletrônicos
2025-01-27 06:17:22,10420,791,Notebook,Sudeste,1,Pix,3500,0.06,3500,210.0,3290.0,Eletrônicos
2025-06-24 23:40:05,10421,874,Celular,Nordeste,1,Boleto,2200,0.05,2200,110.0,2090.0,Eletrônicos
2025-01-23 22:58:29,10422,84,Celular,Sul,1,Cartão de débito,2200,0.12,2200,264.0,1936.0,Eletrônicos
2025-03-31 14:02:21,10423,399,Teclado,Nordeste,3,Pix,250,0.13,750,97.5,652.5,Periféricos
2025-07-15 12:39:57,10424,754,Monitor,Norte,1,Cartão de crédito,1200,0.09,1200,108.0,1092.0,Eletrônicos
2025-07-31 19:01:57,10425,628,Monitor,Centro-Oeste,5,Pix,1200,0.14,6000,840.0000000000001,5160.0,Eletrônicos
2025-04-26 20:13:25,10426,109,Mesa,Nordeste,5,Cartão de débito,1100,0.06,5500,330.0,5170.0,Móveis
2025-05-03 22:04:28,10427,221,Headset,Sudeste,3,Pix,300,0.02,900,18.0,882.0,Periféticos
2025-04-28 16:07:14,10428,904,Tablet,Sul,2,Cartão de crédito,1500,0.03,3000,90.0,2910.0,Eletrônicos
2025-03-12 15:58:45,10429,553,Headset,Sudeste,3,Pix,300,0.1,900,90.0,810.0,Periféticos
2025-11-02 03:40:10,10430,368,Tablet,Sudeste,1,Cartão de débito,1500,0.06,1500,90.0,1410.0,Eletrônicos
2025-08-22 23:30:34,10431,147,Mouse,Nordeste,3,Cartão de crédito,120,0.02,360,7.2,352.8,Periféricos
2025-10-13 18:35:13,10432,112,Cadeira,Sul,5,Boleto,850,0.04,4250,170.0,4080.0,Móveis
2025-11-11 14:05:08,10433,615,Impressora,Centro-Oeste,3,Cartão de crédito,900,0.08,2700,216.0,2484.0,Eletrônicos
2025-05-12 02:10:37,10434,558,Impressora,Sudeste,3,Pix,900,0.02,2700,54.0,2646.0,Eletrônicos
2025-08-11 14:53:20,10435,924,Tablet,Sul,2,Boleto,1500,0.0,3000,0.0,3000.0,Eletrônicos
2025-11-24 15:49:47,10436,494,Impressora,Centro-Oeste,5,Cartão de crédito,900,0.14,4500,630.0000000000001,3870.0,Eletrônicos
2025-08-30 16:03:58,10437,505,Headset,Sudeste,4,Cartão de crédito,300,0.05,1200,60.0,1140.0,Periféticos
2025-01-17 09:56:15,10438,475,Celular,Sul,4,Cartão de crédito,2200,0.03,8800,264.0,8536.0,Eletrônicos
2025-08-27 05:45:04,10439,836,Headset,Nordeste,5,Cartão de débito,300,0.1,1500,150.0,1350.0,Periféticos
2025-06-30 02:07:55,10440,890,Tablet,Sudeste,4,Boleto,1500,0.13,6000,780.0,5220.0,Eletrônicos
2025-07-04 00:47:56,10441,271,Monitor,Sudeste,1,Boleto,1200,0.09,1200,108.0,1092.0,Eletrônicos
2025-12-15 06:20:31,10442,995,Headset,Sul,4,Cartão de crédito,300,0.04,1200,48.0,1152.0,Periféticos
2025-12-31 14:49:54,10443,421,Impressora,Sudeste,1,Boleto,900,0.13,900,117.0,783.0,Eletrônicos
2025-03-26 02:16:35,10444,897,Teclado,Centro-Oeste,5,Pix,250,0.08,1250,100.0,1150.0,Periféricos
2025-02-13 16:02:42,10445,707,Mesa,Sudeste,4,Pix,1100,0.06,4400,264.0,4136.0,Móveis
2025-05-26 14:27:11,10446,367,Celular,Norte,4,Cartão de crédito,2200,0.09,8800,792.0,8008.0,Eletrônicos
2025-08-29 23:03:12,10447,280,Impressora,Centro-Oeste,1,Pix,900,0.11,900,99.0,801.0,Eletrônicos
2025-08-14 17:57:19,10448,283,Teclado,Sul,1,Cartão de crédito,250,0.09,250,22.5,227.5,Periféricos
2025-09-18 06:24:16,10449,40,Tablet,Centro-Oeste,3,Pix,1500,0.14,4500,630.0000000000001,3870.0,Eletrônicos
2025-04-28 11:10:35,10450,959,Mouse,Norte,2,Cartão de crédito,120,0.09,240,21.599999999999998,218.4,Periféricos
2025-05-28 01:43:55,10451,189,Teclado,Norte,4,Cartão de crédito,250,0.13,1000,130.0,870.0,Periféricos
2025-03-01 09:06:37,10452,164,Cadeira,Sudeste,2,Boleto,850,0.09,1700,153.0,1547.0,Móveis
2025-02-09 22:42:36,10453,994,Mouse,Sudeste,2,Boleto,120,0.05,240,12.0,228.0,Periféricos
2025-11-01 08:49:49,10454,989,Notebook,Nordeste,4,Cartão de crédito,3500,0.08,14000,1120.0,12880.0,Eletrônicos
2025-02-09 20:41:24,10455,536,Celular,Centro-Oeste,1,Boleto,2200,0.01,2200,22.0,2178.0,Eletrônicos
2025-02-03 21:05:09,10456,536,Impressora,Nordeste,3,Boleto,900,0.03,2700,81.0,2619.0,Eletrônicos
2025-05-28 16:46:26,10457,4,Notebook,Norte,5,Cartão de débito,3500,0.11,17500,1925.0,15575.0,Eletrônicos
2025-10-02 23:04:27,10458,835,Headset,Sudeste,4,Pix,300,0.1,1200,120.0,1080.0,Periféticos
2025-11-17 07:28:23,10459,290,Tablet,Sudeste,4,Boleto,1500,0.02,6000,120.0,5880.0,Eletrônicos
2025-05-11 12:06:52,10460,953,Celular,Sudeste,5,Cartão de crédito,2200,0.07,11000,770.0000000000001,10230.0,Eletrônicos
2025-11-10 15:06:24,10461,433,Monitor,Sul,2,Cartão de débito,1200,0.02,2400,48.0,2352.0,Eletrônicos
2025-10-20 18:59:57,10462,471,Mouse,Norte,3,Cartão de débito,120,0.13,360,46.800000000000004,313.2,Periféricos
2025-10-12 05:01:40,10463,181,Monitor,Sudeste,2,Boleto,1200,0.02,2400,48.0,2352.0,Eletrônicos
2025-04-09 10:11:42,10464,248,Notebook,Norte,5,Cartão de crédito,3500,0.1,17500,1750.0,15750.0,Eletrônicos
2025-05-14 08:18:42,10465,628,Teclado,Sudeste,5,Cartão de crédito,250,0.09,1250,112.5,1137.5,Periféricos
2025-07-07 08:41:31,10466,279,Teclado,Centro-Oeste,3,Cartão de crédito,250,0.07,750,52.50000000000001,697.5,Periféricos
2025-03-13 22:17:04,10467,877,Tablet,Norte,5,Cartão de crédito,1500,0.04,7500,300.0,7200.0,Eletrônicos
2025-09-08 05:30:27,10468,581,Notebook,Nordeste,5,Cartão de crédito,3500,0.06,17500,1050.0,16450.0,Eletrônicos
2025-09-25 18:13:18,10469,863,Mesa,Sul,3,Pix,1100,0.12,3300,396.0,2904.0,Móveis
2025-02-20 04:24:28,10470,254,Celular,Nordeste,4,Cartão de crédito,2200,0.11,8800,968.0,7832.0,Eletrônicos
2025-04-24 14:23:16,10471,181,Mouse,Norte,2,Cartão de crédito,120,0.11,240,26.4,213.6,Periféricos
2025-06-19 13:31:11,10472,830,Teclado,Sudeste,4,Pix,250,0.11,1000,110.0,890.0,Periféricos
2025-05-22 16:00:32,10473,681,Teclado,Norte,4,Boleto,250,0.02,1000,20.0,980.0,Periféricos
2025-08-08 19:39:43,10474,825,Monitor,Sul,2,Cartão de débito,1200,0.01,2400,24.0,2376.0,Eletrônicos
2025-02-14 23:33:22,10475,509,Monitor,Norte,4,Pix,1200,0.13,4800,624.0,4176.0,Eletrônicos
2025-09-27 22:32:31,10476,761,Impressora,Sudeste,3,Cartão de débito,900,0.13,2700,351.0,2349.0,Eletrônicos
2025-10-01 09:00:01,10477,700,Headset,Nordeste,2,Cartão de débito,300,0.1,600,60.0,540.0,Periféticos
2025-04-16 01:49:12,10478,566,Mesa,Centro-Oeste,1,Pix,1100,0.09,1100,99.0,1001.0,Móveis
2025-07-22 03:28:41,10479,326,Monitor,Nordeste,4,Cartão de crédito,1200,0.06,4800,288.0,4512.0,Eletrônicos
2025-11-18 11:45:34,10480,357,Monitor,Sudeste,5,Cartão de débito,1200,0.03,6000,180.0,5820.0,Eletrônicos
2025-01-24 00:32:53,10481,825,Celular,Sudeste,2,Cartão de crédito,2200,0.1,4400,440.0,3960.0,Eletrônicos
2025-02-05 15:46:01,10482,650,Impressora,Sul,1,Boleto,900,0.14,900,126.00000000000001,774.0,Eletrônicos
2025-01-17 08:54:26,10483,680,Monitor,Norte,5,Pix,1200,0.07,6000,420.00000000000006,5580.0,Eletrônicos
2025-01-06 03:38:21,10484,391,Mouse,Norte,1,Cartão de débito,120,0.05,120,6.0,114.0,Periféricos
2025-06-20 07:58:15,10485,615,Celular,Nordeste,4,Cartão de crédito,2200,0.04,8800,352.0,8448.0,Eletrônicos
2025-10-16 00:10:25,10486,934,Headset,Centro-Oeste,5,Cartão de débito,300,0.0,1500,0.0,1500.0,Periféticos
2025-10-07 23:30:39,10487,85,Notebook,Centro-Oeste,4,Boleto,3500,0.08,14000,1120.0,12880.0,Eletrônicos
2025-12-18 23:58:38,10488,317,Celular,Sul,5,Boleto,2200,0.15,11000,1650.0,9350.0,Eletrônicos
2025-10-10 07:08:05,10489,212,Notebook,Sudeste,2,Cartão de débito,3500,0.12,7000,840.0,6160.0,Eletrônicos
2025-12-19 03:52:54,10490,515,Teclado,Sul,3,Pix,250,0.13,750,97.5,652.5,Periféricos
2025-12-28 11:15:13,10491,384,Impressora,Norte,3,Boleto,900,0.09,2700,243.0,2457.0,Eletrônicos
2025-07-26 23:25:50,10492,691,Headset,Sudeste,1,Cartão de crédito,300,0.07,300,21.000000000000004,279.0,Periféticos
2025-05-15 10:46:50,10493,342,Impressora,Sul,5,Boleto,900,0.15,4500,675.0,3825.0,Eletrônicos
2025-11-06 14:23:37,10494,815,Headset,Nordeste,4,Cartão de crédito,300,0.07,1200,84.00000000000001,1116.0,Periféticos
2025-04-28 23:10:57,10495,964,Impressora,Norte,2,Cartão de débito,900,0.14,1800,252.00000000000003,1548.0,Eletrônicos
2025-04-22 06:21:13,10496,988,Celular,Centro-Oeste,2,Cartão de crédito,2200,0.11,4400,484.0,3916.0,Eletrônicos
2025-11-14 19:52:48,10497,844,Impressora,Sul,2,Cartão de débito,900,0.05,1800,90.0,1710.0,Eletrônicos
2025-09-02 13:32:23,10498,38,Cadeira,Norte,3,Boleto,850,0.08,2550,204.0,2346.0,Móveis
2025-03-26 16:02:40,10499,511,Headset,Norte,4,Pix,300,0.06,1200,72.0,1128.0,Periféticos
2025-07-09 08:06:32,10500,420,Notebook,Centro-Oeste,2,Boleto,3500,0.02,7000,140.0,6860.0,Eletrônicos
2025-12-23 12:01:46,10501,751,Headset,Centro-Oeste,2,Boleto,300,0.05,600,30.0,570.0,Periféticos
2025-10-15 14:57:57,10502,169,Teclado,Centro-Oeste,1,Boleto,250,0.13,250,32.5,217.5,Periféricos
2025-01-06 18:34:23,10503,965,Mouse,Sul,5,Boleto,120,0.11,600,66.0,534.0,Periféricos
2025-10-23 12:37:58,10504,909,Cadeira,Centro-Oeste,5,Pix,850,0.04,4250,170.0,4080.0,Móveis
2025-08-14 03:43:24,10505,343,Tablet,Nordeste,5,Boleto,1500,0.06,7500,450.0,7050.0,Eletrônicos
2025-08-21 07:53:26,10506,826,Headset,Norte,1,Cartão de crédito,300,0.09,300,27.0,273.0,Periféticos
2025-10-12 06:15:53,10507,306,Monitor,Centro-Oeste,3,Pix,1200,0.06,3600,216.0,3384.0,Eletrônicos
2025-09-27 17:20:34,10508,542,Celular,Norte,1,Pix,2200,0.08,2200,176.0,2024.0,Eletrônicos
2025-11-05 13:10:09,10509,702,Celular,Sudeste,2,Cartão de crédito,2200,0.1,4400,440.0,3960.0,Eletrônicos
2025-04-17 07:34:47,10510,869,Impressora,Sudeste,4,Cartão de débito,900,0.07,3600,252.00000000000003,3348.0,Eletrônicos
2025-12-14 12:03:24,10511,537,Impressora,Centro-Oeste,2,Boleto,900,0.03,1800,54.0,1746.0,Eletrônicos
2025-06-22 10:53:47,10512,112,Celular,Norte,2,Pix,2200,0.08,4400,352.0,4048.0,Eletrônicos
2025-06-25 11:20:25,10513,411,Mesa,Sudeste,4,Boleto,1100,0.05,4400,220.0,4180.0,Móveis
2025-09-15 17:46:46,10514,947,Cadeira,Centro-Oeste,5,Boleto,850,0.04,4250,170.0,4080.0,Móveis
2025-03-17 09:00:40,10515,206,Cadeira,Norte,1,Cartão de crédito,850,0.05,850,42.5,807.5,Móveis
2025-05-24 21:09:55,10516,185,Notebook,Centro-Oeste,3,Cartão de crédito,3500,0.07,10500,735.0000000000001,9765.0,Eletrônicos
2025-03-12 14:20:28,10517,382,Headset,Norte,2,Cartão de crédito,300,0.13,600,78.0,522.0,Periféticos
2025-12-03 17:38:27,10518,496,Tablet,Sudeste,2,Boleto,1500,0.11,3000,330.0,2670.0,Eletrônicos
2025-03-17 21:06:08,10519,379,Celular,Centro-Oeste,3,Pix,2200,0.1,6600,660.0,5940.0,Eletrônicos
2025-02-01 05:43:35,10520,47,Headset,Sudeste,1,Pix,300,0.07,300,21.000000000000004,279.0,Periféticos
2025-11-27 18:59:11,10521,886,Cadeira,Centro-Oeste,2,Cartão de débito,850,0.0,1700,0.0,1700.0,Móveis
2025-11-03 03:45:49,10522,740,Teclado,Sul,3,Boleto,250,0.05,750,37.5,712.5,Periféricos
2025-12-01 13:24:31,10523,551,Celular,Sudeste,2,Cartão de débito,2200,0.12,4400,528.0,3872.0,Eletrônicos
2025-07-13 13:09:33,10524,528,Headset,Sudeste,5,Cartão de débito,300,0.06,1500,90.0,1410.0,Periféticos
2025-12-24 13:23:23,10525,504,Cadeira,Nordeste,5,Cartão de débito,850,0.08,4250,340.0,3910.0,Móveis
2025-07-09 03:07:30,10526,22,Mouse,Sudeste,2,Cartão de débito,120,0.03,240,7.199999999999999,232.8,Periféricos
2025-04-13 06:53:10,10527,213,Cadeira,Norte,2,Cartão de débito,850,0.14,1700,238.00000000000003,1462.0,Móveis
2025-07-27 18:03:58,10528,310,Impressora,Centro-Oeste,5,Boleto,900,0.14,4500,630.0000000000001,3870.0,Eletrônicos
2025-01-29 23:29:31,10529,661,Monitor,Sul,2,Cartão de crédito,1200,0.02,2400,48.0,2352.0,Eletrônicos
2025-02-06 18:43:45,10530,968,Mesa,Norte,1,Cartão de débito,1100,0.11,1100,121.0,979.0,Móveis
2025-01-12 12:42:41,10531,753,Mesa,Norte,1,Pix,1100,0.01,1100,11.0,1089.0,Móveis
2025-02-18 10:10:39,10532,272,Impressora,Norte,4,Boleto,900,0.09,3600,324.0,3276.0,Eletrônicos
2025-01-08 17:05:26,10533,571,Impressora,Norte,1,Cartão de débito,900,0.03,900,27.0,873.0,Eletrônicos
2025-01-08 12:19:10,10534,799,Celular,Sul,2,Pix,2200,0.02,4400,88.0,4312.0,Eletrônicos
2025-08-22 06:06:13,10535,938,Mouse,Nordeste,2,Cartão de débito,120,0.0,240,0.0,240.0,Periféricos
2025-01-02 09:00:34,10536,202,Mouse,Sudeste,3,Cartão de crédito,120,0.14,360,50.400000000000006,309.6,Periféricos
2025-08-20 16:13:12,10537,32,Celular,Norte,1,Boleto,2200,0.12,2200,264.0,1936.0,Eletrônicos
2025-11-25 07:01:13,10538,443,Headset,Sudeste,5,Cartão de crédito,300,0.01,1500,15.0,1485.0,Periféticos
2025-06-28 01:39:10,10539,162,Celular,Sudeste,5,Pix,2200,0.09,11000,990.0,10010.0,Eletrônicos
2025-09-20 09:22:05,10540,767,Tablet,Norte,4,Cartão de débito,1500,0.03,6000,180.0,5820.0,Eletrônicos
2025-09-21 00:42:36,10541,254,Tablet,Nordeste,3,Cartão de crédito,1500,0.04,4500,180.0,4320.0,Eletrônicos
2025-05-29 22:22:13,10542,521,Mesa,Sudeste,5,Cartão de crédito,1100,0.13,5500,715.0,4785.0,Móveis
2025-09-01 08:52:09,10543,977,Cadeira,Centro-Oeste,4,Cartão de débito,850,0.02,3400,68.0,3332.0,Móveis
2025-02-21 04:23:21,10544,651,Celular,Sudeste,1,Boleto,2200,0.09,2200,198.0,2002.0,Eletrônicos
2025-12-18 02:11:33,10545,480,Celular,Norte,3,Pix,2200,0.06,6600,396.0,6204.0,Eletrônicos
2025-01-13 11:53:20,10546,10,Headset,Sul,3,Boleto,300,0.03,900,27.0,873.0,Periféticos
2025-10-31 03:25:39,10547,726,Notebook,Sudeste,2,Pix,3500,0.07,7000,490.00000000000006,6510.0,Eletrônicos
2025-04-24 17:45:41,10548,505,Mesa,Nordeste,1,Pix,1100,0.14,1100,154.00000000000003,946.0,Móveis
2025-11-14 16:10:54,10549,785,Mesa,Centro-Oeste,3,Cartão de crédito,1100,0.12,3300,396.0,2904.0,Móveis
2025-02-10 13:05:57,10550,836,Mesa,Centro-Oeste,4,Cartão de débito,1100,0.02,4400,88.0,4312.0,Móveis
2025-10-17 22:21:30,10551,560,Cadeira,Sul,5,Boleto,850,0.13,4250,552.5,3697.5,Móveis
2025-04-13 10:17:31,10552,436,Impressora,Sul,1,Cartão de crédito,900,0.14,900,126.00000000000001,774.0,Eletrônicos
2025-11-12 02:24:36,10553,111,Teclado,Sudeste,1,Cartão de crédito,250,0.04,250,10.0,240.0,Periféricos
2025-11-25 23:53:04,10554,153,Notebook,Norte,3,Cartão de crédito,3500,0.05,10500,525.0,9975.0,Eletrônicos
2025-08-06 03:53:24,10555,635,Cadeira,Nordeste,3,Boleto,850,0.02,2550,51.0,2499.0,Móveis
2025-10-22 04:21:15,10556,917,Tablet,Centro-Oeste,3,Cartão de crédito,1500,0.05,4500,225.0,4275.0,Eletrônicos
2025-08-31 18:16:11,10557,869,Headset,Sul,4,Cartão de débito,300,0.1,1200,120.0,1080.0,Periféticos
2025-08-03 11:11:39,10558,102,Impressora,Nordeste,2,Cartão de crédito,900,0.04,1800,72.0,1728.0,Eletrônicos
2025-10-11 11:54:44,10559,753,Tablet,Norte,3,Cartão de crédito,1500,0.0,4500,0.0,4500.0,Eletrônicos
2025-07-25 19:24:22,10560,833,Impressora,Centro-Oeste,2,Pix,900,0.05,1800,90.0,1710.0,Eletrônicos
2025-12-26 00:43:47,10561,191,Mouse,Centro-Oeste,2,Cartão de crédito,120,0.07,240,16.8,223.2,Periféricos
2025-10-30 12:22:29,10562,729,Mesa,Norte,1,Boleto,1100,0.08,1100,88.0,1012.0,Móveis
2025-08-27 22:38:36,10563,563,Impressora,Centro-Oeste,5,Boleto,900,0.1,4500,450.0,4050.0,Eletrônicos
2025-12-09 00:12:15,10564,804,Monitor,Norte,5,Cartão de débito,1200,0.01,6000,60.0,5940.0,Eletrônicos
2025-01-06 04:49:55,10565,81,Mesa,Centro-Oeste,4,Boleto,1100,0.07,4400,308.00000000000006,4092.0,Móveis
2025-09-11 17:11:57,10566,489,Mesa,Sudeste,4,Boleto,1100,0.04,4400,176.0,4224.0,Móveis
2025-03-20 04:12:30,10567,895,Headset,Norte,5,Cartão de crédito,300,0.14,1500,210.00000000000003,1290.0,Periféticos
2025-07-28 18:26:42,10568,88,Notebook,Nordeste,5,Cartão de débito,3500,0.05,17500,875.0,16625.0,Eletrônicos
2025-08-18 12:46:46,10569,194,Tablet,Sudeste,1,Boleto,1500,0.02,1500,30.0,1470.0,Eletrônicos
2025-10-03 10:10:47,10570,104,Impressora,Nordeste,1,Cartão de débito,900,0.01,900,9.0,891.0,Eletrônicos
2025-12-31 22:33:23,10571,783,Impressora,Centro-Oeste,5,Cartão de débito,900,0.04,4500,180.0,4320.0,Eletrônicos
2025-12-20 01:06:20,10572,96,Mouse,Nordeste,3,Pix,120,0.03,360,10.799999999999999,349.2,Periféricos
2025-02-09 02:46:09,10573,423,Mesa,Sudeste,3,Pix,1100,0.1,3300,330.0,2970.0,Móveis
2025-02-03 13:43:23,10574,891,Celular,Norte,1,Cartão de crédito,2200,0.13,2200,286.0,1914.0,Eletrônicos
2025-07-01 19:41:29,10575,198,Teclado,Sul,2,Boleto,250,0.05,500,25.0,475.0,Periféricos
2025-05-12 10:23:25,10576,1,Celular,Nordeste,5,Cartão de crédito,2200,0.09,11000,990.0,10010.0,Eletrônicos
2025-04-10 16:04:34,10577,407,Impressora,Sul,4,Cartão de crédito,900,0.11,3600,396.0,3204.0,Eletrônicos
2025-11-01 09:51:12,10578,378,Celular,Nordeste,3,Cartão de débito,2200,0.06,6600,396.0,6204.0,Eletrônicos
2025-01-20 01:25:11,10579,167,Headset,Nordeste,2,Cartão de débito,300,0.01,600,6.0,594.0,Periféticos
2025-09-16 20:29:50,10580,509,Monitor,Norte,3,Cartão de débito,1200,0.03,3600,108.0,3492.0,Eletrônicos
2025-07-10 13:13:54,10581,638,Impressora,Centro-Oeste,2,Cartão de crédito,900,0.13,1800,234.0,1566.0,Eletrônicos
2025-03-15 03:28:27,10582,313,Impressora,Sudeste,5,Boleto,900,0.12,4500,540.0,3960.0,Eletrônicos
2025-04-03 05:16:41,10583,593,Monitor,Sudeste,5,Cartão de crédito,1200,0.01,6000,60.0,5940.0,Eletrônicos
2025-01-17 11:21:26,10584,418,Tablet,Sudeste,5,Cartão de crédito,1500,0.03,7500,225.0,7275.0,Eletrônicos
2025-02-12 18:39:21,10585,763,Monitor,Centro-Oeste,1,Cartão de crédito,1200,0.12,1200,144.0,1056.0,Eletrônicos
2025-04-06 02:35:16,10586,681,Celular,Sul,2,Pix,2200,0.07,4400,308.00000000000006,4092.0,Eletrônicos
2025-08-19 23:06:01,10587,477,Headset,Sudeste,4,Pix,300,0.11,1200,132.0,1068.0,Periféticos
2025-03-27 01:12:20,10588,73,Mouse,Sul,4,Boleto,120,0.03,480,14.399999999999999,465.6,Periféricos
2025-05-17 14:27:09,10589,141,Tablet,Centro-Oeste,5,Pix,1500,0.14,7500,1050.0,6450.0,Eletrônicos
2025-01-03 02:51:02,10590,582,Cadeira,Centro-Oeste,4,Cartão de crédito,850,0.12,3400,408.0,2992.0,Móveis
2025-11-17 02:35:42,10591,262,Mouse,Norte,3,Pix,120,0.03,360,10.799999999999999,349.2,Periféricos
2025-02-02 21:26:32,10592,340,Notebook,Sudeste,2,Pix,3500,0.08,7000,560.0,6440.0,Eletrônicos
2025-02-19 16:55:39,10593,308,Notebook,Norte,2,Cartão de crédito,3500,0.02,7000,140.0,6860.0,Eletrônicos
2025-05-15 08:44:36,10594,245,Notebook,Sudeste,2,Boleto,3500,0.05,7000,350.0,6650.0,Eletrônicos
2025-06-24 06:56:00,10595,515,Notebook,Centro-Oeste,3,Pix,3500,0.1,10500,1050.0,9450.0,Eletrônicos
2025-03-12 13:18:49,10596,337,Headset,Centro-Oeste,1,Cartão de crédito,300,0.05,300,15.0,285.0,Periféticos
2025-02-27 05:28:25,10597,575,Mouse,Nordeste,3,Cartão de crédito,120,0.1,360,36.0,324.0,Periféricos
2025-01-10 07:08:48,10598,561,Mesa,Nordeste,2,Cartão de crédito,1100,0.04,2200,88.0,2112.0,Móveis
2025-08-30 04:56:14,10599,76,Teclado,Centro-Oeste,2,Cartão de débito,250,0.11,500,55.0,445.0,Periféricos
2025-01-13 01:47:13,10600,880,Tablet,Centro-Oeste,2,Cartão de crédito,1500,0.05,3000,150.0,2850.0,Eletrônicos
2025-09-27 01:11:59,10601,175,Cadeira,Sul,4,Pix,850,0.12,3400,408.0,2992.0,Móveis
2025-04-27 21:39:09,10602,109,Celular,Sul,1,Pix,2200,0.02,2200,44.0,2156.0,Eletrônicos
2025-01-07 03:05:25,10603,183,Impressora,Norte,3,Cartão de crédito,900,0.05,2700,135.0,2565.0,Eletrônicos
2025-07-01 20:40:15,10604,192,Notebook,Nordeste,2,Cartão de débito,3500,0.07,7000,490.00000000000006,6510.0,Eletrônicos
2025-06-08 00:05:44,10605,65,Cadeira,Nordeste,5,Cartão de débito,850,0.06,4250,255.0,3995.0,Móveis
2025-07-16 05:23:51,10606,849,Impressora,Centro-Oeste,1,Cartão de débito,900,0.06,900,54.0,846.0,Eletrônicos
2025-09-02 21:32:28,10607,963,Teclado,Centro-Oeste,5,Pix,250,0.07,1250,87.50000000000001,1162.5,Periféricos
2025-11-19 22:30:12,10608,474,Cadeira,Norte,1,Cartão de débito,850,0.15,850,127.5,722.5,Móveis
2025-09-29 07:45:04,10609,783,Mouse,Nordeste,2,Boleto,120,0.03,240,7.199999999999999,232.8,Periféricos
2025-03-28 12:14:07,10610,100,Cadeira,Sul,1,Boleto,850,0.12,850,102.0,748.0,Móveis
2025-02-23 06:03:40,10611,544,Notebook,Sudeste,1,Cartão de débito,3500,0.08,3500,280.0,3220.0,Eletrônicos
2025-06-25 01:48:22,10612,864,Teclado,Norte,2,Boleto,250,0.06,500,30.0,470.0,Periféricos
2025-02-12 19:36:31,10613,128,Celular,Sudeste,5,Cartão de crédito,2200,0.1,11000,1100.0,9900.0,Eletrônicos
2025-10-25 12:51:16,10614,452,Mesa,Sul,5,Cartão de débito,1100,0.13,5500,715.0,4785.0,Móveis
2025-04-27 14:35:01,10615,914,Monitor,Sul,4,Cartão de débito,1200,0.07,4800,336.00000000000006,4464.0,Eletrônicos
2025-06-22 20:00:28,10616,369,Notebook,Sudeste,5,Cartão de débito,3500,0.13,17500,2275.0,15225.0,Eletrônicos
2025-10-03 06:34:30,10617,851,Impressora,Norte,5,Cartão de crédito,900,0.01,4500,45.0,4455.0,Eletrônicos
2025-02-11 19:30:10,10618,43,Teclado,Sudeste,1,Cartão de crédito,250,0.1,250,25.0,225.0,Periféricos
2025-10-03 13:38:19,10619,884,Mouse,Norte,4,Cartão de débito,120,0.05,480,24.0,456.0,Periféricos
2025-06-25 20:03:37,10620,419,Headset,Norte,2,Pix,300,0.06,600,36.0,564.0,Periféticos
2025-08-08 05:33:03,10621,488,Teclado,Centro-Oeste,2,Pix,250,0.09,500,45.0,455.0,Periféricos
2025-04-30 03:04:18,10622,78,Impressora,Nordeste,3,Boleto,900,0.07,2700,189.00000000000003,2511.0,Eletrônicos
2025-01-02 16:05:56,10623,826,Monitor,Nordeste,4,Cartão de crédito,1200,0.06,4800,288.0,4512.0,Eletrônicos
2025-05-28 23:52:53,10624,801,Monitor,Sul,1,Boleto,1200,0.05,1200,60.0,1140.0,Eletrônicos
2025-11-24 03:25:44,10625,270,Tablet,Centro-Oeste,3,Boleto,1500,0.09,4500,405.0,4095.0,Eletrônicos
2025-10-23 09:17:16,10626,674,Mesa,Nordeste,3,Cartão de débito,1100,0.08,3300,264.0,3036.0,Móveis
2025-11-29 22:35:57,10627,701,Impressora,Norte,2,Pix,900,0.05,1800,90.0,1710.0,Eletrônicos
2025-10-19 09:07:39,10628,759,Monitor,Norte,5,Boleto,1200,0.03,6000,180.0,5820.0,Eletrônicos
2025-12-11 23:54:44,10629,900,Tablet,Sudeste,1,Cartão de débito,1500,0.12,1500,180.0,1320.0,Eletrônicos
2025-01-21 05:33:34,10630,728,Tablet,Sudeste,4,Cartão de crédito,1500,0.12,6000,720.0,5280.0,Eletrônicos
2025-03-24 19:58:40,10631,315,Tablet,Norte,3,Boleto,1500,0.03,4500,135.0,4365.0,Eletrônicos
2025-12-01 08:12:13,10632,925,Teclado,Norte,1,Pix,250,0.04,250,10.0,240.0,Periféricos
2025-07-13 18:35:25,10633,851,Tablet,Sudeste,2,Cartão de crédito,1500,0.04,3000,120.0,2880.0,Eletrônicos
2025-05-27 13:08:13,10634,902,Notebook,Nordeste,3,Cartão de débito,3500,0.13,10500,1365.0,9135.0,Eletrônicos
2025-01-27 11:43:47,10635,889,Impressora,Sul,3,Cartão de crédito,900,0.12,2700,324.0,2376.0,Eletrônicos
2025-06-21 18:17:40,10636,993,Notebook,Sudeste,2,Boleto,3500,0.01,7000,70.0,6930.0,Eletrônicos
2025-09-27 14:52:59,10637,945,Headset,Nordeste,2,Cartão de crédito,300,0.12,600,72.0,528.0,Periféticos
2025-03-18 08:38:39,10638,168,Monitor,Nordeste,2,Cartão de crédito,1200,0.01,2400,24.0,2376.0,Eletrônicos
2025-07-23 00:35:37,10639,339,Mesa,Nordeste,1,Cartão de crédito,1100,0.04,1100,44.0,1056.0,Móveis
2025-10-03 23:42:17,10640,193,Tablet,Centro-Oeste,1,Pix,1500,0.14,1500,210.00000000000003,1290.0,Eletrônicos
2025-12-26 22:41:51,10641,453,Mouse,Centro-Oeste,1,Boleto,120,0.13,120,15.600000000000001,104.4,Periféricos
2025-04-21 15:05:56,10642,283,Mouse,Nordeste,5,Cartão de débito,120,0.12,600,72.0,528.0,Periféricos
2025-08-23 17:17:26,10643,336,Monitor,Norte,3,Pix,1200,0.07,3600,252.00000000000003,3348.0,Eletrônicos
2025-05-07 23:25:23,10644,390,Headset,Centro-Oeste,1,Boleto,300,0.05,300,15.0,285.0,Periféticos
2025-03-07 23:00:48,10645,1000,Mouse,Sudeste,5,Cartão de débito,120,0.13,600,78.0,522.0,Periféricos
2025-07-05 17:35:57,10646,525,Notebook,Centro-Oeste,3,Cartão de débito,3500,0.1,10500,1050.0,9450.0,Eletrônicos
2025-07-27 00:01:33,10647,240,Cadeira,Norte,1,Cartão de débito,850,0.04,850,34.0,816.0,Móveis
2025-03-08 10:07:32,10648,832,Teclado,Sul,2,Boleto,250,0.07,500,35.0,465.0,Periféricos
2025-01-04 08:13:10,10649,958,Celular,Centro-Oeste,4,Cartão de débito,2200,0.13,8800,1144.0,7656.0,Eletrônicos
2025-02-28 20:28:41,10650,483,Mouse,Nordeste,1,Cartão de débito,120,0.14,120,16.8,103.2,Periféricos
2025-11-18 21:05:13,10651,659,Mesa,Nordeste,4,Pix,1100,0.1,4400,440.0,3960.0,Móveis
2025-07-10 13:13:25,10652,716,Tablet,Nordeste,1,Cartão de débito,1500,0.11,1500,165.0,1335.0,Eletrônicos
2025-04-24 09:30:44,10653,592,Mesa,Sul,2,Cartão de crédito,1100,0.01,2200,22.0,2178.0,Móveis
2025-07-12 06:34:11,10654,891,Impressora,Norte,4,Pix,900,0.09,3600,324.0,3276.0,Eletrônicos
2025-11-07 06:24:33,10655,555,Teclado,Sudeste,5,Pix,250,0.1,1250,125.0,1125.0,Periféricos
2025-06-03 03:55:31,10656,458,Notebook,Norte,2,Boleto,3500,0.0,7000,0.0,7000.0,Eletrônicos
2025-02-12 17:55:05,10657,89,Headset,Sul,4,Cartão de débito,300,0.13,1200,156.0,1044.0,Periféticos
2025-07-06 08:30:10,10658,660,Teclado,Nordeste,4,Cartão de crédito,250,0.14,1000,140.0,860.0,Periféricos
2025-06-05 21:42:17,10659,95,Celular,Norte,2,Cartão de crédito,2200,0.04,4400,176.0,4224.0,Eletrônicos
2025-02-21 16:37:51,10660,452,Cadeira,Sudeste,2,Cartão de débito,850,0.13,1700,221.0,1479.0,Móveis
2025-09-02 22:32:32,10661,428,Mouse,Nordeste,2,Cartão de débito,120,0.1,240,24.0,216.0,Periféricos
2025-01-16 15:44:55,10662,151,Headset,Sudeste,3,Boleto,300,0.09,900,81.0,819.0,Periféticos
2025-05-02 11:21:40,10663,514,Headset,Centro-Oeste,5,Cartão de crédito,300,0.13,1500,195.0,1305.0,Periféticos
2025-08-01 13:47:24,10664,376,Mouse,Sudeste,1,Pix,120,0.04,120,4.8,115.2,Periféricos
2025-11-29 06:49:39,10665,22,Mouse,Nordeste,4,Boleto,120,0.12,480,57.599999999999994,422.4,Periféricos
2025-11-18 22:22:07,10666,883,Mouse,Centro-Oeste,1,Boleto,120,0.05,120,6.0,114.0,Periféricos
2025-01-13 17:42:47,10667,313,Mouse,Nordeste,2,Pix,120,0.12,240,28.799999999999997,211.2,Periféricos
2025-11-14 17:28:47,10668,997,Mouse,Nordeste,5,Boleto,120,0.07,600,42.00000000000001,558.0,Periféricos
2025-03-31 04:39:18,10669,840,Headset,Centro-Oeste,5,Cartão de débito,300,0.02,1500,30.0,1470.0,Periféticos
2025-12-02 14:58:09,10670,519,Monitor,Sudeste,3,Pix,1200,0.06,3600,216.0,3384.0,Eletrônicos
2025-06-02 19:11:44,10671,206,Monitor,Sul,2,Pix,1200,0.04,2400,96.0,2304.0,Eletrônicos
2025-01-01 13:38:35,10672,952,Mesa,Sul,4,Cartão de crédito,1100,0.02,4400,88.0,4312.0,Móveis
2025-06-28 12:20:47,10673,375,Monitor,Sul,3,Pix,1200,0.02,3600,72.0,3528.0,Eletrônicos
2025-05-16 17:18:18,10674,451,Celular,Sul,2,Boleto,2200,0.12,4400,528.0,3872.0,Eletrônicos
2025-07-22 12:49:23,10675,626,Monitor,Norte,3,Cartão de crédito,1200,0.13,3600,468.0,3132.0,Eletrônicos
2025-09-14 14:07:19,10676,784,Headset,Sul,1,Boleto,300,0.14,300,42.00000000000001,258.0,Periféticos
2025-09-21 03:12:11,10677,595,Mouse,Centro-Oeste,2,Cartão de débito,120,0.13,240,31.200000000000003,208.8,Periféricos
2025-09-24 07:39:29,10678,179,Tablet,Sul,4,Cartão de débito,1500,0.12,6000,720.0,5280.0,Eletrônicos
2025-06-01 20:12:18,10679,210,Tablet,Nordeste,4,Cartão de crédito,1500,0.01,6000,60.0,5940.0,Eletrônicos
2025-05-13 09:20:59,10680,500,Celular,Sul,2,Cartão de crédito,2200,0.12,4400,528.0,3872.0,Eletrônicos
2025-06-24 00:04:48,10681,464,Impressora,Sudeste,3,Boleto,900,0.12,2700,324.0,2376.0,Eletrônicos
2025-09-12 21:48:16,10682,840,Headset,Centro-Oeste,5,Cartão de débito,300,0.02,1500,30.0,1470.0,Periféticos
2025-11-20 22:42:04,10683,124,Notebook,Centro-Oeste,2,Cartão de crédito,3500,0.1,7000,700.0,6300.0,Eletrônicos
2025-11-22 19:34:10,10684,993,Teclado,Norte,4,Cartão de débito,250,0.07,1000,70.0,930.0,Periféricos
2025-01-17 06:05:30,10685,113,Mesa,Nordeste,1,Cartão de débito,1100,0.14,1100,154.00000000000003,946.0,Móveis
2025-07-17 02:11:48,10686,12,Notebook,Centro-Oeste,4,Cartão de débito,3500,0.1,14000,1400.0,12600.0,Eletrônicos
2025-02-16 17:04:11,10687,126,Headset,Sudeste,5,Boleto,300,0.14,1500,210.00000000000003,1290.0,Periféticos
2025-06-13 13:16:50,10688,565,Monitor,Sul,4,Boleto,1200,0.02,4800,96.0,4704.0,Eletrônicos
2025-01-06 16:24:32,10689,331,Mouse,Centro-Oeste,5,Cartão de débito,120,0.01,600,6.0,594.0,Periféricos
2025-01-13 13:54:40,10690,901,Notebook,Sudeste,2,Cartão de débito,3500,0.15,7000,1050.0,5950.0,Eletrônicos
2025-06-01 11:31:51,10691,283,Teclado,Sul,4,Cartão de débito,250,0.01,1000,10.0,990.0,Periféricos
2025-12-10 15:42:01,10692,140,Impressora,Norte,3,Pix,900,0.06,2700,162.0,2538.0,Eletrônicos
2025-06-26 22:28:58,10693,401,Tablet,Centro-Oeste,3,Pix,1500,0.1,4500,450.0,4050.0,Eletrônicos
2025-01-24 19:02:03,10694,902,Impressora,Centro-Oeste,4,Boleto,900,0.13,3600,468.0,3132.0,Eletrônicos
2025-01-27 00:43:08,10695,97,Teclado,Sudeste,4,Cartão de débito,250,0.04,1000,40.0,960.0,Periféricos
2025-12-08 01:51:08,10696,517,Mouse,Nordeste,1,Pix,120,0.0,120,0.0,120.0,Periféricos
2025-07-01 12:33:15,10697,569,Monitor,Norte,4,Cartão de crédito,1200,0.08,4800,384.0,4416.0,Eletrônicos
2025-12-16 08:44:14,10698,924,Teclado,Nordeste,1,Cartão de crédito,250,0.07,250,17.5,232.5,Periféricos
2025-04-23 07:11:41,10699,846,Mesa,Centro-Oeste,1,Cartão de débito,1100,0.05,1100,55.0,1045.0,Móveis
2025-05-10 02:08:01,10700,69,Teclado,Nordeste,1,Pix,250,0.13,250,32.5,217.5,Periféricos
2025-02-04 10:44:02,10701,118,Headset,Sul,1,Cartão de crédito,300,0.11,300,33.0,267.0,Periféticos
2025-02-23 00:14:41,10702,888,Monitor,Norte,2,Boleto,1200,0.13,2400,312.0,2088.0,Eletrônicos
2025-06-15 00:02:42,10703,59,Mouse,Nordeste,3,Cartão de crédito,120,0.02,360,7.2,352.8,Periféricos
2025-01-31 15:46:30,10704,33,Tablet,Sul,1,Boleto,1500,0.1,1500,150.0,1350.0,Eletrônicos
2025-02-13 13:17:04,10705,318,Tablet,Sudeste,3,Cartão de crédito,1500,0.15,4500,675.0,3825.0,Eletrônicos
2025-12-29 03:30:33,10706,50,Teclado,Nordeste,1,Cartão de crédito,250,0.09,250,22.5,227.5,Periféricos
2025-11-18 21:43:35,10707,880,Headset,Norte,3,Pix,300,0.03,900,27.0,873.0,Periféticos
2025-05-09 10:58:36,10708,489,Notebook,Sul,4,Cartão de crédito,3500,0.15,14000,2100.0,11900.0,Eletrônicos
2025-02-25 22:32:57,10709,19,Impressora,Nordeste,4,Cartão de crédito,900,0.08,3600,288.0,3312.0,Eletrônicos
2025-04-06 18:00:41,10710,726,Impressora,Sudeste,3,Boleto,900,0.13,2700,351.0,2349.0,Eletrônicos
2025-08-21 23:53:33,10711,197,Impressora,Nordeste,1,Boleto,900,0.02,900,18.0,882.0,Eletrônicos
2025-04-08 20:29:21,10712,891,Notebook,Sul,2,Cartão de crédito,3500,0.1,7000,700.0,6300.0,Eletrônicos
2025-05-24 06:23:46,10713,450,Headset,Nordeste,3,Cartão de débito,300,0.14,900,126.00000000000001,774.0,Periféticos
2025-01-31 01:31:20,10714,990,Impressora,Norte,5,Cartão de crédito,900,0.08,4500,360.0,4140.0,Eletrônicos
2025-07-11 09:10:30,10715,559,Mesa,Centro-Oeste,2,Cartão de crédito,1100,0.04,2200,88.0,2112.0,Móveis
2025-02-18 13:59:31,10716,679,Notebook,Sul,5,Pix,3500,0.02,17500,350.0,17150.0,Eletrônicos
2025-09-25 22:56:57,10717,452,Notebook,Sul,3,Cartão de crédito,3500,0.04,10500,420.0,10080.0,Eletrônicos
2025-03-12 19:41:40,10718,289,Mouse,Sul,1,Cartão de crédito,120,0.05,120,6.0,114.0,Periféricos
2025-08-17 00:01:53,10719,141,Mouse,Sul,5,Boleto,120,0.11,600,66.0,534.0,Periféricos
2025-07-15 23:59:40,10720,84,Monitor,Nordeste,3,Boleto,1200,0.03,3600,108.0,3492.0,Eletrônicos
2025-12-13 00:22:34,10721,694,Mesa,Norte,2,Boleto,1100,0.02,2200,44.0,2156.0,Móveis
2025-05-03 21:14:04,10722,391,Mesa,Sudeste,1,Boleto,1100,0.06,1100,66.0,1034.0,Móveis
2025-01-07 03:43:51,10723,591,Monitor,Norte,5,Cartão de crédito,1200,0.07,6000,420.00000000000006,5580.0,Eletrônicos
2025-02-04 14:24:35,10724,215,Mesa,Sul,3,Cartão de débito,1100,0.09,3300,297.0,3003.0,Móveis
2025-07-13 01:14:00,10725,526,Celular,Nordeste,1,Pix,2200,0.11,2200,242.0,1958.0,Eletrônicos
2025-11-25 09:10:44,10726,215,Cadeira,Nordeste,1,Pix,850,0.13,850,110.5,739.5,Móveis
2025-11-27 05:28:28,10727,403,Impressora,Sul,4,Cartão de débito,900,0.04,3600,144.0,3456.0,Eletrônicos
2025-02-09 00:02:00,10728,128,Mouse,Nordeste,1,Cartão de débito,120,0.08,120,9.6,110.4,Periféricos
2025-02-24 12:37:55,10729,822,Monitor,Sul,3,Pix,1200,0.05,3600,180.0,3420.0,Eletrônicos
2025-10-04 14:45:29,10730,477,Monitor,Norte,2,Cartão de crédito,1200,0.0,2400,0.0,2400.0,Eletrônicos
2025-03-21 08:01:40,10731,760,Mesa,Centro-Oeste,4,Pix,1100,0.09,4400,396.0,4004.0,Móveis
2025-01-31 13:25:28,10732,404,Notebook,Nordeste,3,Cartão de débito,3500,0.12,10500,1260.0,9240.0,Eletrônicos
2025-10-27 06:28:39,10733,29,Tablet,Sul,3,Cartão de crédito,1500,0.01,4500,45.0,4455.0,Eletrônicos
2025-04-17 17:45:35,10734,792,Teclado,Sul,3,Pix,250,0.0,750,0.0,750.0,Periféricos
2025-10-06 23:27:30,10735,338,Teclado,Nordeste,5,Cartão de crédito,250,0.11,1250,137.5,1112.5,Periféricos
2025-11-01 17:32:32,10736,831,Monitor,Sudeste,5,Cartão de crédito,1200,0.1,6000,600.0,5400.0,Eletrônicos
2025-09-10 18:56:34,10737,714,Impressora,Sul,2,Cartão de débito,900,0.06,1800,108.0,1692.0,Eletrônicos
2025-11-13 12:56:15,10738,361,Celular,Nordeste,3,Boleto,2200,0.1,6600,660.0,5940.0,Eletrônicos
2025-05-14 16:58:11,10739,569,Impressora,Sul,5,Pix,900,0.14,4500,630.0000000000001,3870.0,Eletrônicos
2025-08-29 03:06:57,10740,392,Monitor,Sudeste,5,Cartão de débito,1200,0.04,6000,240.0,5760.0,Eletrônicos
2025-01-01 19:37:20,10741,218,Impressora,Centro-Oeste,5,Pix,900,0.04,4500,180.0,4320.0,Eletrônicos
2025-05-28 21:51:34,10742,574,Mouse,Sudeste,2,Boleto,120,0.03,240,7.199999999999999,232.8,Periféricos
2025-05-01 05:59:59,10743,669,Impressora,Norte,2,Boleto,900,0.11,1800,198.0,1602.0,Eletrônicos
2025-08-30 21:24:39,10744,202,Mesa,Nordeste,3,Boleto,1100,0.05,3300,165.0,3135.0,Móveis
2025-02-23 04:21:17,10745,17,Mesa,Sudeste,4,Boleto,1100,0.15,4400,660.0,3740.0,Móveis
2025-12-23 21:06:39,10746,322,Celular,Centro-Oeste,3,Pix,2200,0.11,6600,726.0,5874.0,Eletrônicos
2025-12-07 12:40:04,10747,518,Mouse,Sul,5,Cartão de crédito,120,0.06,600,36.0,564.0,Periféricos
2025-07-29 20:52:27,10748,570,Tablet,Nordeste,5,Cartão de crédito,1500,0.02,7500,150.0,7350.0,Eletrônicos
2025-12-20 21:19:44,10749,325,Notebook,Sudeste,1,Boleto,3500,0.09,3500,315.0,3185.0,Eletrônicos
2025-01-08 19:38:30,10750,412,Mouse,Centro-Oeste,3,Boleto,120,0.04,360,14.4,345.6,Periféricos
2025-02-13 07:13:16,10751,318,Headset,Sudeste,5,Cartão de crédito,300,0.14,1500,210.00000000000003,1290.0,Periféticos
2025-10-03 02:01:58,10752,681,Cadeira,Norte,5,Cartão de débito,850,0.07,4250,297.5,3952.5,Móveis
2025-08-14 19:51:52,10753,965,Monitor,Nordeste,4,Boleto,1200,0.04,4800,192.0,4608.0,Eletrônicos
2025-07-11 22:32:02,10754,82,Headset,Sul,1,Cartão de crédito,300,0.09,300,27.0,273.0,Periféticos
2025-03-19 14:47:04,10755,474,Celular,Centro-Oeste,3,Cartão de débito,2200,0.02,6600,132.0,6468.0,Eletrônicos
2025-05-16 15:41:17,10756,468,Headset,Sudeste,2,Cartão de crédito,300,0.08,600,48.0,552.0,Periféticos
2025-07-24 13:52:16,10757,425,Mesa,Nordeste,3,Cartão de débito,1100,0.01,3300,33.0,3267.0,Móveis
2025-06-02 23:34:08,10758,945,Impressora,Sudeste,3,Pix,900,0.09,2700,243.0,2457.0,Eletrônicos
2025-09-19 02:19:41,10759,731,Notebook,Nordeste,4,Cartão de débito,3500,0.08,14000,1120.0,12880.0,Eletrônicos
2025-08-06 10:00:51,10760,689,Teclado,Norte,3,Boleto,250,0.08,750,60.0,690.0,Periféricos
2025-11-02 11:13:51,10761,204,Monitor,Sudeste,4,Cartão de débito,1200,0.1,4800,480.0,4320.0,Eletrônicos
2025-12-05 07:23:04,10762,583,Teclado,Norte,4,Cartão de débito,250,0.01,1000,10.0,990.0,Periféricos
2025-02-07 18:55:08,10763,387,Impressora,Centro-Oeste,5,Boleto,900,0.07,4500,315.00000000000006,4185.0,Eletrônicos
2025-09-01 11:49:14,10764,778,Mesa,Norte,2,Pix,1100,0.07,2200,154.00000000000003,2046.0,Móveis
2025-11-06 22:30:42,10765,98,Mesa,Nordeste,4,Cartão de débito,1100,0.07,4400,308.00000000000006,4092.0,Móveis
2025-11-14 14:35:28,10766,345,Impressora,Centro-Oeste,1,Pix,900,0.15,900,135.0,765.0,Eletrônicos
2025-11-25 14:23:31,10767,803,Monitor,Sudeste,1,Cartão de crédito,1200,0.02,1200,24.0,1176.0,Eletrônicos
2025-05-31 09:08:27,10768,208,Teclado,Sudeste,2,Cartão de crédito,250,0.1,500,50.0,450.0,Periféricos
2025-09-27 06:07:56,10769,514,Mouse,Nordeste,4,Boleto,120,0.06,480,28.799999999999997,451.2,Periféricos
2025-12-12 05:04:40,10770,636,Mesa,Sul,2,Pix,1100,0.08,2200,176.0,2024.0,Móveis
2025-06-18 16:10:58,10771,792,Teclado,Sul,5,Boleto,250,0.11,1250,137.5,1112.5,Periféricos
2025-09-23 21:48:59,10772,586,Tablet,Sudeste,1,Boleto,1500,0.02,1500,30.0,1470.0,Eletrônicos
2025-06-16 03:59:04,10773,166,Teclado,Nordeste,3,Cartão de débito,250,0.11,750,82.5,667.5,Periféricos
2025-12-05 16:58:46,10774,22,Tablet,Sul,1,Cartão de crédito,1500,0.01,1500,15.0,1485.0,Eletrônicos
2025-07-02 17:30:03,10775,154,Tablet,Norte,4,Boleto,1500,0.07,6000,420.00000000000006,5580.0,Eletrônicos
2025-08-25 02:19:57,10776,939,Mesa,Sudeste,2,Cartão de débito,1100,0.11,2200,242.0,1958.0,Móveis
2025-09-01 07:50:54,10777,439,Monitor,Norte,1,Cartão de débito,1200,0.03,1200,36.0,1164.0,Eletrônicos
2025-09-21 04:45:51,10778,295,Celular,Nordeste,3,Pix,2200,0.12,6600,792.0,5808.0,Eletrônicos
2025-10-24 04:42:27,10779,219,Mesa,Norte,3,Cartão de crédito,1100,0.03,3300,99.0,3201.0,Móveis
2025-06-05 08:44:02,10780,669,Monitor,Sul,2,Pix,1200,0.12,2400,288.0,2112.0,Eletrônicos
2025-02-11 15:57:45,10781,495,Monitor,Sul,2,Pix,1200,0.07,2400,168.00000000000003,2232.0,Eletrônicos
2025-12-06 21:06:54,10782,230,Headset,Centro-Oeste,1,Boleto,300,0.1,300,30.0,270.0,Periféticos
2025-09-14 11:25:03,10783,20,Impressora,Sudeste,4,Pix,900,0.14,3600,504.00000000000006,3096.0,Eletrônicos
2025-06-05 17:50:44,10784,987,Impressora,Nordeste,5,Boleto,900,0.06,4500,270.0,4230.0,Eletrônicos
2025-10-14 15:52:36,10785,553,Impressora,Sudeste,3,Pix,900,0.03,2700,81.0,2619.0,Eletrônicos
2025-07-26 05:04:34,10786,950,Cadeira,Norte,2,Cartão de débito,850,0.13,1700,221.0,1479.0,Móveis
2025-02-13 16:00:11,10787,148,Mesa,Nordeste,5,Cartão de crédito,1100,0.02,5500,110.0,5390.0,Móveis
2025-01-27 19:42:16,10788,108,Monitor,Nordeste,5,Cartão de crédito,1200,0.09,6000,540.0,5460.0,Eletrônicos
2025-12-06 10:10:59,10789,403,Headset,Sul,5,Cartão de crédito,300,0.14,1500,210.00000000000003,1290.0,Periféticos
2025-02-01 23:40:42,10790,596,Tablet,Norte,4,Cartão de débito,1500,0.1,6000,600.0,5400.0,Eletrônicos
2025-03-31 00:01:24,10791,483,Celular,Sul,2,Cartão de débito,2200,0.03,4400,132.0,4268.0,Eletrônicos
2025-04-29 00:54:59,10792,367,Celular,Sul,3,Pix,2200,0.02,6600,132.0,6468.0,Eletrônicos
2025-02-13 20:19:00,10793,834,Tablet,Centro-Oeste,2,Pix,1500,0.04,3000,120.0,2880.0,Eletrônicos
2025-05-06 02:21:10,10794,414,Teclado,Sul,1,Pix,250,0.06,250,15.0,235.0,Periféricos
2025-01-03 06:56:15,10795,309,Teclado,Sudeste,3,Pix,250,0.02,750,15.0,735.0,Periféricos
2025-01-28 14:54:48,10796,802,Impressora,Nordeste,2,Cartão de crédito,900,0.12,1800,216.0,1584.0,Eletrônicos
2025-07-23 07:05:10,10797,918,Mesa,Sul,3,Pix,1100,0.05,3300,165.0,3135.0,Móveis
2025-09-19 21:41:00,10798,835,Cadeira,Sudeste,1,Cartão de débito,850,0.14,850,119.00000000000001,731.0,Móveis
2025-03-03 17:17:40,10799,134,Headset,Norte,3,Cartão de débito,300,0.13,900,117.0,783.0,Periféticos
2025-04-21 23:50:01,10800,719,Celular,Nordeste,5,Cartão de débito,2200,0.14,11000,1540.0000000000002,9460.0,Eletrônicos
2025-10-01 07:37:29,10801,283,Impressora,Norte,4,Boleto,900,0.04,3600,144.0,3456.0,Eletrônicos
2025-05-23 17:32:22,10802,778,Notebook,Sudeste,1,Boleto,3500,0.09,3500,315.0,3185.0,Eletrônicos
2025-07-06 02:27:25,10803,73,Impressora,Norte,3,Boleto,900,0.05,2700,135.0,2565.0,Eletrônicos
2025-05-12 22:12:46,10804,481,Notebook,Norte,1,Pix,3500,0.04,3500,140.0,3360.0,Eletrônicos
2025-02-28 20:09:29,10805,352,Mouse,Norte,5,Cartão de crédito,120,0.09,600,54.0,546.0,Periféricos
2025-07-20 08:34:12,10806,560,Monitor,Sul,4,Cartão de crédito,1200,0.12,4800,576.0,4224.0,Eletrônicos
2025-05-13 06:09:38,10807,326,Tablet,Sul,1,Pix,1500,0.01,1500,15.0,1485.0,Eletrônicos
2025-09-01 04:00:22,10808,745,Monitor,Sul,5,Pix,1200,0.04,6000,240.0,5760.0,Eletrônicos
2025-12-07 16:16:28,10809,443,Impressora,Nordeste,5,Boleto,900,0.03,4500,135.0,4365.0,Eletrônicos
2025-12-23 04:11:22,10810,100,Monitor,Sudeste,5,Cartão de débito,1200,0.12,6000,720.0,5280.0,Eletrônicos
2025-05-15 12:57:46,10811,59,Headset,Sul,3,Cartão de débito,300,0.14,900,126.00000000000001,774.0,Periféticos
2025-04-28 15:33:31,10812,508,Mouse,Norte,2,Boleto,120,0.01,240,2.4,237.6,Periféricos
2025-01-27 08:19:20,10813,258,Cadeira,Norte,1,Boleto,850,0.06,850,51.0,799.0,Móveis
2025-07-03 20:02:17,10814,413,Mouse,Norte,2,Cartão de crédito,120,0.14,240,33.6,206.4,Periféricos
2025-02-21 00:30:49,10815,452,Celular,Norte,5,Boleto,2200,0.05,11000,550.0,10450.0,Eletrônicos
2025-02-21 05:30:19,10816,65,Headset,Centro-Oeste,2,Cartão de débito,300,0.11,600,66.0,534.0,Periféticos
2025-05-07 10:13:57,10817,595,Monitor,Nordeste,5,Cartão de débito,1200,0.02,6000,120.0,5880.0,Eletrônicos
2025-10-25 08:34:14,10818,154,Cadeira,Sudeste,5,Pix,850,0.07,4250,297.5,3952.5,Móveis
2025-07-29 14:26:53,10819,985,Monitor,Sudeste,4,Cartão de crédito,1200,0.08,4800,384.0,4416.0,Eletrônicos
2025-10-09 04:37:32,10820,266,Mesa,Sul,4,Pix,1100,0.11,4400,484.0,3916.0,Móveis
2025-07-10 05:05:43,10821,821,Mesa,Centro-Oeste,2,Cartão de crédito,1100,0.04,2200,88.0,2112.0,Móveis
2025-05-02 19:34:01,10822,79,Teclado,Sudeste,1,Pix,250,0.04,250,10.0,240.0,Periféricos
2025-10-27 14:00:40,10823,315,Mouse,Nordeste,2,Cartão de crédito,120,0.05,240,12.0,228.0,Periféricos
2025-03-18 22:18:25,10824,662,Cadeira,Norte,1,Boleto,850,0.08,850,68.0,782.0,Móveis
2025-03-05 05:26:50,10825,947,Mesa,Sul,2,Cartão de débito,1100,0.13,2200,286.0,1914.0,Móveis
2025-06-04 23:00:09,10826,560,Teclado,Nordeste,3,Boleto,250,0.12,750,90.0,660.0,Periféricos
2025-10-25 06:12:17,10827,917,Headset,Sudeste,3,Cartão de crédito,300,0.01,900,9.0,891.0,Periféticos
2025-06-10 06:07:00,10828,891,Cadeira,Centro-Oeste,1,Cartão de crédito,850,0.13,850,110.5,739.5,Móveis
2025-10-02 02:04:12,10829,248,Teclado,Sul,4,Pix,250,0.01,1000,10.0,990.0,Periféricos
2025-11-30 16:34:44,10830,790,Tablet,Sudeste,1,Cartão de crédito,1500,0.06,1500,90.0,1410.0,Eletrônicos
2025-11-28 08:19:49,10831,868,Cadeira,Sul,2,Boleto,850,0.11,1700,187.0,1513.0,Móveis
2025-04-23 13:44:50,10832,610,Impressora,Sudeste,5,Cartão de crédito,900,0.01,4500,45.0,4455.0,Eletrônicos
2025-06-08 02:23:03,10833,414,Teclado,Norte,3,Cartão de crédito,250,0.01,750,7.5,742.5,Periféricos
2025-12-19 02:41:51,10834,25,Monitor,Centro-Oeste,5,Pix,1200,0.05,6000,300.0,5700.0,Eletrônicos
2025-07-07 02:03:24,10835,284,Impressora,Norte,3,Cartão de crédito,900,0.11,2700,297.0,2403.0,Eletrônicos
2025-06-21 17:32:48,10836,449,Tablet,Sudeste,2,Pix,1500,0.08,3000,240.0,2760.0,Eletrônicos
2025-09-24 10:41:25,10837,881,Mesa,Nordeste,3,Cartão de débito,1100,0.06,3300,198.0,3102.0,Móveis
2025-01-15 21:24:03,10838,301,Notebook,Norte,1,Pix,3500,0.12,3500,420.0,3080.0,Eletrônicos
2025-04-25 20:09:52,10839,68,Teclado,Nordeste,5,Cartão de crédito,250,0.12,1250,150.0,1100.0,Periféricos
2025-04-07 05:49:50,10840,7,Headset,Sudeste,5,Cartão de débito,300,0.12,1500,180.0,1320.0,Periféticos
2025-03-13 18:24:06,10841,817,Teclado,Centro-Oeste,2,Cartão de crédito,250,0.07,500,35.0,465.0,Periféricos
2025-03-22 19:58:16,10842,137,Notebook,Nordeste,5,Pix,3500,0.0,17500,0.0,17500.0,Eletrônicos
2025-10-23 20:06:04,10843,164,Tablet,Sudeste,2,Boleto,1500,0.03,3000,90.0,2910.0,Eletrônicos
2025-06-17 22:19:47,10844,83,Tablet,Nordeste,4,Cartão de débito,1500,0.11,6000,660.0,5340.0,Eletrônicos
2025-11-18 12:54:59,10845,897,Impressora,Norte,1,Boleto,900,0.11,900,99.0,801.0,Eletrônicos
2025-03-04 14:44:21,10846,650,Cadeira,Sudeste,3,Boleto,850,0.15,2550,382.5,2167.5,Móveis
2025-09-09 08:16:59,10847,420,Headset,Norte,3,Cartão de débito,300,0.03,900,27.0,873.0,Periféticos
2025-09-25 05:29:02,10848,73,Impressora,Sul,3,Boleto,900,0.02,2700,54.0,2646.0,Eletrônicos
2025-09-11 17:53:22,10849,237,Headset,Sudeste,4,Boleto,300,0.02,1200,24.0,1176.0,Periféticos
2025-07-04 09:30:36,10850,46,Headset,Nordeste,1,Boleto,300,0.03,300,9.0,291.0,Periféticos
2025-05-29 12:19:55,10851,618,Notebook,Sul,5,Boleto,3500,0.08,17500,1400.0,16100.0,Eletrônicos
2025-07-04 18:15:17,10852,928,Impressora,Norte,5,Cartão de débito,900,0.15,4500,675.0,3825.0,Eletrônicos
2025-04-08 09:36:38,10853,800,Headset,Norte,1,Cartão de crédito,300,0.09,300,27.0,273.0,Periféticos
2025-04-27 16:05:46,10854,262,Celular,Nordeste,1,Boleto,2200,0.08,2200,176.0,2024.0,Eletrônicos
2025-11-21 22:31:37,10855,176,Notebook,Sul,3,Cartão de débito,3500,0.1,10500,1050.0,9450.0,Eletrônicos
2025-01-06 04:32:25,10856,166,Tablet,Centro-Oeste,5,Cartão de débito,1500,0.01,7500,75.0,7425.0,Eletrônicos
2025-04-16 18:14:42,10857,657,Notebook,Nordeste,1,Cartão de débito,3500,0.12,3500,420.0,3080.0,Eletrônicos
2025-04-01 14:18:14,10858,842,Monitor,Norte,5,Cartão de débito,1200,0.1,6000,600.0,5400.0,Eletrônicos
2025-08-25 20:05:17,10859,370,Monitor,Sudeste,1,Pix,1200,0.03,1200,36.0,1164.0,Eletrônicos
2025-01-22 18:04:50,10860,795,Headset,Sul,2,Cartão de crédito,300,0.09,600,54.0,546.0,Periféticos
2025-07-03 01:00:28,10861,54,Impressora,Centro-Oeste,3,Cartão de crédito,900,0.09,2700,243.0,2457.0,Eletrônicos
2025-06-26 00:45:00,10862,690,Tablet,Sudeste,1,Boleto,1500,0.01,1500,15.0,1485.0,Eletrônicos
2025-12-03 06:28:01,10863,419,Notebook,Sul,4,Cartão de débito,3500,0.04,14000,560.0,13440.0,Eletrônicos
2025-02-27 16:34:05,10864,756,Impressora,Nordeste,1,Pix,900,0.06,900,54.0,846.0,Eletrônicos
2025-03-22 07:41:45,10865,507,Notebook,Nordeste,2,Cartão de débito,3500,0.04,7000,280.0,6720.0,Eletrônicos
2025-11-25 00:45:07,10866,341,Notebook,Sul,4,Boleto,3500,0.04,14000,560.0,13440.0,Eletrônicos
2025-03-23 01:09:47,10867,127,Celular,Centro-Oeste,4,Cartão de crédito,2200,0.09,8800,792.0,8008.0,Eletrônicos
2025-03-20 00:54:31,10868,409,Monitor,Sul,1,Boleto,1200,0.07,1200,84.00000000000001,1116.0,Eletrônicos
2025-01-17 20:08:28,10869,924,Notebook,Sudeste,2,Boleto,3500,0.1,7000,700.0,6300.0,Eletrônicos
2025-05-04 04:11:42,10870,367,Celular,Sudeste,4,Boleto,2200,0.14,8800,1232.0000000000002,7568.0,Eletrônicos
2025-02-08 09:59:04,10871,271,Monitor,Nordeste,3,Boleto,1200,0.1,3600,360.0,3240.0,Eletrônicos
2025-04-11 14:54:30,10872,644,Celular,Sul,3,Boleto,2200,0.09,6600,594.0,6006.0,Eletrônicos
2025-07-11 18:01:36,10873,605,Impressora,Nordeste,5,Boleto,900,0.13,4500,585.0,3915.0,Eletrônicos
2025-03-09 04:54:26,10874,379,Cadeira,Centro-Oeste,5,Boleto,850,0.09,4250,382.5,3867.5,Móveis
2025-09-18 16:03:24,10875,73,Monitor,Sudeste,2,Cartão de crédito,1200,0.02,2400,48.0,2352.0,Eletrônicos
2025-06-05 15:59:23,10876,923,Mesa,Norte,4,Cartão de crédito,1100,0.05,4400,220.0,4180.0,Móveis
2025-03-03 09:28:29,10877,922,Cadeira,Norte,3,Cartão de débito,850,0.11,2550,280.5,2269.5,Móveis
2025-03-30 18:03:36,10878,915,Impressora,Sul,3,Cartão de débito,900,0.11,2700,297.0,2403.0,Eletrônicos
2025-02-27 06:51:39,10879,248,Notebook,Sul,2,Pix,3500,0.15,7000,1050.0,5950.0,Eletrônicos
2025-08-10 19:28:48,10880,860,Tablet,Norte,4,Pix,1500,0.09,6000,540.0,5460.0,Eletrônicos
2025-08-25 22:26:32,10881,785,Impressora,Sul,2,Cartão de crédito,900,0.13,1800,234.0,1566.0,Eletrônicos
2025-03-12 04:08:23,10882,43,Celular,Sudeste,1,Cartão de crédito,2200,0.01,2200,22.0,2178.0,Eletrônicos
2025-09-03 04:50:40,10883,377,Celular,Centro-Oeste,3,Pix,2200,0.08,6600,528.0,6072.0,Eletrônicos
2025-08-29 21:18:29,10884,41,Celular,Centro-Oeste,2,Cartão de crédito,2200,0.14,4400,616.0000000000001,3784.0,Eletrônicos
2025-11-27 11:45:56,10885,170,Celular,Nordeste,2,Pix,2200,0.04,4400,176.0,4224.0,Eletrônicos
2025-04-24 14:09:09,10886,946,Impressora,Sudeste,1,Cartão de débito,900,0.02,900,18.0,882.0,Eletrônicos
2025-09-18 04:42:33,10887,212,Tablet,Sul,5,Cartão de crédito,1500,0.05,7500,375.0,7125.0,Eletrônicos
2025-08-04 20:10:19,10888,493,Teclado,Sul,3,Cartão de crédito,250,0.12,750,90.0,660.0,Periféricos
2025-03-08 12:29:32,10889,680,Celular,Nordeste,2,Pix,2200,0.01,4400,44.0,4356.0,Eletrônicos
2025-02-26 02:44:47,10890,39,Teclado,Nordeste,3,Boleto,250,0.09,750,67.5,682.5,Periféricos
2025-03-07 11:53:16,10891,369,Tablet,Sul,5,Boleto,1500,0.02,7500,150.0,7350.0,Eletrônicos
2025-07-23 16:24:28,10892,757,Tablet,Sul,2,Cartão de débito,1500,0.07,3000,210.00000000000003,2790.0,Eletrônicos
2025-04-29 00:09:18,10893,151,Cadeira,Sudeste,1,Cartão de crédito,850,0.14,850,119.00000000000001,731.0,Móveis
2025-01-26 18:08:20,10894,111,Monitor,Nordeste,3,Cartão de crédito,1200,0.03,3600,108.0,3492.0,Eletrônicos
2025-08-04 15:46:23,10895,480,Mesa,Sudeste,1,Pix,1100,0.01,1100,11.0,1089.0,Móveis
2025-07-31 22:40:53,10896,436,Headset,Sul,5,Boleto,300,0.06,1500,90.0,1410.0,Periféticos
2025-05-18 14:44:36,10897,47,Mesa,Norte,5,Boleto,1100,0.09,5500,495.0,5005.0,Móveis
2025-02-08 15:20:42,10898,575,Impressora,Norte,3,Cartão de débito,900,0.04,2700,108.0,2592.0,Eletrônicos
2025-09-09 04:43:39,10899,737,Headset,Sul,5,Boleto,300,0.08,1500,120.0,1380.0,Periféticos
2025-06-23 04:39:00,10900,366,Tablet,Nordeste,4,Boleto,1500,0.14,6000,840.0000000000001,5160.0,Eletrônicos
2025-05-29 15:24:19,10901,69,Mesa,Norte,3,Boleto,1100,0.05,3300,165.0,3135.0,Móveis
2025-12-13 22:36:18,10902,299,Mouse,Nordeste,4,Pix,120,0.05,480,24.0,456.0,Periféricos
2025-01-05 21:39:30,10903,944,Monitor,Norte,5,Boleto,1200,0.07,6000,420.00000000000006,5580.0,Eletrônicos
2025-01-28 11:12:19,10904,802,Mesa,Nordeste,3,Cartão de débito,1100,0.08,3300,264.0,3036.0,Móveis
2025-09-12 14:50:32,10905,296,Monitor,Norte,4,Boleto,1200,0.0,4800,0.0,4800.0,Eletrônicos
2025-04-18 00:32:46,10906,203,Teclado,Nordeste,5,Cartão de débito,250,0.09,1250,112.5,1137.5,Periféricos
2025-08-07 15:46:48,10907,61,Impressora,Sudeste,2,Pix,900,0.15,1800,270.0,1530.0,Eletrônicos
2025-10-19 21:05:52,10908,946,Monitor,Nordeste,2,Pix,1200,0.04,2400,96.0,2304.0,Eletrônicos
2025-01-22 16:23:41,10909,963,Teclado,Sudeste,1,Cartão de débito,250,0.09,250,22.5,227.5,Periféricos
2025-09-27 23:58:06,10910,830,Celular,Sudeste,2,Pix,2200,0.0,4400,0.0,4400.0,Eletrônicos
2025-03-12 09:25:50,10911,314,Teclado,Sul,4,Cartão de crédito,250,0.09,1000,90.0,910.0,Periféricos
2025-07-01 03:18:24,10912,161,Impressora,Sudeste,2,Cartão de crédito,900,0.07,1800,126.00000000000001,1674.0,Eletrônicos
2025-05-08 03:54:28,10913,331,Cadeira,Centro-Oeste,3,Cartão de crédito,850,0.08,2550,204.0,2346.0,Móveis
2025-03-22 03:51:17,10914,528,Celular,Sudeste,3,Cartão de crédito,2200,0.08,6600,528.0,6072.0,Eletrônicos
2025-11-04 16:08:21,10915,338,Tablet,Nordeste,3,Cartão de crédito,1500,0.03,4500,135.0,4365.0,Eletrônicos
2025-03-11 01:31:46,10916,606,Notebook,Sudeste,2,Pix,3500,0.12,7000,840.0,6160.0,Eletrônicos
2025-05-16 05:41:35,10917,304,Teclado,Nordeste,2,Cartão de débito,250,0.08,500,40.0,460.0,Periféricos
2025-05-16 11:53:58,10918,503,Teclado,Nordeste,1,Pix,250,0.04,250,10.0,240.0,Periféricos
2025-11-14 08:15:52,10919,650,Monitor,Centro-Oeste,5,Boleto,1200,0.14,6000,840.0000000000001,5160.0,Eletrônicos
2025-03-01 05:55:22,10920,338,Tablet,Sudeste,1,Cartão de crédito,1500,0.0,1500,0.0,1500.0,Eletrônicos
2025-10-05 06:06:01,10921,550,Mesa,Sudeste,4,Cartão de crédito,1100,0.11,4400,484.0,3916.0,Móveis
2025-09-11 11:19:59,10922,639,Mouse,Norte,3,Pix,120,0.06,360,21.599999999999998,338.4,Periféricos
2025-06-07 21:35:11,10923,275,Headset,Norte,2,Boleto,300,0.08,600,48.0,552.0,Periféticos
2025-07-13 17:03:33,10924,164,Teclado,Sul,5,Pix,250,0.04,1250,50.0,1200.0,Periféricos
2025-05-06 20:30:03,10925,443,Mesa,Nordeste,5,Cartão de débito,1100,0.05,5500,275.0,5225.0,Móveis
2025-09-16 04:09:59,10926,319,Mouse,Centro-Oeste,2,Cartão de crédito,120,0.0,240,0.0,240.0,Periféricos
2025-05-27 09:38:35,10927,589,Headset,Norte,1,Pix,300,0.11,300,33.0,267.0,Periféticos
2025-07-16 00:59:51,10928,504,Notebook,Sudeste,5,Cartão de débito,3500,0.11,17500,1925.0,15575.0,Eletrônicos
2025-10-07 05:49:45,10929,686,Monitor,Sul,1,Cartão de crédito,1200,0.1,1200,120.0,1080.0,Eletrônicos
2025-01-31 21:04:27,10930,387,Mesa,Centro-Oeste,2,Cartão de crédito,1100,0.13,2200,286.0,1914.0,Móveis
2025-11-06 08:45:23,10931,970,Monitor,Sudeste,1,Cartão de crédito,1200,0.14,1200,168.00000000000003,1032.0,Eletrônicos
2025-05-18 05:53:29,10932,870,Headset,Sudeste,3,Boleto,300,0.08,900,72.0,828.0,Periféticos
2025-09-29 05:07:19,10933,833,Cadeira,Nordeste,2,Pix,850,0.1,1700,170.0,1530.0,Móveis
2025-03-30 23:14:01,10934,888,Teclado,Nordeste,2,Cartão de crédito,250,0.0,500,0.0,500.0,Periféricos
2025-05-21 19:00:11,10935,603,Celular,Norte,5,Cartão de crédito,2200,0.13,11000,1430.0,9570.0,Eletrônicos
2025-10-02 22:52:33,10936,750,Mouse,Norte,5,Cartão de débito,120,0.12,600,72.0,528.0,Periféricos
2025-01-16 13:20:27,10937,776,Tablet,Sudeste,5,Pix,1500,0.0,7500,0.0,7500.0,Eletrônicos
2025-02-18 05:21:40,10938,691,Impressora,Sudeste,3,Cartão de débito,900,0.08,2700,216.0,2484.0,Eletrônicos
2025-10-08 14:31:04,10939,494,Teclado,Norte,3,Pix,250,0.14,750,105.00000000000001,645.0,Periféricos
2025-04-17 05:57:55,10940,490,Celular,Norte,4,Cartão de crédito,2200,0.03,8800,264.0,8536.0,Eletrônicos
2025-04-02 06:07:59,10941,721,Impressora,Sudeste,2,Boleto,900,0.05,1800,90.0,1710.0,Eletrônicos
2025-01-06 18:12:42,10942,73,Mesa,Centro-Oeste,5,Cartão de débito,1100,0.05,5500,275.0,5225.0,Móveis
2025-05-22 15:15:01,10943,509,Impressora,Sudeste,2,Boleto,900,0.05,1800,90.0,1710.0,Eletrônicos
2025-02-22 23:43:58,10944,390,Notebook,Centro-Oeste,1,Boleto,3500,0.01,3500,35.0,3465.0,Eletrônicos
2025-08-29 21:56:32,10945,619,Teclado,Centro-Oeste,3,Boleto,250,0.04,750,30.0,720.0,Periféricos
2025-11-11 11:13:12,10946,857,Monitor,Sudeste,4,Pix,1200,0.04,4800,192.0,4608.0,Eletrônicos
2025-08-29 14:28:48,10947,295,Cadeira,Sul,1,Pix,850,0.13,850,110.5,739.5,Móveis
2025-09-04 09:35:48,10948,369,Tablet,Norte,2,Boleto,1500,0.05,3000,150.0,2850.0,Eletrônicos
2025-03-06 09:01:07,10949,956,Monitor,Nordeste,3,Cartão de crédito,1200,0.07,3600,252.00000000000003,3348.0,Eletrônicos
2025-03-02 14:46:36,10950,796,Celular,Sudeste,5,Cartão de crédito,2200,0.06,11000,660.0,10340.0,Eletrônicos
2025-09-08 17:20:27,10951,865,Teclado,Centro-Oeste,1,Boleto,250,0.02,250,5.0,245.0,Periféricos
2025-09-23 02:05:35,10952,694,Cadeira,Sudeste,3,Cartão de débito,850,0.15,2550,382.5,2167.5,Móveis
2025-11-13 12:03:40,10953,549,Impressora,Norte,2,Cartão de débito,900,0.12,1800,216.0,1584.0,Eletrônicos
2025-01-19 12:33:16,10954,649,Teclado,Centro-Oeste,2,Pix,250,0.08,500,40.0,460.0,Periféricos
2025-08-21 12:06:05,10955,850,Impressora,Nordeste,1,Cartão de débito,900,0.07,900,63.00000000000001,837.0,Eletrônicos
2025-10-20 16:30:26,10956,568,Mesa,Nordeste,1,Cartão de crédito,1100,0.1,1100,110.0,990.0,Móveis
2025-04-21 14:13:16,10957,187,Notebook,Nordeste,1,Boleto,3500,0.05,3500,175.0,3325.0,Eletrônicos
2025-05-31 17:06:13,10958,853,Headset,Sul,4,Cartão de débito,300,0.01,1200,12.0,1188.0,Periféticos
2025-08-12 01:41:37,10959,770,Teclado,Centro-Oeste,5,Boleto,250,0.06,1250,75.0,1175.0,Periféricos
2025-05-09 01:57:06,10960,445,Celular,Centro-Oeste,3,Cartão de débito,2200,0.15,6600,990.0,5610.0,Eletrônicos
2025-12-13 10:57:03,10961,570,Impressora,Sul,2,Pix,900,0.03,1800,54.0,1746.0,Eletrônicos
2025-06-01 00:01:08,10962,363,Monitor,Centro-Oeste,2,Cartão de crédito,1200,0.08,2400,192.0,2208.0,Eletrônicos
2025-07-20 20:08:14,10963,123,Mesa,Sul,5,Pix,1100,0.0,5500,0.0,5500.0,Móveis
2025-09-12 05:18:16,10964,188,Celular,Sudeste,1,Boleto,2200,0.02,2200,44.0,2156.0,Eletrônicos
2025-07-27 19:34:25,10965,742,Tablet,Norte,1,Cartão de crédito,1500,0.09,1500,135.0,1365.0,Eletrônicos
2025-08-18 19:56:57,10966,680,Headset,Nordeste,2,Cartão de crédito,300,0.04,600,24.0,576.0,Periféticos
2025-06-01 04:01:59,10967,420,Mesa,Sul,5,Pix,1100,0.14,5500,770.0000000000001,4730.0,Móveis
2025-03-24 14:13:49,10968,626,Notebook,Sul,2,Cartão de débito,3500,0.06,7000,420.0,6580.0,Eletrônicos
2025-11-29 12:09:21,10969,252,Headset,Sul,1,Pix,300,0.03,300,9.0,291.0,Periféticos
2025-08-23 06:40:58,10970,619,Impressora,Sudeste,3,Boleto,900,0.08,2700,216.0,2484.0,Eletrônicos
2025-11-03 00:35:56,10971,549,Celular,Sul,1,Cartão de débito,2200,0.12,2200,264.0,1936.0,Eletrônicos
2025-02-08 08:44:52,10972,335,Tablet,Norte,3,Pix,1500,0.0,4500,0.0,4500.0,Eletrônicos
2025-05-26 15:00:06,10973,92,Mouse,Norte,4,Pix,120,0.08,480,38.4,441.6,Periféricos
2025-09-06 19:20:23,10974,530,Notebook,Nordeste,5,Cartão de débito,3500,0.12,17500,2100.0,15400.0,Eletrônicos
2025-03-14 17:51:28,10975,866,Cadeira,Sudeste,4,Cartão de débito,850,0.02,3400,68.0,3332.0,Móveis
2025-07-27 00:46:45,10976,63,Impressora,Norte,1,Cartão de débito,900,0.14,900,126.00000000000001,774.0,Eletrônicos
2025-10-19 14:12:16,10977,662,Mouse,Centro-Oeste,5,Pix,120,0.04,600,24.0,576.0,Periféricos
2025-07-09 06:37:05,10978,512,Teclado,Centro-Oeste,1,Cartão de débito,250,0.03,250,7.5,242.5,Periféricos
2025-05-25 05:10:55,10979,139,Tablet,Centro-Oeste,5,Cartão de débito,1500,0.09,7500,675.0,6825.0,Eletrônicos
2025-02-15 06:55:42,10980,698,Monitor,Sul,5,Cartão de débito,1200,0.03,6000,180.0,5820.0,Eletrônicos
2025-04-09 09:30:24,10981,185,Cadeira,Sul,1,Cartão de crédito,850,0.1,850,85.0,765.0,Móveis
2025-03-28 10:40:10,10982,205,Celular,Centro-Oeste,1,Boleto,2200,0.07,2200,154.00000000000003,2046.0,Eletrônicos
2025-01-19 22:12:36,10983,772,Tablet,Nordeste,5,Cartão de débito,1500,0.02,7500,150.0,7350.0,Eletrônicos
2025-10-20 20:04:14,10984,214,Headset,Nordeste,5,Boleto,300,0.14,1500,210.00000000000003,1290.0,Periféticos
2025-04-28 12:53:44,10985,256,Mesa,Sul,1,Cartão de débito,1100,0.1,1100,110.0,990.0,Móveis
2025-02-27 21:10:45,10986,135,Headset,Centro-Oeste,1,Cartão de débito,300,0.08,300,24.0,276.0,Periféticos
2025-02-21 15:50:18,10987,573,Headset,Nordeste,2,Cartão de crédito,300,0.06,600,36.0,564.0,Periféticos
2025-11-04 06:43:38,10988,875,Teclado,Sul,2,Cartão de crédito,250,0.02,500,10.0,490.0,Periféricos
2025-11-24 03:59:44,10989,822,Notebook,Centro-Oeste,2,Cartão de débito,3500,0.11,7000,770.0,6230.0,Eletrônicos
2025-04-29 20:49:16,10990,88,Monitor,Sudeste,4,Cartão de débito,1200,0.12,4800,576.0,4224.0,Eletrônicos
2025-02-20 07:09:20,10991,836,Cadeira,Centro-Oeste,5,Cartão de débito,850,0.02,4250,85.0,4165.0,Móveis
2025-10-04 23:29:44,10992,988,Notebook,Centro-Oeste,3,Boleto,3500,0.07,10500,735.0000000000001,9765.0,Eletrônicos
2025-02-07 15:08:18,10993,207,Tablet,Norte,4,Cartão de débito,1500,0.07,6000,420.00000000000006,5580.0,Eletrônicos
2025-02-21 16:19:10,10994,129,Headset,Norte,5,Boleto,300,0.05,1500,75.0,1425.0,Periféticos
2025-10-19 06:37:08,10995,823,Teclado,Sudeste,3,Cartão de crédito,250,0.12,750,90.0,660.0,Periféricos
2025-03-25 21:51:43,10996,3,Tablet,Sudeste,2,Boleto,1500,0.01,3000,30.0,2970.0,Eletrônicos
2025-09-08 20:46:46,10997,974,Mesa,Centro-Oeste,3,Cartão de débito,1100,0.03,3300,99.0,3201.0,Móveis
2025-09-23 19:39:49,10998,934,Monitor,Nordeste,1,Cartão de crédito,1200,0.0,1200,0.0,1200.0,Eletrônicos
2025-07-29 11:58:19,10999,754,Cadeira,Sudeste,1,Pix,850,0.06,850,51.0,799.0,Móveis
2025-01-20 22:25:20,11000,121,Mesa,Centro-Oeste,5,Cartão de crédito,1100,0.04,5500,220.0,5280.0,Móveis
2025-06-03 21:59:32,11001,385,Teclado,Sul,4,Pix,250,0.13,1000,130.0,870.0,Periféricos
2025-08-10 04:15:33,11002,614,Monitor,Norte,2,Boleto,1200,0.11,2400,264.0,2136.0,Eletrônicos
2025-12-10 18:48:34,11003,38,Tablet,Nordeste,5,Cartão de crédito,1500,0.01,7500,75.0,7425.0,Eletrônicos
2025-02-06 23:52:20,11004,341,Headset,Centro-Oeste,2,Cartão de crédito,300,0.11,600,66.0,534.0,Periféticos
2025-12-16 04:35:34,11005,925,Headset,Sul,1,Cartão de crédito,300,0.1,300,30.0,270.0,Periféticos
2025-06-17 03:30:44,11006,645,Impressora,Norte,4,Boleto,900,0.04,3600,144.0,3456.0,Eletrônicos
2025-12-28 04:20:52,11007,714,Headset,Sul,4,Cartão de débito,300,0.0,1200,0.0,1200.0,Periféticos
2025-12-19 00:11:53,11008,860,Mouse,Centro-Oeste,1,Boleto,120,0.02,120,2.4,117.6,Periféricos
2025-10-21 03:51:37,11009,21,Headset,Sudeste,3,Cartão de crédito,300,0.04,900,36.0,864.0,Periféticos
2025-05-22 16:50:26,11010,242,Mouse,Norte,4,Cartão de débito,120,0.12,480,57.599999999999994,422.4,Periféricos
2025-09-14 12:50:24,11011,455,Celular,Sul,3,Cartão de crédito,2200,0.07,6600,462.00000000000006,6138.0,Eletrônicos
2025-11-30 13:08:36,11012,963,Mouse,Sudeste,2,Cartão de crédito,120,0.14,240,33.6,206.4,Periféricos
2025-09-18 01:35:09,11013,621,Monitor,Nordeste,4,Pix,1200,0.12,4800,576.0,4224.0,Eletrônicos
2025-04-06 11:02:32,11014,303,Mesa,Centro-Oeste,1,Cartão de crédito,1100,0.04,1100,44.0,1056.0,Móveis
2025-07-26 18:22:37,11015,596,Monitor,Centro-Oeste,3,Boleto,1200,0.13,3600,468.0,3132.0,Eletrônicos
2025-03-13 16:53:20,11016,595,Mesa,Norte,2,Boleto,1100,0.02,2200,44.0,2156.0,Móveis
2025-02-16 00:47:46,11017,803,Impressora,Sul,2,Boleto,900,0.01,1800,18.0,1782.0,Eletrônicos
2025-03-06 08:09:16,11018,964,Celular,Nordeste,4,Cartão de débito,2200,0.09,8800,792.0,8008.0,Eletrônicos
2025-08-18 06:29:32,11019,69,Mesa,Norte,4,Pix,1100,0.05,4400,220.0,4180.0,Móveis
2025-07-23 22:38:59,11020,129,Mesa,Norte,5,Pix,1100,0.05,5500,275.0,5225.0,Móveis
2025-04-14 09:54:05,11021,196,Teclado,Sul,5,Cartão de crédito,250,0.1,1250,125.0,1125.0,Periféricos
2025-06-10 02:24:00,11022,140,Notebook,Nordeste,4,Cartão de crédito,3500,0.13,14000,1820.0,12180.0,Eletrônicos
2025-12-14 22:17:11,11023,444,Notebook,Sul,5,Pix,3500,0.05,17500,875.0,16625.0,Eletrônicos
2025-02-16 18:21:19,11024,283,Teclado,Centro-Oeste,1,Cartão de débito,250,0.05,250,12.5,237.5,Periféricos
2025-01-02 01:36:33,11025,312,Headset,Sudeste,1,Boleto,300,0.08,300,24.0,276.0,Periféticos
2025-11-25 02:22:19,11026,746,Teclado,Centro-Oeste,5,Cartão de crédito,250,0.1,1250,125.0,1125.0,Periféricos
2025-06-01 11:47:42,11027,535,Mesa,Centro-Oeste,4,Pix,1100,0.03,4400,132.0,4268.0,Móveis
2025-07-27 22:01:43,11028,665,Mesa,Norte,1,Cartão de débito,1100,0.14,1100,154.00000000000003,946.0,Móveis
2025-11-23 02:04:22,11029,277,Teclado,Centro-Oeste,2,Boleto,250,0.1,500,50.0,450.0,Periféricos
2025-10-25 03:39:37,11030,61,Teclado,Nordeste,4,Cartão de crédito,250,0.09,1000,90.0,910.0,Periféricos
2025-08-21 18:40:33,11031,319,Headset,Centro-Oeste,3,Boleto,300,0.14,900,126.00000000000001,774.0,Periféticos
2025-11-29 17:31:33,11032,890,Monitor,Nordeste,3,Boleto,1200,0.14,3600,504.00000000000006,3096.0,Eletrônicos
2025-06-11 09:12:34,11033,52,Celular,Sul,4,Pix,2200,0.02,8800,176.0,8624.0,Eletrônicos
2025-08-14 14:38:50,11034,856,Tablet,Norte,5,Pix,1500,0.02,7500,150.0,7350.0,Eletrônicos
2025-06-03 14:12:01,11035,153,Mesa,Nordeste,1,Boleto,1100,0.11,1100,121.0,979.0,Móveis
2025-01-31 18:29:31,11036,749,Celular,Centro-Oeste,1,Boleto,2200,0.14,2200,308.00000000000006,1892.0,Eletrônicos
2025-07-13 03:51:28,11037,311,Teclado,Norte,4,Cartão de crédito,250,0.1,1000,100.0,900.0,Periféricos
2025-09-08 03:12:53,11038,814,Headset,Norte,2,Cartão de débito,300,0.06,600,36.0,564.0,Periféticos
2025-12-16 18:35:23,11039,544,Mouse,Nordeste,5,Cartão de débito,120,0.1,600,60.0,540.0,Periféricos
2025-11-07 17:06:12,11040,567,Headset,Nordeste,2,Boleto,300,0.03,600,18.0,582.0,Periféticos
2025-05-03 19:41:17,11041,864,Cadeira,Sudeste,4,Pix,850,0.15,3400,510.0,2890.0,Móveis
2025-03-24 04:49:33,11042,389,Cadeira,Sudeste,4,Cartão de débito,850,0.06,3400,204.0,3196.0,Móveis
2025-05-17 23:15:06,11043,548,Celular,Norte,2,Boleto,2200,0.14,4400,616.0000000000001,3784.0,Eletrônicos
2025-09-08 19:21:28,11044,622,Notebook,Sudeste,3,Pix,3500,0.06,10500,630.0,9870.0,Eletrônicos
2025-07-19 18:08:16,11045,177,Cadeira,Centro-Oeste,4,Cartão de crédito,850,0.14,3400,476.00000000000006,2924.0,Móveis
2025-03-01 18:54:39,11046,362,Cadeira,Sul,5,Cartão de débito,850,0.05,4250,212.5,4037.5,Móveis
2025-06-23 03:56:46,11047,314,Monitor,Norte,2,Cartão de crédito,1200,0.11,2400,264.0,2136.0,Eletrônicos
2025-09-23 17:02:38,11048,807,Mouse,Sul,3,Pix,120,0.14,360,50.400000000000006,309.6,Periféricos
2025-11-18 18:55:18,11049,848,Monitor,Sudeste,2,Boleto,1200,0.1,2400,240.0,2160.0,Eletrônicos
2025-09-13 08:58:54,11050,97,Mouse,Nordeste,3,Cartão de crédito,120,0.1,360,36.0,324.0,Periféricos
2025-06-19 22:08:36,11051,881,Impressora,Norte,3,Boleto,900,0.02,2700,54.0,2646.0,Eletrônicos
2025-06-05 04:45:08,11052,213,Tablet,Sudeste,5,Cartão de débito,1500,0.07,7500,525.0,6975.0,Eletrônicos
2025-11-22 13:05:17,11053,829,Mesa,Centro-Oeste,4,Cartão de crédito,1100,0.13,4400,572.0,3828.0,Móveis
2025-02-17 11:04:33,11054,137,Cadeira,Norte,3,Cartão de débito,850,0.04,2550,102.0,2448.0,Móveis
2025-01-18 18:07:06,11055,6,Mesa,Norte,4,Cartão de débito,1100,0.12,4400,528.0,3872.0,Móveis
2025-04-11 17:53:54,11056,109,Cadeira,Nordeste,5,Cartão de débito,850,0.1,4250,425.0,3825.0,Móveis
2025-08-23 07:29:42,11057,547,Monitor,Norte,4,Cartão de débito,1200,0.03,4800,144.0,4656.0,Eletrônicos
2025-06-26 22:01:09,11058,39,Tablet,Nordeste,1,Cartão de débito,1500,0.04,1500,60.0,1440.0,Eletrônicos
2025-01-04 18:55:59,11059,662,Monitor,Sudeste,3,Pix,1200,0.06,3600,216.0,3384.0,Eletrônicos
2025-12-01 15:47:07,11060,425,Monitor,Centro-Oeste,5,Cartão de crédito,1200,0.02,6000,120.0,5880.0,Eletrônicos
2025-07-13 21:08:49,11061,630,Mouse,Centro-Oeste,2,Boleto,120,0.14,240,33.6,206.4,Periféricos
2025-12-06 21:31:17,11062,261,Notebook,Norte,5,Boleto,3500,0.11,17500,1925.0,15575.0,Eletrônicos
2025-11-21 09:02:41,11063,426,Headset,Norte,3,Pix,300,0.05,900,45.0,855.0,Periféticos
2025-07-17 20:32:33,11064,87,Celular,Sudeste,5,Boleto,2200,0.04,11000,440.0,10560.0,Eletrônicos
2025-07-10 11:32:33,11065,465,Mesa,Nordeste,2,Boleto,1100,0.1,2200,220.0,1980.0,Móveis
2025-03-22 11:35:57,11066,76,Impressora,Centro-Oeste,1,Boleto,900,0.06,900,54.0,846.0,Eletrônicos
2025-01-07 08:50:22,11067,471,Cadeira,Nordeste,3,Cartão de crédito,850,0.03,2550,76.5,2473.5,Móveis
2025-09-09 18:17:22,11068,976,Monitor,Sudeste,3,Boleto,1200,0.06,3600,216.0,3384.0,Eletrônicos
2025-10-12 09:39:10,11069,963,Notebook,Centro-Oeste,5,Cartão de crédito,3500,0.13,17500,2275.0,15225.0,Eletrônicos
2025-08-12 23:13:55,11070,414,Monitor,Centro-Oeste,4,Boleto,1200,0.01,4800,48.0,4752.0,Eletrônicos
2025-01-29 09:35:52,11071,825,Tablet,Sul,4,Boleto,1500,0.06,6000,360.0,5640.0,Eletrônicos
2025-11-04 01:25:57,11072,895,Mouse,Sudeste,2,Cartão de crédito,120,0.14,240,33.6,206.4,Periféricos
2025-10-06 06:36:16,11073,726,Impressora,Sudeste,1,Pix,900,0.0,900,0.0,900.0,Eletrônicos
2025-04-30 10:54:15,11074,457,Headset,Sul,1,Boleto,300,0.13,300,39.0,261.0,Periféticos
2025-07-29 20:10:54,11075,285,Tablet,Nordeste,5,Cartão de débito,1500,0.06,7500,450.0,7050.0,Eletrônicos
2025-10-22 04:11:39,11076,239,Teclado,Sul,5,Cartão de débito,250,0.03,1250,37.5,1212.5,Periféricos
2025-02-23 21:48:13,11077,677,Impressora,Sudeste,4,Pix,900,0.0,3600,0.0,3600.0,Eletrônicos
2025-09-01 12:58:30,11078,599,Monitor,Nordeste,1,Cartão de débito,1200,0.01,1200,12.0,1188.0,Eletrônicos
2025-01-09 04:34:49,11079,653,Tablet,Centro-Oeste,1,Cartão de crédito,1500,0.03,1500,45.0,1455.0,Eletrônicos
2025-05-29 13:40:02,11080,672,Headset,Sul,1,Boleto,300,0.0,300,0.0,300.0,Periféticos
2025-04-26 19:02:40,11081,558,Notebook,Nordeste,2,Boleto,3500,0.05,7000,350.0,6650.0,Eletrônicos
2025-07-29 04:28:52,11082,372,Notebook,Nordeste,2,Boleto,3500,0.01,7000,70.0,6930.0,Eletrônicos
2025-11-17 13:20:03,11083,495,Mesa,Nordeste,5,Boleto,1100,0.1,5500,550.0,4950.0,Móveis
2025-11-06 06:54:01,11084,624,Headset,Sul,4,Cartão de débito,300,0.12,1200,144.0,1056.0,Periféticos
2025-08-23 06:22:47,11085,919,Notebook,Centro-Oeste,3,Cartão de débito,3500,0.13,10500,1365.0,9135.0,Eletrônicos
2025-11-02 21:54:24,11086,45,Tablet,Nordeste,4,Cartão de débito,1500,0.08,6000,480.0,5520.0,Eletrônicos
2025-06-13 16:23:44,11087,401,Mesa,Sul,2,Cartão de crédito,1100,0.14,2200,308.00000000000006,1892.0,Móveis
2025-01-22 11:16:11,11088,247,Notebook,Sudeste,2,Cartão de débito,3500,0.0,7000,0.0,7000.0,Eletrônicos
2025-07-05 17:11:47,11089,616,Impressora,Sul,5,Cartão de débito,900,0.02,4500,90.0,4410.0,Eletrônicos
2025-10-26 19:07:03,11090,597,Mouse,Sul,3,Boleto,120,0.04,360,14.4,345.6,Periféricos
2025-12-04 23:14:12,11091,450,Teclado,Sul,1,Cartão de débito,250,0.12,250,30.0,220.0,Periféricos
2025-06-22 11:57:21,11092,485,Headset,Nordeste,3,Pix,300,0.13,900,117.0,783.0,Periféticos
2025-06-29 20:39:33,11093,646,Tablet,Sul,3,Pix,1500,0.09,4500,405.0,4095.0,Eletrônicos
2025-01-22 09:43:16,11094,620,Cadeira,Sudeste,3,Boleto,850,0.06,2550,153.0,2397.0,Móveis
2025-07-02 02:36:49,11095,18,Monitor,Nordeste,5,Cartão de débito,1200,0.1,6000,600.0,5400.0,Eletrônicos
2025-02-01 03:34:36,11096,606,Tablet,Sudeste,2,Pix,1500,0.03,3000,90.0,2910.0,Eletrônicos
2025-10-26 13:11:25,11097,662,Notebook,Norte,1,Pix,3500,0.07,3500,245.00000000000003,3255.0,Eletrônicos
2025-01-30 05:55:54,11098,758,Tablet,Sul,3,Cartão de crédito,1500,0.08,4500,360.0,4140.0,Eletrônicos
2025-03-17 19:19:06,11099,289,Cadeira,Nordeste,1,Boleto,850,0.02,850,17.0,833.0,Móveis
2025-10-14 20:37:03,11100,414,Monitor,Nordeste,3,Pix,1200,0.01,3600,36.0,3564.0,Eletrônicos
2025-10-07 15:44:10,11101,721,Mesa,Sul,2,Pix,1100,0.11,2200,242.0,1958.0,Móveis
2025-10-03 22:23:46,11102,638,Notebook,Centro-Oeste,1,Boleto,3500,0.08,3500,280.0,3220.0,Eletrônicos
2025-10-26 22:17:18,11103,235,Celular,Centro-Oeste,4,Cartão de débito,2200,0.05,8800,440.0,8360.0,Eletrônicos
2025-07-12 20:41:28,11104,416,Notebook,Sudeste,2,Boleto,3500,0.07,7000,490.00000000000006,6510.0,Eletrônicos
2025-12-14 16:21:42,11105,938,Teclado,Sul,1,Cartão de crédito,250,0.14,250,35.0,215.0,Periféricos
2025-06-01 09:49:42,11106,499,Celular,Sul,3,Cartão de crédito,2200,0.06,6600,396.0,6204.0,Eletrônicos
2025-11-27 03:09:03,11107,974,Teclado,Norte,3,Cartão de crédito,250,0.02,750,15.0,735.0,Periféricos
2025-06-22 06:08:30,11108,634,Cadeira,Centro-Oeste,2,Pix,850,0.07,1700,119.00000000000001,1581.0,Móveis
2025-04-03 14:38:02,11109,650,Headset,Centro-Oeste,2,Cartão de débito,300,0.1,600,60.0,540.0,Periféticos
2025-10-26 23:47:01,11110,115,Monitor,Sul,3,Cartão de crédito,1200,0.0,3600,0.0,3600.0,Eletrônicos
2025-04-28 01:42:39,11111,932,Mouse,Sudeste,1,Boleto,120,0.05,120,6.0,114.0,Periféricos
2025-01-13 09:57:27,11112,674,Mesa,Sul,4,Cartão de crédito,1100,0.06,4400,264.0,4136.0,Móveis
2025-01-19 21:05:07,11113,713,Mouse,Sudeste,5,Pix,120,0.07,600,42.00000000000001,558.0,Periféricos
2025-04-19 23:51:03,11114,234,Impressora,Centro-Oeste,2,Cartão de crédito,900,0.05,1800,90.0,1710.0,Eletrônicos
2025-03-01 02:29:23,11115,540,Impressora,Norte,3,Cartão de débito,900,0.1,2700,270.0,2430.0,Eletrônicos
2025-04-06 07:24:39,11116,11,Cadeira,Nordeste,1,Cartão de crédito,850,0.14,850,119.00000000000001,731.0,Móveis
2025-09-26 23:49:44,11117,206,Headset,Centro-Oeste,2,Cartão de débito,300,0.14,600,84.00000000000001,516.0,Periféticos
2025-11-03 09:13:38,11118,679,Impressora,Sudeste,1,Cartão de débito,900,0.1,900,90.0,810.0,Eletrônicos
2025-12-21 10:33:03,11119,247,Notebook,Sul,2,Boleto,3500,0.08,7000,560.0,6440.0,Eletrônicos
2025-09-17 01:43:30,11120,559,Tablet,Centro-Oeste,3,Cartão de débito,1500,0.12,4500,540.0,3960.0,Eletrônicos
2025-06-23 17:58:52,11121,758,Teclado,Norte,1,Pix,250,0.13,250,32.5,217.5,Periféricos
2025-08-05 18:06:23,11122,127,Impressora,Sudeste,3,Pix,900,0.12,2700,324.0,2376.0,Eletrônicos
2025-01-23 02:45:05,11123,147,Cadeira,Sul,1,Cartão de débito,850,0.02,850,17.0,833.0,Móveis
2025-01-19 12:53:16,11124,118,Teclado,Nordeste,2,Cartão de débito,250,0.0,500,0.0,500.0,Periféricos
2025-08-27 01:31:37,11125,911,Notebook,Sudeste,5,Cartão de crédito,3500,0.15,17500,2625.0,14875.0,Eletrônicos
2025-09-11 11:25:38,11126,382,Headset,Sul,5,Cartão de crédito,300,0.14,1500,210.00000000000003,1290.0,Periféticos
2025-03-31 18:46:42,11127,412,Monitor,Nordeste,4,Boleto,1200,0.08,4800,384.0,4416.0,Eletrônicos
2025-03-15 11:29:24,11128,664,Mouse,Sul,4,Cartão de crédito,120,0.15,480,72.0,408.0,Periféricos
2025-08-31 05:11:32,11129,584,Notebook,Nordeste,3,Pix,3500,0.12,10500,1260.0,9240.0,Eletrônicos
2025-03-08 05:53:21,11130,363,Mesa,Nordeste,1,Cartão de crédito,1100,0.08,1100,88.0,1012.0,Móveis
2025-09-14 03:34:51,11131,509,Celular,Nordeste,4,Boleto,2200,0.06,8800,528.0,8272.0,Eletrônicos
2025-07-12 08:09:13,11132,137,Cadeira,Sul,2,Boleto,850,0.09,1700,153.0,1547.0,Móveis
2025-09-13 06:52:44,11133,175,Mouse,Nordeste,5,Cartão de débito,120,0.08,600,48.0,552.0,Periféricos
2025-01-28 13:45:57,11134,289,Mesa,Sudeste,1,Boleto,1100,0.15,1100,165.0,935.0,Móveis
2025-05-18 10:48:52,11135,958,Monitor,Norte,5,Cartão de débito,1200,0.07,6000,420.00000000000006,5580.0,Eletrônicos
2025-04-02 11:34:29,11136,481,Mesa,Norte,1,Pix,1100,0.13,1100,143.0,957.0,Móveis
2025-06-21 10:03:44,11137,19,Headset,Nordeste,4,Pix,300,0.12,1200,144.0,1056.0,Periféticos
2025-06-07 18:08:04,11138,195,Celular,Norte,4,Cartão de crédito,2200,0.01,8800,88.0,8712.0,Eletrônicos
2025-08-09 03:59:07,11139,330,Teclado,Norte,3,Boleto,250,0.01,750,7.5,742.5,Periféricos
2025-06-09 12:08:57,11140,936,Mouse,Nordeste,1,Pix,120,0.1,120,12.0,108.0,Periféricos
2025-06-28 13:44:13,11141,175,Celular,Nordeste,2,Cartão de débito,2200,0.04,4400,176.0,4224.0,Eletrônicos
2025-09-01 07:47:45,11142,449,Tablet,Sudeste,4,Boleto,1500,0.1,6000,600.0,5400.0,Eletrônicos
2025-07-06 08:00:48,11143,925,Notebook,Centro-Oeste,3,Boleto,3500,0.02,10500,210.0,10290.0,Eletrônicos
2025-06-19 20:57:49,11144,946,Tablet,Sul,4,Cartão de débito,1500,0.06,6000,360.0,5640.0,Eletrônicos
2025-04-09 03:41:13,11145,354,Notebook,Nordeste,5,Boleto,3500,0.02,17500,350.0,17150.0,Eletrônicos
2025-05-24 21:39:56,11146,499,Headset,Nordeste,4,Boleto,300,0.04,1200,48.0,1152.0,Periféticos
2025-03-05 03:29:30,11147,141,Celular,Norte,1,Pix,2200,0.01,2200,22.0,2178.0,Eletrônicos
2025-01-13 09:50:00,11148,758,Monitor,Sudeste,3,Cartão de débito,1200,0.15,3600,540.0,3060.0,Eletrônicos
2025-11-12 19:31:37,11149,897,Impressora,Norte,1,Pix,900,0.06,900,54.0,846.0,Eletrônicos
2025-05-07 00:51:04,11150,930,Mesa,Nordeste,2,Cartão de débito,1100,0.14,2200,308.00000000000006,1892.0,Móveis
2025-08-16 19:36:14,11151,93,Impressora,Nordeste,2,Cartão de crédito,900,0.15,1800,270.0,1530.0,Eletrônicos
2025-05-25 04:18:00,11152,944,Celular,Norte,4,Boleto,2200,0.14,8800,1232.0000000000002,7568.0,Eletrônicos
2025-01-15 03:41:09,11153,239,Tablet,Nordeste,3,Boleto,1500,0.07,4500,315.00000000000006,4185.0,Eletrônicos
2025-06-30 15:34:06,11154,205,Impressora,Centro-Oeste,3,Pix,900,0.12,2700,324.0,2376.0,Eletrônicos
2025-07-11 02:40:55,11155,560,Cadeira,Sul,3,Boleto,850,0.02,2550,51.0,2499.0,Móveis
2025-11-14 16:54:53,11156,433,Impressora,Sul,3,Boleto,900,0.01,2700,27.0,2673.0,Eletrônicos
2025-02-06 04:09:14,11157,245,Notebook,Sul,4,Pix,3500,0.13,14000,1820.0,12180.0,Eletrônicos
2025-12-05 12:31:58,11158,832,Cadeira,Centro-Oeste,1,Pix,850,0.0,850,0.0,850.0,Móveis
2025-04-24 15:15:59,11159,317,Mouse,Nordeste,4,Cartão de débito,120,0.15,480,72.0,408.0,Periféricos
2025-11-14 16:07:24,11160,925,Impressora,Norte,1,Cartão de crédito,900,0.1,900,90.0,810.0,Eletrônicos
2025-05-09 23:59:12,11161,295,Cadeira,Sudeste,5,Pix,850,0.06,4250,255.0,3995.0,Móveis
2025-06-21 00:15:21,11162,640,Celular,Nordeste,5,Cartão de débito,2200,0.02,11000,220.0,10780.0,Eletrônicos
2025-02-25 08:34:43,11163,856,Mesa,Centro-Oeste,1,Pix,1100,0.11,1100,121.0,979.0,Móveis
2025-03-17 06:00:32,11164,282,Mouse,Centro-Oeste,4,Cartão de débito,120,0.08,480,38.4,441.6,Periféricos
2025-11-14 17:57:27,11165,17,Monitor,Sul,2,Cartão de crédito,1200,0.11,2400,264.0,2136.0,Eletrônicos
2025-10-29 20:24:16,11166,71,Monitor,Nordeste,4,Cartão de débito,1200,0.06,4800,288.0,4512.0,Eletrônicos
2025-06-25 09:09:54,11167,269,Headset,Sul,2,Cartão de débito,300,0.01,600,6.0,594.0,Periféticos
2025-08-29 06:36:44,11168,325,Impressora,Sudeste,4,Boleto,900,0.05,3600,180.0,3420.0,Eletrônicos
2025-04-04 13:18:43,11169,794,Mesa,Sul,3,Pix,1100,0.05,3300,165.0,3135.0,Móveis
2025-11-06 09:54:22,11170,305,Teclado,Sudeste,3,Cartão de débito,250,0.0,750,0.0,750.0,Periféricos
2025-09-23 11:38:22,11171,451,Cadeira,Centro-Oeste,5,Pix,850,0.0,4250,0.0,4250.0,Móveis
2025-06-13 06:41:02,11172,7,Mouse,Sul,5,Cartão de débito,120,0.05,600,30.0,570.0,Periféricos
2025-04-18 17:02:47,11173,314,Celular,Sul,1,Boleto,2200,0.11,2200,242.0,1958.0,Eletrônicos
2025-01-08 08:33:25,11174,817,Impressora,Norte,2,Boleto,900,0.09,1800,162.0,1638.0,Eletrônicos
2025-03-28 13:43:41,11175,103,Celular,Centro-Oeste,3,Cartão de crédito,2200,0.04,6600,264.0,6336.0,Eletrônicos
2025-02-23 01:18:17,11176,821,Teclado,Norte,4,Cartão de débito,250,0.09,1000,90.0,910.0,Periféricos
2025-04-17 12:35:39,11177,193,Headset,Sudeste,1,Boleto,300,0.1,300,30.0,270.0,Periféticos
2025-03-27 19:21:58,11178,753,Teclado,Sudeste,4,Pix,250,0.08,1000,80.0,920.0,Periféricos
2025-01-01 18:47:41,11179,574,Notebook,Centro-Oeste,3,Cartão de débito,3500,0.08,10500,840.0,9660.0,Eletrônicos
2025-03-21 09:33:11,11180,529,Tablet,Sudeste,3,Cartão de débito,1500,0.06,4500,270.0,4230.0,Eletrônicos
2025-03-29 18:59:13,11181,171,Mouse,Centro-Oeste,3,Cartão de crédito,120,0.02,360,7.2,352.8,Periféricos
2025-09-20 15:23:24,11182,537,Tablet,Sudeste,3,Pix,1500,0.06,4500,270.0,4230.0,Eletrônicos
2025-09-28 02:03:57,11183,251,Teclado,Nordeste,4,Cartão de crédito,250,0.05,1000,50.0,950.0,Periféricos
2025-12-20 15:26:50,11184,765,Headset,Sul,1,Cartão de débito,300,0.09,300,27.0,273.0,Periféticos
2025-05-02 03:23:35,11185,387,Headset,Nordeste,3,Cartão de crédito,300,0.13,900,117.0,783.0,Periféticos
2025-01-16 03:11:46,11186,207,Monitor,Centro-Oeste,5,Cartão de débito,1200,0.06,6000,360.0,5640.0,Eletrônicos
2025-04-30 21:43:34,11187,541,Impressora,Centro-Oeste,1,Cartão de débito,900,0.11,900,99.0,801.0,Eletrônicos
2025-08-16 18:20:30,11188,629,Monitor,Nordeste,5,Cartão de crédito,1200,0.12,6000,720.0,5280.0,Eletrônicos
2025-02-04 08:00:22,11189,416,Mouse,Sul,4,Cartão de crédito,120,0.03,480,14.399999999999999,465.6,Periféricos
2025-07-12 03:03:09,11190,794,Mouse,Sul,3,Cartão de débito,120,0.14,360,50.400000000000006,309.6,Periféricos
2025-02-12 22:10:54,11191,380,Mouse,Norte,1,Cartão de crédito,120,0.01,120,1.2,118.8,Periféricos
2025-12-16 16:40:27,11192,144,Celular,Sudeste,3,Cartão de crédito,2200,0.14,6600,924.0000000000001,5676.0,Eletrônicos
2025-10-06 20:24:12,11193,25,Monitor,Norte,3,Cartão de débito,1200,0.02,3600,72.0,3528.0,Eletrônicos
2025-01-02 08:47:13,11194,822,Celular,Sul,1,Pix,2200,0.05,2200,110.0,2090.0,Eletrônicos
2025-04-15 09:14:33,11195,668,Tablet,Nordeste,3,Cartão de crédito,1500,0.09,4500,405.0,4095.0,Eletrônicos
2025-05-09 11:01:57,11196,73,Impressora,Sudeste,3,Cartão de crédito,900,0.14,2700,378.00000000000006,2322.0,Eletrônicos
2025-03-09 23:12:34,11197,632,Teclado,Nordeste,2,Boleto,250,0.04,500,20.0,480.0,Periféricos
2025-11-22 01:08:02,11198,824,Cadeira,Norte,2,Pix,850,0.11,1700,187.0,1513.0,Móveis
2025-01-15 01:38:22,11199,833,Monitor,Centro-Oeste,1,Cartão de crédito,1200,0.11,1200,132.0,1068.0,Eletrônicos
2025-06-14 09:00:47,11200,93,Cadeira,Nordeste,1,Cartão de débito,850,0.02,850,17.0,833.0,Móveis
2025-06-29 20:43:04,11201,505,Headset,Norte,3,Boleto,300,0.07,900,63.00000000000001,837.0,Periféticos
2025-05-31 15:10:46,11202,598,Monitor,Norte,5,Boleto,1200,0.07,6000,420.00000000000006,5580.0,Eletrônicos
2025-04-24 13:06:44,11203,336,Tablet,Norte,1,Boleto,1500,0.05,1500,75.0,1425.0,Eletrônicos
2025-05-10 01:36:27,11204,425,Monitor,Centro-Oeste,3,Cartão de crédito,1200,0.12,3600,432.0,3168.0,Eletrônicos
2025-08-10 00:31:05,11205,499,Celular,Centro-Oeste,5,Cartão de débito,2200,0.14,11000,1540.0000000000002,9460.0,Eletrônicos
2025-03-14 19:55:18,11206,364,Impressora,Centro-Oeste,2,Boleto,900,0.11,1800,198.0,1602.0,Eletrônicos
2025-03-29 19:42:48,11207,947,Teclado,Sudeste,1,Pix,250,0.15,250,37.5,212.5,Periféricos
2025-08-26 05:48:00,11208,630,Mesa,Centro-Oeste,3,Boleto,1100,0.01,3300,33.0,3267.0,Móveis
2025-01-26 09:03:34,11209,745,Teclado,Centro-Oeste,2,Boleto,250,0.01,500,5.0,495.0,Periféricos
2025-06-12 09:28:53,11210,199,Teclado,Centro-Oeste,4,Pix,250,0.13,1000,130.0,870.0,Periféricos
2025-12-24 03:51:53,11211,718,Headset,Nordeste,2,Boleto,300,0.13,600,78.0,522.0,Periféticos
2025-07-23 02:16:29,11212,413,Tablet,Centro-Oeste,3,Boleto,1500,0.02,4500,90.0,4410.0,Eletrônicos
2025-05-08 23:39:23,11213,339,Cadeira,Sudeste,5,Pix,850,0.05,4250,212.5,4037.5,Móveis
2025-11-27 18:25:28,11214,659,Tablet,Norte,4,Cartão de crédito,1500,0.13,6000,780.0,5220.0,Eletrônicos
2025-12-14 10:38:04,11215,962,Mesa,Nordeste,4,Pix,1100,0.02,4400,88.0,4312.0,Móveis
2025-09-17 11:38:00,11216,937,Headset,Sul,4,Cartão de crédito,300,0.04,1200,48.0,1152.0,Periféticos
2025-12-26 06:31:31,11217,429,Impressora,Centro-Oeste,1,Cartão de crédito,900,0.1,900,90.0,810.0,Eletrônicos
2025-06-26 01:31:53,11218,783,Teclado,Norte,3,Cartão de crédito,250,0.15,750,112.5,637.5,Periféricos
2025-01-06 09:43:30,11219,899,Celular,Norte,4,Pix,2200,0.12,8800,1056.0,7744.0,Eletrônicos
2025-01-20 03:43:36,11220,139,Headset,Nordeste,2,Pix,300,0.12,600,72.0,528.0,Periféticos
2025-11-07 22:08:44,11221,693,Mouse,Sul,5,Cartão de crédito,120,0.05,600,30.0,570.0,Periféricos
2025-05-31 02:31:45,11222,942,Monitor,Sudeste,3,Pix,1200,0.1,3600,360.0,3240.0,Eletrônicos
2025-02-18 20:30:38,11223,542,Tablet,Norte,2,Cartão de crédito,1500,0.02,3000,60.0,2940.0,Eletrônicos
2025-10-29 23:08:19,11224,57,Headset,Norte,1,Pix,300,0.15,300,45.0,255.0,Periféticos
2025-10-19 03:07:26,11225,232,Mouse,Norte,4,Cartão de débito,120,0.07,480,33.6,446.4,Periféricos
2025-05-02 15:57:09,11226,658,Cadeira,Norte,2,Pix,850,0.1,1700,170.0,1530.0,Móveis
2025-02-14 22:03:13,11227,435,Mesa,Nordeste,3,Pix,1100,0.13,3300,429.0,2871.0,Móveis
2025-06-01 20:28:30,11228,384,Mesa,Sul,2,Pix,1100,0.0,2200,0.0,2200.0,Móveis
2025-06-11 15:45:11,11229,560,Teclado,Norte,1,Cartão de crédito,250,0.15,250,37.5,212.5,Periféricos
2025-01-30 17:21:43,11230,194,Teclado,Sudeste,5,Cartão de crédito,250,0.05,1250,62.5,1187.5,Periféricos
2025-04-09 00:44:32,11231,736,Headset,Sudeste,4,Cartão de débito,300,0.05,1200,60.0,1140.0,Periféticos
2025-04-08 08:38:03,11232,648,Headset,Centro-Oeste,3,Cartão de débito,300,0.02,900,18.0,882.0,Periféticos
2025-05-09 06:25:22,11233,534,Impressora,Norte,4,Boleto,900,0.13,3600,468.0,3132.0,Eletrônicos
2025-07-07 12:55:05,11234,518,Monitor,Norte,4,Cartão de débito,1200,0.13,4800,624.0,4176.0,Eletrônicos
2025-05-06 13:31:20,11235,716,Notebook,Norte,4,Cartão de crédito,3500,0.0,14000,0.0,14000.0,Eletrônicos
2025-03-17 00:42:12,11236,751,Cadeira,Norte,2,Cartão de débito,850,0.01,1700,17.0,1683.0,Móveis
2025-07-04 06:58:13,11237,185,Teclado,Norte,2,Cartão de débito,250,0.14,500,70.0,430.0,Periféricos
2025-03-02 03:27:47,11238,872,Notebook,Sudeste,5,Pix,3500,0.02,17500,350.0,17150.0,Eletrônicos
2025-09-21 01:53:29,11239,292,Notebook,Sul,1,Cartão de débito,3500,0.09,3500,315.0,3185.0,Eletrônicos
2025-10-25 21:35:59,11240,335,Monitor,Sul,3,Boleto,1200,0.09,3600,324.0,3276.0,Eletrônicos
2025-01-24 03:43:29,11241,732,Celular,Centro-Oeste,2,Pix,2200,0.13,4400,572.0,3828.0,Eletrônicos
2025-04-18 15:43:54,11242,116,Celular,Sudeste,4,Cartão de crédito,2200,0.09,8800,792.0,8008.0,Eletrônicos
2025-08-14 09:32:39,11243,825,Teclado,Norte,1,Boleto,250,0.07,250,17.5,232.5,Periféricos
2025-10-29 06:05:46,11244,49,Mouse,Sul,3,Cartão de crédito,120,0.15,360,54.0,306.0,Periféricos
2025-04-17 09:25:00,11245,685,Monitor,Nordeste,3,Boleto,1200,0.03,3600,108.0,3492.0,Eletrônicos
2025-04-21 12:42:45,11246,82,Monitor,Nordeste,3,Pix,1200,0.04,3600,144.0,3456.0,Eletrônicos
2025-07-29 09:29:08,11247,834,Tablet,Nordeste,3,Boleto,1500,0.01,4500,45.0,4455.0,Eletrônicos
2025-07-19 01:20:56,11248,333,Notebook,Norte,5,Boleto,3500,0.15,17500,2625.0,14875.0,Eletrônicos
2025-05-22 18:19:12,11249,557,Tablet,Norte,3,Cartão de débito,1500,0.11,4500,495.0,4005.0,Eletrônicos
2025-01-11 22:26:29,11250,335,Notebook,Centro-Oeste,1,Cartão de crédito,3500,0.0,3500,0.0,3500.0,Eletrônicos
2025-11-24 05:35:16,11251,532,Celular,Centro-Oeste,2,Pix,2200,0.11,4400,484.0,3916.0,Eletrônicos
2025-08-08 19:13:09,11252,960,Teclado,Centro-Oeste,1,Boleto,250,0.06,250,15.0,235.0,Periféricos
2025-10-25 08:35:17,11253,221,Cadeira,Nordeste,4,Cartão de crédito,850,0.15,3400,510.0,2890.0,Móveis
2025-07-07 10:03:34,11254,635,Celular,Norte,5,Cartão de crédito,2200,0.04,11000,440.0,10560.0,Eletrônicos
2025-06-20 17:52:47,11255,746,Monitor,Nordeste,5,Cartão de débito,1200,0.11,6000,660.0,5340.0,Eletrônicos
2025-08-09 06:49:39,11256,733,Cadeira,Centro-Oeste,4,Cartão de crédito,850,0.09,3400,306.0,3094.0,Móveis
2025-12-18 07:53:01,11257,323,Headset,Norte,1,Pix,300,0.0,300,0.0,300.0,Periféticos
2025-12-08 23:35:38,11258,851,Cadeira,Sudeste,1,Cartão de débito,850,0.13,850,110.5,739.5,Móveis
2025-04-07 22:35:41,11259,3,Cadeira,Sul,4,Boleto,850,0.02,3400,68.0,3332.0,Móveis
2025-07-11 03:27:57,11260,694,Celular,Sul,3,Pix,2200,0.1,6600,660.0,5940.0,Eletrônicos
2025-02-28 12:41:01,11261,206,Monitor,Centro-Oeste,3,Pix,1200,0.12,3600,432.0,3168.0,Eletrônicos
2025-03-16 11:54:06,11262,832,Cadeira,Nordeste,2,Pix,850,0.09,1700,153.0,1547.0,Móveis
2025-02-18 00:28:07,11263,40,Celular,Sudeste,1,Cartão de débito,2200,0.01,2200,22.0,2178.0,Eletrônicos
2025-11-02 05:48:38,11264,59,Celular,Norte,1,Cartão de crédito,2200,0.15,2200,330.0,1870.0,Eletrônicos
2025-11-13 23:30:16,11265,951,Cadeira,Nordeste,4,Pix,850,0.04,3400,136.0,3264.0,Móveis
2025-04-15 19:50:14,11266,574,Notebook,Centro-Oeste,4,Cartão de crédito,3500,0.09,14000,1260.0,12740.0,Eletrônicos
2025-08-25 15:28:02,11267,644,Monitor,Nordeste,3,Cartão de crédito,1200,0.12,3600,432.0,3168.0,Eletrônicos
2025-02-23 09:12:18,11268,507,Mesa,Centro-Oeste,1,Pix,1100,0.14,1100,154.00000000000003,946.0,Móveis
2025-05-11 02:46:54,11269,572,Cadeira,Sul,1,Cartão de crédito,850,0.09,850,76.5,773.5,Móveis
2025-07-26 03:21:11,11270,884,Tablet,Sul,5,Cartão de débito,1500,0.04,7500,300.0,7200.0,Eletrônicos
2025-03-23 23:16:52,11271,843,Tablet,Nordeste,2,Cartão de débito,1500,0.13,3000,390.0,2610.0,Eletrônicos
2025-10-17 02:53:23,11272,122,Headset,Sudeste,2,Boleto,300,0.02,600,12.0,588.0,Periféticos
2025-09-09 22:24:23,11273,479,Monitor,Norte,3,Cartão de crédito,1200,0.0,3600,0.0,3600.0,Eletrônicos
2025-05-13 10:09:34,11274,619,Celular,Centro-Oeste,1,Cartão de crédito,2200,0.14,2200,308.00000000000006,1892.0,Eletrônicos
2025-10-25 12:41:41,11275,96,Impressora,Norte,5,Boleto,900,0.09,4500,405.0,4095.0,Eletrônicos
2025-12-26 10:26:09,11276,859,Teclado,Sul,1,Cartão de débito,250,0.01,250,2.5,247.5,Periféricos
2025-10-10 15:33:39,11277,414,Mouse,Sudeste,4,Boleto,120,0.09,480,43.199999999999996,436.8,Periféricos
2025-02-05 19:30:35,11278,235,Impressora,Sudeste,3,Boleto,900,0.02,2700,54.0,2646.0,Eletrônicos
2025-06-15 16:33:14,11279,898,Monitor,Norte,2,Boleto,1200,0.0,2400,0.0,2400.0,Eletrônicos
2025-11-01 19:54:43,11280,62,Monitor,Sul,1,Cartão de crédito,1200,0.02,1200,24.0,1176.0,Eletrônicos
2025-09-21 11:09:02,11281,256,Cadeira,Norte,3,Cartão de crédito,850,0.12,2550,306.0,2244.0,Móveis
2025-08-16 06:41:09,11282,561,Cadeira,Nordeste,2,Cartão de crédito,850,0.11,1700,187.0,1513.0,Móveis
2025-11-11 00:40:21,11283,905,Impressora,Sudeste,1,Cartão de crédito,900,0.09,900,81.0,819.0,Eletrônicos
2025-01-05 11:45:52,11284,348,Celular,Sudeste,5,Pix,2200,0.03,11000,330.0,10670.0,Eletrônicos
2025-11-13 20:13:17,11285,671,Headset,Nordeste,3,Boleto,300,0.11,900,99.0,801.0,Periféticos
2025-12-06 06:38:47,11286,124,Cadeira,Sul,1,Boleto,850,0.06,850,51.0,799.0,Móveis
2025-07-26 02:28:53,11287,482,Mouse,Sudeste,2,Cartão de crédito,120,0.08,240,19.2,220.8,Periféricos
2025-08-16 17:00:34,11288,317,Mouse,Centro-Oeste,2,Cartão de débito,120,0.13,240,31.200000000000003,208.8,Periféricos
2025-01-28 06:57:01,11289,504,Headset,Centro-Oeste,5,Pix,300,0.07,1500,105.00000000000001,1395.0,Periféticos
2025-04-14 04:02:22,11290,719,Notebook,Sul,3,Pix,3500,0.09,10500,945.0,9555.0,Eletrônicos
2025-07-08 05:44:42,11291,48,Notebook,Nordeste,3,Cartão de débito,3500,0.14,10500,1470.0000000000002,9030.0,Eletrônicos
2025-03-06 15:11:03,11292,409,Monitor,Norte,1,Cartão de crédito,1200,0.07,1200,84.00000000000001,1116.0,Eletrônicos
2025-01-03 19:59:21,11293,932,Cadeira,Sul,2,Pix,850,0.08,1700,136.0,1564.0,Móveis
2025-11-22 04:25:22,11294,136,Tablet,Norte,2,Pix,1500,0.09,3000,270.0,2730.0,Eletrônicos
2025-05-12 11:40:28,11295,201,Impressora,Sul,5,Boleto,900,0.04,4500,180.0,4320.0,Eletrônicos
2025-07-12 06:37:31,11296,250,Mesa,Centro-Oeste,5,Boleto,1100,0.11,5500,605.0,4895.0,Móveis
2025-04-08 01:29:40,11297,314,Headset,Nordeste,3,Cartão de crédito,300,0.11,900,99.0,801.0,Periféticos
2025-12-17 18:48:57,11298,869,Monitor,Centro-Oeste,2,Cartão de crédito,1200,0.03,2400,72.0,2328.0,Eletrônicos
2025-06-17 08:40:21,11299,368,Tablet,Nordeste,1,Boleto,1500,0.0,1500,0.0,1500.0,Eletrônicos
2025-01-01 17:52:03,11300,429,Cadeira,Norte,4,Boleto,850,0.15,3400,510.0,2890.0,Móveis
2025-06-27 00:57:54,11301,830,Tablet,Sul,1,Boleto,1500,0.09,1500,135.0,1365.0,Eletrônicos
2025-07-28 12:08:51,11302,807,Tablet,Sudeste,5,Cartão de débito,1500,0.03,7500,225.0,7275.0,Eletrônicos
2025-04-04 01:36:19,11303,480,Headset,Sudeste,1,Pix,300,0.04,300,12.0,288.0,Periféticos
2025-01-12 01:08:00,11304,314,Monitor,Nordeste,2,Cartão de crédito,1200,0.09,2400,216.0,2184.0,Eletrônicos
2025-11-15 06:30:35,11305,500,Celular,Nordeste,3,Cartão de crédito,2200,0.02,6600,132.0,6468.0,Eletrônicos
2025-09-29 12:12:30,11306,721,Mouse,Centro-Oeste,4,Cartão de débito,120,0.01,480,4.8,475.2,Periféricos
2025-07-24 01:33:52,11307,355,Impressora,Sudeste,3,Boleto,900,0.12,2700,324.0,2376.0,Eletrônicos
2025-03-03 21:23:37,11308,485,Monitor,Centro-Oeste,4,Pix,1200,0.11,4800,528.0,4272.0,Eletrônicos
2025-04-18 02:25:17,11309,211,Mesa,Norte,4,Boleto,1100,0.05,4400,220.0,4180.0,Móveis
2025-03-09 05:48:21,11310,704,Tablet,Sudeste,2,Cartão de crédito,1500,0.01,3000,30.0,2970.0,Eletrônicos
2025-06-04 18:12:52,11311,44,Celular,Norte,2,Cartão de débito,2200,0.07,4400,308.00000000000006,4092.0,Eletrônicos
2025-10-31 10:18:37,11312,541,Headset,Sul,5,Pix,300,0.04,1500,60.0,1440.0,Periféticos
2025-10-22 13:03:06,11313,571,Teclado,Centro-Oeste,5,Pix,250,0.06,1250,75.0,1175.0,Periféricos
2025-04-26 16:02:06,11314,583,Impressora,Nordeste,4,Pix,900,0.04,3600,144.0,3456.0,Eletrônicos
2025-08-16 13:17:23,11315,92,Impressora,Sudeste,5,Pix,900,0.03,4500,135.0,4365.0,Eletrônicos
2025-01-17 09:20:12,11316,265,Mouse,Centro-Oeste,2,Cartão de débito,120,0.06,240,14.399999999999999,225.6,Periféricos
2025-03-08 14:00:10,11317,895,Teclado,Nordeste,5,Cartão de crédito,250,0.14,1250,175.00000000000003,1075.0,Periféricos
2025-01-07 14:47:30,11318,220,Cadeira,Sul,4,Pix,850,0.04,3400,136.0,3264.0,Móveis
2025-09-03 23:49:52,11319,902,Teclado,Sudeste,3,Pix,250,0.05,750,37.5,712.5,Periféricos
2025-04-12 13:22:13,11320,925,Tablet,Norte,1,Cartão de crédito,1500,0.05,1500,75.0,1425.0,Eletrônicos
2025-02-03 03:29:53,11321,442,Tablet,Sul,5,Boleto,1500,0.07,7500,525.0,6975.0,Eletrônicos
2025-02-26 19:37:27,11322,401,Tablet,Nordeste,2,Pix,1500,0.13,3000,390.0,2610.0,Eletrônicos
2025-03-21 15:28:09,11323,400,Tablet,Sudeste,3,Pix,1500,0.06,4500,270.0,4230.0,Eletrônicos
2025-03-27 21:43:32,11324,727,Monitor,Sudeste,2,Boleto,1200,0.12,2400,288.0,2112.0,Eletrônicos
2025-02-13 11:52:54,11325,991,Impressora,Sul,5,Cartão de crédito,900,0.02,4500,90.0,4410.0,Eletrônicos
2025-04-12 18:08:09,11326,899,Teclado,Sudeste,4,Cartão de crédito,250,0.13,1000,130.0,870.0,Periféricos
2025-10-05 15:26:35,11327,789,Impressora,Nordeste,1,Pix,900,0.03,900,27.0,873.0,Eletrônicos
2025-11-16 00:55:29,11328,576,Mesa,Sul,1,Cartão de crédito,1100,0.01,1100,11.0,1089.0,Móveis
2025-04-12 11:25:00,11329,858,Teclado,Norte,3,Boleto,250,0.02,750,15.0,735.0,Periféricos
2025-08-31 18:53:27,11330,804,Monitor,Sul,1,Cartão de débito,1200,0.03,1200,36.0,1164.0,Eletrônicos
2025-09-15 20:16:01,11331,490,Mesa,Sul,4,Boleto,1100,0.08,4400,352.0,4048.0,Móveis
2025-04-06 23:18:43,11332,485,Impressora,Norte,2,Boleto,900,0.07,1800,126.00000000000001,1674.0,Eletrônicos
2025-08-19 16:30:56,11333,757,Mesa,Nordeste,4,Cartão de débito,1100,0.11,4400,484.0,3916.0,Móveis
2025-10-26 20:55:26,11334,470,Mouse,Centro-Oeste,3,Boleto,120,0.01,360,3.6,356.4,Periféricos
2025-04-01 05:38:44,11335,574,Mesa,Centro-Oeste,3,Pix,1100,0.07,3300,231.00000000000003,3069.0,Móveis
2025-05-15 18:13:28,11336,938,Teclado,Norte,1,Pix,250,0.05,250,12.5,237.5,Periféricos
2025-05-01 01:38:24,11337,844,Tablet,Nordeste,4,Cartão de crédito,1500,0.09,6000,540.0,5460.0,Eletrônicos
2025-12-30 22:22:00,11338,682,Tablet,Sudeste,2,Cartão de crédito,1500,0.01,3000,30.0,2970.0,Eletrônicos
2025-04-04 21:21:14,11339,445,Cadeira,Norte,4,Boleto,850,0.01,3400,34.0,3366.0,Móveis
2025-08-08 12:43:58,11340,269,Impressora,Centro-Oeste,2,Pix,900,0.06,1800,108.0,1692.0,Eletrônicos
2025-05-21 11:46:31,11341,267,Mouse,Nordeste,2,Pix,120,0.12,240,28.799999999999997,211.2,Periféricos
2025-08-14 15:41:25,11342,54,Teclado,Sul,4,Cartão de débito,250,0.1,1000,100.0,900.0,Periféricos
2025-10-05 22:13:10,11343,528,Teclado,Nordeste,5,Cartão de crédito,250,0.0,1250,0.0,1250.0,Periféricos
2025-09-17 19:59:30,11344,520,Headset,Nordeste,4,Pix,300,0.03,1200,36.0,1164.0,Periféticos
2025-09-12 10:20:13,11345,616,Notebook,Centro-Oeste,2,Boleto,3500,0.03,7000,210.0,6790.0,Eletrônicos
2025-09-13 08:22:54,11346,59,Impressora,Centro-Oeste,3,Pix,900,0.06,2700,162.0,2538.0,Eletrônicos
2025-12-13 20:25:40,11347,825,Teclado,Sudeste,3,Cartão de crédito,250,0.09,750,67.5,682.5,Periféricos
2025-05-04 23:56:45,11348,40,Celular,Sudeste,1,Boleto,2200,0.03,2200,66.0,2134.0,Eletrônicos
2025-07-08 06:05:47,11349,237,Teclado,Norte,3,Cartão de crédito,250,0.06,750,45.0,705.0,Periféricos
2025-07-23 06:51:23,11350,955,Headset,Sul,5,Pix,300,0.09,1500,135.0,1365.0,Periféticos
2025-04-23 18:10:57,11351,386,Mesa,Sudeste,2,Pix,1100,0.06,2200,132.0,2068.0,Móveis
2025-12-20 10:13:33,11352,606,Monitor,Centro-Oeste,4,Pix,1200,0.02,4800,96.0,4704.0,Eletrônicos
2025-06-11 14:04:36,11353,734,Monitor,Nordeste,4,Cartão de crédito,1200,0.07,4800,336.00000000000006,4464.0,Eletrônicos
2025-08-03 00:01:59,11354,716,Celular,Norte,5,Boleto,2200,0.05,11000,550.0,10450.0,Eletrônicos
2025-11-22 19:47:22,11355,650,Celular,Sudeste,3,Pix,2200,0.13,6600,858.0,5742.0,Eletrônicos
2025-02-11 18:42:16,11356,300,Cadeira,Nordeste,2,Pix,850,0.12,1700,204.0,1496.0,Móveis
2025-04-04 07:07:13,11357,395,Monitor,Nordeste,3,Pix,1200,0.03,3600,108.0,3492.0,Eletrônicos
2025-03-18 19:55:55,11358,207,Mesa,Sudeste,1,Cartão de débito,1100,0.02,1100,22.0,1078.0,Móveis
2025-07-30 04:53:54,11359,336,Monitor,Sul,3,Cartão de débito,1200,0.05,3600,180.0,3420.0,Eletrônicos
2025-07-18 15:43:30,11360,593,Notebook,Sul,1,Boleto,3500,0.06,3500,210.0,3290.0,Eletrônicos
2025-08-16 09:29:36,11361,730,Impressora,Norte,4,Cartão de crédito,900,0.14,3600,504.00000000000006,3096.0,Eletrônicos
2025-12-02 07:52:07,11362,514,Monitor,Sul,2,Pix,1200,0.05,2400,120.0,2280.0,Eletrônicos
2025-05-22 12:04:15,11363,178,Tablet,Norte,1,Pix,1500,0.13,1500,195.0,1305.0,Eletrônicos
2025-07-26 19:48:37,11364,396,Cadeira,Centro-Oeste,3,Cartão de crédito,850,0.08,2550,204.0,2346.0,Móveis
2025-03-02 15:05:31,11365,371,Headset,Sudeste,3,Cartão de crédito,300,0.13,900,117.0,783.0,Periféticos
2025-10-20 20:34:07,11366,858,Celular,Nordeste,4,Boleto,2200,0.11,8800,968.0,7832.0,Eletrônicos
2025-01-14 03:32:44,11367,791,Notebook,Norte,5,Cartão de crédito,3500,0.11,17500,1925.0,15575.0,Eletrônicos
2025-12-12 23:27:03,11368,658,Celular,Sul,5,Pix,2200,0.08,11000,880.0,10120.0,Eletrônicos
2025-11-05 10:37:28,11369,318,Cadeira,Norte,3,Boleto,850,0.13,2550,331.5,2218.5,Móveis
2025-01-25 22:49:08,11370,736,Teclado,Norte,5,Cartão de débito,250,0.04,1250,50.0,1200.0,Periféricos
2025-11-10 21:52:13,11371,369,Notebook,Sul,2,Boleto,3500,0.14,7000,980.0000000000001,6020.0,Eletrônicos
2025-05-13 08:03:07,11372,384,Mouse,Sul,5,Boleto,120,0.1,600,60.0,540.0,Periféricos
2025-08-28 14:41:38,11373,62,Notebook,Sudeste,2,Boleto,3500,0.07,7000,490.00000000000006,6510.0,Eletrônicos
2025-01-11 02:32:52,11374,806,Cadeira,Nordeste,3,Cartão de crédito,850,0.15,2550,382.5,2167.5,Móveis
2025-11-30 22:16:04,11375,505,Headset,Sudeste,3,Pix,300,0.13,900,117.0,783.0,Periféticos
2025-04-14 03:14:12,11376,239,Notebook,Sudeste,3,Cartão de crédito,3500,0.12,10500,1260.0,9240.0,Eletrônicos
2025-03-07 10:56:18,11377,195,Cadeira,Sul,4,Pix,850,0.04,3400,136.0,3264.0,Móveis
2025-02-26 09:46:34,11378,678,Mesa,Sul,5,Cartão de crédito,1100,0.15,5500,825.0,4675.0,Móveis
2025-02-17 00:41:49,11379,963,Impressora,Nordeste,1,Boleto,900,0.11,900,99.0,801.0,Eletrônicos
2025-03-22 08:07:25,11380,222,Monitor,Norte,1,Pix,1200,0.09,1200,108.0,1092.0,Eletrônicos
2025-12-28 07:02:27,11381,61,Mesa,Sudeste,3,Cartão de crédito,1100,0.14,3300,462.00000000000006,2838.0,Móveis
2025-07-03 18:11:36,11382,129,Cadeira,Nordeste,5,Boleto,850,0.02,4250,85.0,4165.0,Móveis
2025-04-20 09:20:44,11383,990,Tablet,Sudeste,2,Cartão de débito,1500,0.02,3000,60.0,2940.0,Eletrônicos
2025-04-28 18:32:09,11384,685,Teclado,Norte,1,Cartão de crédito,250,0.08,250,20.0,230.0,Periféricos
2025-04-01 11:28:24,11385,992,Monitor,Sudeste,3,Cartão de crédito,1200,0.01,3600,36.0,3564.0,Eletrônicos
2025-06-13 18:33:53,11386,156,Tablet,Centro-Oeste,1,Cartão de débito,1500,0.1,1500,150.0,1350.0,Eletrônicos
2025-07-23 18:49:11,11387,917,Headset,Nordeste,1,Cartão de crédito,300,0.04,300,12.0,288.0,Periféticos
2025-11-26 21:10:31,11388,378,Celular,Sul,1,Cartão de débito,2200,0.02,2200,44.0,2156.0,Eletrônicos
2025-03-23 06:31:02,11389,622,Mouse,Sudeste,3,Pix,120,0.06,360,21.599999999999998,338.4,Periféricos
2025-05-22 10:09:43,11390,781,Monitor,Nordeste,3,Cartão de débito,1200,0.07,3600,252.00000000000003,3348.0,Eletrônicos
2025-04-07 15:47:25,11391,923,Mesa,Nordeste,4,Boleto,1100,0.03,4400,132.0,4268.0,Móveis
2025-03-03 03:23:11,11392,868,Teclado,Sudeste,4,Cartão de débito,250,0.01,1000,10.0,990.0,Periféricos
2025-03-28 14:37:38,11393,903,Tablet,Sul,4,Pix,1500,0.06,6000,360.0,5640.0,Eletrônicos
2025-12-10 16:46:52,11394,790,Cadeira,Sul,1,Cartão de débito,850,0.11,850,93.5,756.5,Móveis
2025-08-12 20:08:05,11395,586,Monitor,Sudeste,5,Cartão de débito,1200,0.13,6000,780.0,5220.0,Eletrônicos
2025-02-05 17:16:16,11396,999,Celular,Nordeste,3,Pix,2200,0.01,6600,66.0,6534.0,Eletrônicos
2025-09-27 12:33:26,11397,437,Cadeira,Sul,4,Cartão de crédito,850,0.08,3400,272.0,3128.0,Móveis
2025-03-03 20:57:34,11398,975,Tablet,Sudeste,5,Cartão de crédito,1500,0.04,7500,300.0,7200.0,Eletrônicos
2025-05-16 05:33:02,11399,207,Teclado,Sudeste,4,Boleto,250,0.06,1000,60.0,940.0,Periféricos
2025-12-23 14:38:24,11400,388,Notebook,Sudeste,4,Boleto,3500,0.14,14000,1960.0000000000002,12040.0,Eletrônicos
2025-10-08 20:56:56,11401,480,Celular,Nordeste,5,Cartão de débito,2200,0.05,11000,550.0,10450.0,Eletrônicos
2025-07-08 21:30:56,11402,791,Cadeira,Sul,4,Cartão de crédito,850,0.05,3400,170.0,3230.0,Móveis
2025-02-26 12:34:40,11403,887,Celular,Nordeste,1,Cartão de crédito,2200,0.03,2200,66.0,2134.0,Eletrônicos
2025-02-12 14:34:22,11404,838,Headset,Centro-Oeste,1,Cartão de débito,300,0.14,300,42.00000000000001,258.0,Periféticos
2025-02-23 14:57:58,11405,984,Cadeira,Sul,1,Pix,850,0.07,850,59.50000000000001,790.5,Móveis
2025-01-31 04:44:49,11406,340,Monitor,Nordeste,2,Cartão de crédito,1200,0.09,2400,216.0,2184.0,Eletrônicos
2025-08-12 05:12:45,11407,869,Notebook,Sul,4,Boleto,3500,0.07,14000,980.0000000000001,13020.0,Eletrônicos
2025-07-24 18:17:24,11408,340,Notebook,Centro-Oeste,2,Cartão de débito,3500,0.04,7000,280.0,6720.0,Eletrônicos
2025-01-12 00:59:19,11409,204,Mouse,Norte,3,Pix,120,0.12,360,43.199999999999996,316.8,Periféricos
2025-05-03 10:20:23,11410,161,Celular,Sudeste,5,Boleto,2200,0.0,11000,0.0,11000.0,Eletrônicos
2025-12-17 11:34:10,11411,540,Mesa,Nordeste,3,Cartão de crédito,1100,0.1,3300,330.0,2970.0,Móveis
2025-07-08 05:50:30,11412,392,Notebook,Centro-Oeste,2,Pix,3500,0.09,7000,630.0,6370.0,Eletrônicos
2025-04-02 11:57:57,11413,769,Notebook,Centro-Oeste,1,Boleto,3500,0.02,3500,70.0,3430.0,Eletrônicos
2025-04-26 22:19:49,11414,677,Headset,Sul,4,Cartão de débito,300,0.02,1200,24.0,1176.0,Periféticos
2025-08-22 04:19:14,11415,575,Impressora,Sul,4,Pix,900,0.1,3600,360.0,3240.0,Eletrônicos
2025-05-15 14:49:42,11416,534,Headset,Sudeste,1,Pix,300,0.05,300,15.0,285.0,Periféticos
2025-07-18 04:14:42,11417,70,Headset,Sul,4,Cartão de débito,300,0.04,1200,48.0,1152.0,Periféticos
2025-12-04 01:35:03,11418,893,Impressora,Nordeste,5,Cartão de crédito,900,0.01,4500,45.0,4455.0,Eletrônicos
2025-11-06 01:53:45,11419,405,Celular,Nordeste,5,Cartão de crédito,2200,0.11,11000,1210.0,9790.0,Eletrônicos
2025-11-18 02:34:39,11420,608,Cadeira,Nordeste,5,Pix,850,0.13,4250,552.5,3697.5,Móveis
2025-05-13 15:21:23,11421,675,Teclado,Norte,3,Pix,250,0.12,750,90.0,660.0,Periféricos
2025-09-04 16:42:54,11422,591,Mesa,Nordeste,1,Pix,1100,0.07,1100,77.00000000000001,1023.0,Móveis
2025-06-30 09:42:06,11423,517,Notebook,Sul,5,Boleto,3500,0.08,17500,1400.0,16100.0,Eletrônicos
2025-05-24 10:14:52,11424,828,Mouse,Sul,2,Pix,120,0.04,240,9.6,230.4,Periféricos
2025-06-10 20:50:40,11425,120,Mesa,Nordeste,5,Cartão de crédito,1100,0.03,5500,165.0,5335.0,Móveis
2025-04-20 21:56:03,11426,814,Cadeira,Centro-Oeste,3,Cartão de débito,850,0.12,2550,306.0,2244.0,Móveis
2025-12-19 05:49:17,11427,690,Impressora,Centro-Oeste,2,Cartão de débito,900,0.12,1800,216.0,1584.0,Eletrônicos
2025-06-12 10:22:30,11428,688,Mesa,Centro-Oeste,1,Cartão de débito,1100,0.12,1100,132.0,968.0,Móveis
2025-05-22 02:16:58,11429,902,Notebook,Sudeste,1,Pix,3500,0.07,3500,245.00000000000003,3255.0,Eletrônicos
2025-10-01 15:51:56,11430,217,Mesa,Norte,5,Pix,1100,0.13,5500,715.0,4785.0,Móveis
2025-06-10 22:20:21,11431,56,Teclado,Nordeste,2,Cartão de débito,250,0.14,500,70.0,430.0,Periféricos
2025-04-30 11:02:16,11432,366,Impressora,Sudeste,2,Boleto,900,0.05,1800,90.0,1710.0,Eletrônicos
2025-12-16 16:33:36,11433,699,Mesa,Centro-Oeste,5,Boleto,1100,0.03,5500,165.0,5335.0,Móveis
2025-07-11 15:45:00,11434,504,Notebook,Nordeste,5,Boleto,3500,0.07,17500,1225.0000000000002,16275.0,Eletrônicos
2025-11-10 06:08:36,11435,744,Notebook,Sudeste,4,Boleto,3500,0.03,14000,420.0,13580.0,Eletrônicos
2025-09-13 05:37:30,11436,767,Mesa,Sul,4,Cartão de crédito,1100,0.13,4400,572.0,3828.0,Móveis
2025-03-29 10:19:34,11437,925,Celular,Centro-Oeste,5,Cartão de débito,2200,0.05,11000,550.0,10450.0,Eletrônicos
2025-05-05 10:10:40,11438,455,Mouse,Sudeste,3,Cartão de crédito,120,0.09,360,32.4,327.6,Periféricos
2025-04-24 11:03:25,11439,104,Tablet,Sul,4,Pix,1500,0.09,6000,540.0,5460.0,Eletrônicos
2025-03-12 13:38:11,11440,77,Headset,Centro-Oeste,5,Boleto,300,0.08,1500,120.0,1380.0,Periféticos
2025-06-05 10:09:05,11441,230,Impressora,Norte,2,Boleto,900,0.02,1800,36.0,1764.0,Eletrônicos
2025-08-19 23:06:49,11442,914,Tablet,Centro-Oeste,4,Cartão de débito,1500,0.15,6000,900.0,5100.0,Eletrônicos
2025-03-31 04:18:12,11443,258,Cadeira,Norte,3,Boleto,850,0.03,2550,76.5,2473.5,Móveis
2025-03-29 18:29:14,11444,264,Cadeira,Norte,1,Cartão de débito,850,0.11,850,93.5,756.5,Móveis
2025-08-19 10:07:05,11445,331,Notebook,Norte,2,Pix,3500,0.12,7000,840.0,6160.0,Eletrônicos
2025-11-02 10:22:24,11446,993,Cadeira,Nordeste,3,Boleto,850,0.02,2550,51.0,2499.0,Móveis
2025-03-09 06:49:25,11447,182,Celular,Nordeste,3,Boleto,2200,0.14,6600,924.0000000000001,5676.0,Eletrônicos
2025-02-16 23:11:33,11448,893,Mouse,Norte,3,Cartão de crédito,120,0.07,360,25.200000000000003,334.8,Periféricos
2025-09-18 01:14:52,11449,768,Cadeira,Sul,2,Cartão de débito,850,0.09,1700,153.0,1547.0,Móveis
2025-03-04 11:21:02,11450,550,Teclado,Norte,3,Cartão de débito,250,0.1,750,75.0,675.0,Periféricos
2025-07-09 23:18:06,11451,688,Mouse,Sudeste,1,Boleto,120,0.08,120,9.6,110.4,Periféricos
2025-05-15 07:57:23,11452,27,Celular,Norte,4,Cartão de crédito,2200,0.02,8800,176.0,8624.0,Eletrônicos
2025-07-12 15:19:08,11453,276,Tablet,Nordeste,2,Boleto,1500,0.11,3000,330.0,2670.0,Eletrônicos
2025-05-04 17:05:27,11454,652,Mouse,Nordeste,3,Cartão de débito,120,0.09,360,32.4,327.6,Periféricos
2025-04-30 01:47:31,11455,299,Mouse,Sudeste,5,Cartão de débito,120,0.02,600,12.0,588.0,Periféricos
2025-11-28 04:25:27,11456,957,Tablet,Sudeste,4,Boleto,1500,0.11,6000,660.0,5340.0,Eletrônicos
2025-04-24 18:06:06,11457,799,Celular,Centro-Oeste,2,Pix,2200,0.11,4400,484.0,3916.0,Eletrônicos
2025-01-21 21:31:08,11458,91,Cadeira,Sul,5,Boleto,850,0.08,4250,340.0,3910.0,Móveis
2025-02-09 16:12:55,11459,480,Notebook,Sul,5,Cartão de crédito,3500,0.01,17500,175.0,17325.0,Eletrônicos
2025-03-15 13:37:08,11460,573,Impressora,Sul,3,Cartão de débito,900,0.05,2700,135.0,2565.0,Eletrônicos
2025-04-09 13:11:56,11461,458,Tablet,Nordeste,2,Cartão de débito,1500,0.01,3000,30.0,2970.0,Eletrônicos
2025-05-14 15:58:38,11462,451,Tablet,Sul,3,Boleto,1500,0.07,4500,315.00000000000006,4185.0,Eletrônicos
2025-05-15 11:23:47,11463,365,Tablet,Centro-Oeste,1,Pix,1500,0.14,1500,210.00000000000003,1290.0,Eletrônicos
2025-06-24 02:43:23,11464,859,Tablet,Centro-Oeste,5,Cartão de débito,1500,0.0,7500,0.0,7500.0,Eletrônicos
2025-11-08 00:51:56,11465,675,Impressora,Sul,1,Boleto,900,0.04,900,36.0,864.0,Eletrônicos
2025-03-05 22:53:53,11466,351,Impressora,Sudeste,3,Pix,900,0.12,2700,324.0,2376.0,Eletrônicos
2025-08-07 06:09:30,11467,655,Cadeira,Centro-Oeste,4,Boleto,850,0.0,3400,0.0,3400.0,Móveis
2025-01-26 23:31:42,11468,400,Mesa,Sudeste,5,Boleto,1100,0.0,5500,0.0,5500.0,Móveis
2025-08-22 06:36:34,11469,253,Mesa,Nordeste,4,Boleto,1100,0.09,4400,396.0,4004.0,Móveis
2025-11-17 13:17:38,11470,781,Monitor,Centro-Oeste,2,Cartão de débito,1200,0.12,2400,288.0,2112.0,Eletrônicos
2025-05-30 13:05:39,11471,881,Tablet,Sudeste,5,Pix,1500,0.12,7500,900.0,6600.0,Eletrônicos
2025-07-02 00:51:47,11472,803,Tablet,Sul,1,Cartão de crédito,1500,0.12,1500,180.0,1320.0,Eletrônicos
2025-09-18 13:26:49,11473,459,Mouse,Nordeste,4,Cartão de crédito,120,0.05,480,24.0,456.0,Periféricos
2025-03-31 10:21:30,11474,699,Mesa,Norte,2,Cartão de débito,1100,0.13,2200,286.0,1914.0,Móveis
2025-09-20 10:31:54,11475,917,Cadeira,Norte,5,Cartão de débito,850,0.0,4250,0.0,4250.0,Móveis
2025-04-07 17:39:16,11476,499,Notebook,Sul,2,Boleto,3500,0.05,7000,350.0,6650.0,Eletrônicos
2025-11-19 10:29:39,11477,950,Monitor,Nordeste,1,Boleto,1200,0.05,1200,60.0,1140.0,Eletrônicos
2025-04-05 22:58:18,11478,971,Monitor,Nordeste,5,Pix,1200,0.02,6000,120.0,5880.0,Eletrônicos
2025-10-23 18:22:53,11479,926,Cadeira,Nordeste,2,Boleto,850,0.05,1700,85.0,1615.0,Móveis
2025-04-20 09:22:17,11480,508,Notebook,Nordeste,3,Pix,3500,0.09,10500,945.0,9555.0,Eletrônicos
2025-11-24 10:18:15,11481,304,Mouse,Norte,5,Boleto,120,0.08,600,48.0,552.0,Periféricos
2025-09-19 19:31:49,11482,501,Impressora,Sudeste,5,Boleto,900,0.05,4500,225.0,4275.0,Eletrônicos
2025-02-09 04:41:41,11483,803,Headset,Nordeste,5,Cartão de crédito,300,0.11,1500,165.0,1335.0,Periféticos
2025-04-30 23:54:47,11484,598,Mesa,Sudeste,5,Cartão de débito,1100,0.11,5500,605.0,4895.0,Móveis
2025-03-27 14:15:50,11485,166,Tablet,Nordeste,3,Pix,1500,0.04,4500,180.0,4320.0,Eletrônicos
2025-02-23 02:32:14,11486,415,Cadeira,Centro-Oeste,1,Cartão de crédito,850,0.05,850,42.5,807.5,Móveis
2025-11-29 01:05:29,11487,462,Mesa,Centro-Oeste,3,Boleto,1100,0.04,3300,132.0,3168.0,Móveis
2025-04-08 23:18:05,11488,920,Tablet,Centro-Oeste,3,Cartão de crédito,1500,0.02,4500,90.0,4410.0,Eletrônicos
2025-10-05 03:32:58,11489,114,Headset,Nordeste,2,Pix,300,0.11,600,66.0,534.0,Periféticos
2025-09-02 06:30:35,11490,433,Headset,Sudeste,4,Cartão de débito,300,0.01,1200,12.0,1188.0,Periféticos
2025-10-06 11:56:09,11491,992,Impressora,Norte,4,Cartão de crédito,900,0.02,3600,72.0,3528.0,Eletrônicos
2025-01-15 12:46:04,11492,356,Celular,Sul,2,Pix,2200,0.02,4400,88.0,4312.0,Eletrônicos
2025-11-10 08:35:51,11493,928,Headset,Norte,3,Boleto,300,0.12,900,108.0,792.0,Periféticos
2025-10-20 17:28:29,11494,695,Mesa,Nordeste,2,Cartão de crédito,1100,0.01,2200,22.0,2178.0,Móveis
2025-12-17 04:32:17,11495,207,Teclado,Centro-Oeste,5,Cartão de débito,250,0.1,1250,125.0,1125.0,Periféricos
2025-04-14 08:37:44,11496,768,Teclado,Centro-Oeste,2,Pix,250,0.01,500,5.0,495.0,Periféricos
2025-10-27 00:48:32,11497,235,Tablet,Sudeste,2,Cartão de débito,1500,0.12,3000,360.0,2640.0,Eletrônicos
2025-05-04 12:56:14,11498,442,Tablet,Nordeste,5,Boleto,1500,0.14,7500,1050.0,6450.0,Eletrônicos
2025-09-03 09:22:03,11499,355,Celular,Norte,4,Cartão de débito,2200,0.07,8800,616.0000000000001,8184.0,Eletrônicos
2025-12-16 05:37:46,11500,515,Teclado,Nordeste,5,Boleto,250,0.12,1250,150.0,1100.0,Periféricos
2025-05-01 20:02:19,11501,208,Tablet,Nordeste,1,Boleto,1500,0.11,1500,165.0,1335.0,Eletrônicos
2025-02-02 07:40:27,11502,709,Headset,Centro-Oeste,2,Cartão de crédito,300,0.12,600,72.0,528.0,Periféticos
2025-05-11 21:30:11,11503,853,Tablet,Norte,2,Boleto,1500,0.12,3000,360.0,2640.0,Eletrônicos
2025-08-22 01:01:35,11504,125,Monitor,Sul,4,Cartão de débito,1200,0.03,4800,144.0,4656.0,Eletrônicos
2025-03-08 12:40:35,11505,138,Celular,Centro-Oeste,3,Cartão de crédito,2200,0.07,6600,462.00000000000006,6138.0,Eletrônicos
2025-02-20 19:27:00,11506,339,Cadeira,Norte,5,Boleto,850,0.14,4250,595.0,3655.0,Móveis
2025-02-01 00:55:19,11507,537,Notebook,Sudeste,3,Pix,3500,0.05,10500,525.0,9975.0,Eletrônicos
2025-07-24 11:45:11,11508,68,Mouse,Centro-Oeste,1,Pix,120,0.15,120,18.0,102.0,Periféricos
2025-05-26 15:17:18,11509,573,Notebook,Sudeste,5,Boleto,3500,0.09,17500,1575.0,15925.0,Eletrônicos
2025-07-23 21:19:37,11510,541,Notebook,Centro-Oeste,1,Cartão de crédito,3500,0.07,3500,245.00000000000003,3255.0,Eletrônicos
2025-10-07 10:54:40,11511,383,Impressora,Nordeste,1,Cartão de crédito,900,0.1,900,90.0,810.0,Eletrônicos
2025-10-25 01:28:59,11512,19,Cadeira,Norte,1,Cartão de crédito,850,0.12,850,102.0,748.0,Móveis
2025-12-27 07:02:54,11513,683,Tablet,Sudeste,5,Cartão de débito,1500,0.06,7500,450.0,7050.0,Eletrônicos
2025-09-14 03:14:01,11514,450,Impressora,Centro-Oeste,5,Pix,900,0.0,4500,0.0,4500.0,Eletrônicos
2025-11-16 05:11:36,11515,74,Notebook,Sudeste,4,Boleto,3500,0.11,14000,1540.0,12460.0,Eletrônicos
2025-04-23 03:07:33,11516,573,Monitor,Centro-Oeste,2,Boleto,1200,0.14,2400,336.00000000000006,2064.0,Eletrônicos
2025-12-15 09:32:34,11517,939,Mouse,Centro-Oeste,3,Pix,120,0.09,360,32.4,327.6,Periféricos
2025-04-13 20:42:04,11518,665,Notebook,Sul,3,Cartão de débito,3500,0.03,10500,315.0,10185.0,Eletrônicos
2025-05-14 10:41:17,11519,276,Teclado,Sul,1,Cartão de crédito,250,0.04,250,10.0,240.0,Periféricos
2025-08-21 14:52:23,11520,48,Cadeira,Sul,5,Pix,850,0.14,4250,595.0,3655.0,Móveis
2025-08-12 19:14:48,11521,211,Cadeira,Sudeste,5,Boleto,850,0.0,4250,0.0,4250.0,Móveis
2025-07-03 14:31:49,11522,855,Cadeira,Nordeste,1,Cartão de débito,850,0.08,850,68.0,782.0,Móveis
2025-08-09 12:35:22,11523,920,Celular,Centro-Oeste,2,Boleto,2200,0.02,4400,88.0,4312.0,Eletrônicos
2025-10-02 17:49:10,11524,651,Celular,Norte,3,Cartão de crédito,2200,0.04,6600,264.0,6336.0,Eletrônicos
2025-10-07 12:50:08,11525,622,Headset,Sul,4,Pix,300,0.05,1200,60.0,1140.0,Periféticos
2025-07-12 00:47:41,11526,994,Mesa,Sudeste,2,Cartão de crédito,1100,0.03,2200,66.0,2134.0,Móveis
2025-03-18 02:35:16,11527,695,Mouse,Sudeste,5,Cartão de débito,120,0.12,600,72.0,528.0,Periféricos
2025-01-24 04:12:04,11528,540,Impressora,Sudeste,1,Pix,900,0.05,900,45.0,855.0,Eletrônicos
2025-03-14 11:28:25,11529,709,Tablet,Norte,3,Cartão de crédito,1500,0.05,4500,225.0,4275.0,Eletrônicos
2025-05-28 04:07:09,11530,191,Notebook,Norte,1,Cartão de crédito,3500,0.07,3500,245.00000000000003,3255.0,Eletrônicos
2025-11-26 17:55:47,11531,315,Mesa,Sul,5,Cartão de crédito,1100,0.14,5500,770.0000000000001,4730.0,Móveis
2025-03-19 05:08:38,11532,901,Tablet,Norte,1,Cartão de débito,1500,0.1,1500,150.0,1350.0,Eletrônicos
2025-12-04 00:07:20,11533,563,Impressora,Sul,3,Cartão de crédito,900,0.01,2700,27.0,2673.0,Eletrônicos
2025-07-19 21:43:28,11534,661,Mesa,Norte,1,Boleto,1100,0.01,1100,11.0,1089.0,Móveis
2025-05-15 15:48:14,11535,780,Tablet,Norte,3,Pix,1500,0.08,4500,360.0,4140.0,Eletrônicos
2025-12-02 21:08:05,11536,562,Monitor,Norte,1,Pix,1200,0.13,1200,156.0,1044.0,Eletrônicos
2025-06-09 17:19:50,11537,900,Celular,Sul,1,Cartão de crédito,2200,0.05,2200,110.0,2090.0,Eletrônicos
2025-02-11 09:57:06,11538,758,Impressora,Centro-Oeste,3,Cartão de débito,900,0.04,2700,108.0,2592.0,Eletrônicos
2025-09-23 08:24:07,11539,113,Mouse,Sul,1,Boleto,120,0.11,120,13.2,106.8,Periféricos
2025-11-11 18:14:38,11540,170,Teclado,Centro-Oeste,2,Boleto,250,0.09,500,45.0,455.0,Periféricos
2025-01-29 02:19:00,11541,468,Monitor,Sudeste,4,Pix,1200,0.08,4800,384.0,4416.0,Eletrônicos
2025-08-03 00:54:06,11542,678,Celular,Sudeste,2,Pix,2200,0.02,4400,88.0,4312.0,Eletrônicos
2025-01-04 16:26:48,11543,921,Cadeira,Sul,4,Boleto,850,0.03,3400,102.0,3298.0,Móveis
2025-04-13 12:14:44,11544,14,Celular,Centro-Oeste,2,Pix,2200,0.04,4400,176.0,4224.0,Eletrônicos
2025-12-18 13:30:48,11545,715,Mesa,Centro-Oeste,4,Cartão de crédito,1100,0.03,4400,132.0,4268.0,Móveis
2025-05-03 00:41:45,11546,288,Headset,Centro-Oeste,1,Boleto,300,0.15,300,45.0,255.0,Periféticos
2025-10-25 04:33:55,11547,907,Monitor,Sudeste,3,Pix,1200,0.0,3600,0.0,3600.0,Eletrônicos
2025-11-22 02:23:52,11548,189,Cadeira,Sul,3,Cartão de crédito,850,0.09,2550,229.5,2320.5,Móveis
2025-08-19 06:13:08,11549,914,Mesa,Nordeste,5,Cartão de crédito,1100,0.08,5500,440.0,5060.0,Móveis
2025-04-18 07:49:45,11550,155,Impressora,Centro-Oeste,4,Boleto,900,0.05,3600,180.0,3420.0,Eletrônicos
2025-09-25 03:38:16,11551,567,Mouse,Centro-Oeste,5,Cartão de crédito,120,0.13,600,78.0,522.0,Periféricos
2025-09-01 04:44:18,11552,694,Celular,Nordeste,5,Boleto,2200,0.1,11000,1100.0,9900.0,Eletrônicos
2025-01-22 23:25:39,11553,722,Impressora,Sul,4,Cartão de crédito,900,0.15,3600,540.0,3060.0,Eletrônicos
2025-11-02 11:59:20,11554,888,Cadeira,Centro-Oeste,3,Boleto,850,0.03,2550,76.5,2473.5,Móveis
2025-07-25 22:57:29,11555,471,Mesa,Sul,4,Boleto,1100,0.01,4400,44.0,4356.0,Móveis
2025-10-15 23:27:06,11556,75,Headset,Centro-Oeste,1,Boleto,300,0.02,300,6.0,294.0,Periféticos
2025-02-23 22:43:49,11557,277,Celular,Norte,5,Boleto,2200,0.04,11000,440.0,10560.0,Eletrônicos
2025-05-10 01:08:17,11558,940,Mouse,Centro-Oeste,5,Cartão de crédito,120,0.06,600,36.0,564.0,Periféricos
2025-08-25 18:01:42,11559,645,Headset,Norte,4,Boleto,300,0.13,1200,156.0,1044.0,Periféticos
2025-06-09 05:34:09,11560,343,Tablet,Sul,5,Pix,1500,0.04,7500,300.0,7200.0,Eletrônicos
2025-08-01 11:39:06,11561,425,Mesa,Centro-Oeste,3,Cartão de crédito,1100,0.14,3300,462.00000000000006,2838.0,Móveis
2025-06-05 09:45:05,11562,571,Impressora,Sudeste,5,Boleto,900,0.07,4500,315.00000000000006,4185.0,Eletrônicos
2025-08-07 08:07:54,11563,511,Celular,Sudeste,4,Cartão de crédito,2200,0.1,8800,880.0,7920.0,Eletrônicos
2025-12-10 06:30:40,11564,857,Celular,Nordeste,3,Cartão de crédito,2200,0.04,6600,264.0,6336.0,Eletrônicos
2025-02-26 05:00:47,11565,182,Cadeira,Sudeste,3,Cartão de crédito,850,0.02,2550,51.0,2499.0,Móveis
2025-10-19 01:04:42,11566,458,Mouse,Norte,5,Cartão de crédito,120,0.13,600,78.0,522.0,Periféricos
2025-03-21 08:54:18,11567,918,Teclado,Sudeste,4,Boleto,250,0.02,1000,20.0,980.0,Periféricos
2025-12-21 06:51:23,11568,851,Tablet,Sudeste,5,Cartão de crédito,1500,0.12,7500,900.0,6600.0,Eletrônicos
2025-11-20 02:10:02,11569,833,Headset,Sudeste,1,Pix,300,0.09,300,27.0,273.0,Periféticos
2025-01-12 12:48:50,11570,64,Monitor,Centro-Oeste,1,Cartão de crédito,1200,0.13,1200,156.0,1044.0,Eletrônicos
2025-10-28 04:44:37,11571,839,Monitor,Nordeste,3,Cartão de crédito,1200,0.11,3600,396.0,3204.0,Eletrônicos
2025-08-13 07:00:39,11572,260,Celular,Sul,5,Pix,2200,0.04,11000,440.0,10560.0,Eletrônicos
2025-12-30 20:27:04,11573,193,Cadeira,Nordeste,1,Boleto,850,0.09,850,76.5,773.5,Móveis
2025-11-04 05:21:10,11574,655,Notebook,Norte,2,Pix,3500,0.0,7000,0.0,7000.0,Eletrônicos
2025-03-14 02:53:39,11575,616,Celular,Centro-Oeste,1,Cartão de débito,2200,0.07,2200,154.00000000000003,2046.0,Eletrônicos
2025-08-30 17:43:33,11576,972,Monitor,Centro-Oeste,5,Pix,1200,0.01,6000,60.0,5940.0,Eletrônicos
2025-05-11 16:42:28,11577,406,Monitor,Sudeste,5,Boleto,1200,0.06,6000,360.0,5640.0,Eletrônicos
2025-02-08 22:38:15,11578,726,Tablet,Sudeste,1,Pix,1500,0.02,1500,30.0,1470.0,Eletrônicos
2025-12-04 07:37:04,11579,754,Impressora,Norte,5,Cartão de crédito,900,0.14,4500,630.0000000000001,3870.0,Eletrônicos
2025-05-31 01:41:04,11580,943,Notebook,Centro-Oeste,5,Boleto,3500,0.08,17500,1400.0,16100.0,Eletrônicos
2025-12-17 20:46:20,11581,721,Celular,Sul,2,Cartão de débito,2200,0.14,4400,616.0000000000001,3784.0,Eletrônicos
2025-05-03 10:53:50,11582,93,Tablet,Nordeste,3,Boleto,1500,0.0,4500,0.0,4500.0,Eletrônicos
2025-07-26 06:44:58,11583,430,Cadeira,Centro-Oeste,5,Cartão de crédito,850,0.1,4250,425.0,3825.0,Móveis
2025-12-28 02:38:13,11584,654,Tablet,Sul,4,Cartão de débito,1500,0.05,6000,300.0,5700.0,Eletrônicos
2025-03-08 23:17:45,11585,434,Celular,Sul,3,Boleto,2200,0.06,6600,396.0,6204.0,Eletrônicos
2025-09-20 13:37:31,11586,404,Mesa,Nordeste,3,Boleto,1100,0.13,3300,429.0,2871.0,Móveis
2025-03-28 15:49:05,11587,434,Teclado,Sul,4,Cartão de crédito,250,0.15,1000,150.0,850.0,Periféricos
2025-12-29 06:10:28,11588,112,Celular,Norte,1,Pix,2200,0.04,2200,88.0,2112.0,Eletrônicos
2025-11-03 06:18:46,11589,929,Mouse,Sul,2,Pix,120,0.14,240,33.6,206.4,Periféricos
2025-12-04 14:21:04,11590,375,Monitor,Norte,5,Cartão de débito,1200,0.1,6000,600.0,5400.0,Eletrônicos
2025-01-07 14:27:31,11591,59,Notebook,Sul,1,Cartão de crédito,3500,0.14,3500,490.00000000000006,3010.0,Eletrônicos
2025-10-19 12:00:40,11592,43,Notebook,Sudeste,4,Cartão de crédito,3500,0.08,14000,1120.0,12880.0,Eletrônicos
2025-01-12 04:42:24,11593,207,Impressora,Sul,2,Pix,900,0.14,1800,252.00000000000003,1548.0,Eletrônicos
2025-05-11 03:14:27,11594,780,Teclado,Norte,2,Pix,250,0.13,500,65.0,435.0,Periféricos
2025-01-28 22:02:29,11595,296,Mouse,Sul,2,Cartão de débito,120,0.02,240,4.8,235.2,Periféricos
2025-03-04 11:41:09,11596,118,Monitor,Sul,4,Pix,1200,0.05,4800,240.0,4560.0,Eletrônicos
2025-12-26 03:22:03,11597,532,Notebook,Sul,1,Cartão de débito,3500,0.04,3500,140.0,3360.0,Eletrônicos
2025-07-09 21:06:06,11598,222,Mouse,Norte,5,Boleto,120,0.09,600,54.0,546.0,Periféricos
2025-08-21 23:31:08,11599,166,Tablet,Sul,2,Cartão de débito,1500,0.12,3000,360.0,2640.0,Eletrônicos
2025-08-26 09:14:15,11600,643,Impressora,Nordeste,2,Cartão de débito,900,0.11,1800,198.0,1602.0,Eletrônicos
2025-04-20 02:45:04,11601,156,Celular,Nordeste,1,Cartão de débito,2200,0.11,2200,242.0,1958.0,Eletrônicos
2025-05-16 06:10:14,11602,184,Celular,Norte,2,Boleto,2200,0.06,4400,264.0,4136.0,Eletrônicos
2025-03-23 06:38:56,11603,90,Mesa,Sudeste,2,Pix,1100,0.02,2200,44.0,2156.0,Móveis
2025-09-18 22:49:03,11604,94,Monitor,Nordeste,4,Cartão de débito,1200,0.03,4800,144.0,4656.0,Eletrônicos
2025-08-16 11:57:00,11605,13,Mouse,Centro-Oeste,3,Pix,120,0.11,360,39.6,320.4,Periféricos
2025-11-29 17:11:57,11606,973,Headset,Nordeste,1,Cartão de débito,300,0.02,300,6.0,294.0,Periféticos
2025-09-02 06:31:14,11607,834,Notebook,Centro-Oeste,1,Pix,3500,0.03,3500,105.0,3395.0,Eletrônicos
2025-12-04 01:33:46,11608,805,Cadeira,Norte,1,Cartão de débito,850,0.06,850,51.0,799.0,Móveis
2025-05-25 12:12:39,11609,945,Cadeira,Sudeste,4,Pix,850,0.01,3400,34.0,3366.0,Móveis
2025-10-08 05:12:29,11610,742,Celular,Centro-Oeste,4,Cartão de crédito,2200,0.03,8800,264.0,8536.0,Eletrônicos
2025-04-11 03:33:51,11611,834,Headset,Centro-Oeste,5,Boleto,300,0.02,1500,30.0,1470.0,Periféticos
2025-12-29 14:28:45,11612,804,Cadeira,Nordeste,4,Cartão de débito,850,0.14,3400,476.00000000000006,2924.0,Móveis
2025-06-08 11:06:04,11613,438,Teclado,Centro-Oeste,1,Boleto,250,0.03,250,7.5,242.5,Periféricos
2025-09-21 10:45:00,11614,538,Teclado,Norte,5,Cartão de débito,250,0.13,1250,162.5,1087.5,Periféricos
2025-05-16 12:11:08,11615,587,Monitor,Norte,3,Cartão de crédito,1200,0.02,3600,72.0,3528.0,Eletrônicos
2025-06-14 21:16:13,11616,968,Headset,Norte,2,Cartão de crédito,300,0.13,600,78.0,522.0,Periféticos
2025-02-01 04:24:47,11617,876,Teclado,Nordeste,2,Boleto,250,0.09,500,45.0,455.0,Periféricos
2025-04-27 09:04:39,11618,936,Teclado,Sudeste,5,Cartão de débito,250,0.13,1250,162.5,1087.5,Periféricos
2025-03-17 08:47:14,11619,811,Celular,Nordeste,3,Pix,2200,0.13,6600,858.0,5742.0,Eletrônicos
2025-06-09 12:03:29,11620,150,Cadeira,Norte,2,Cartão de débito,850,0.09,1700,153.0,1547.0,Móveis
2025-09-05 15:57:52,11621,660,Monitor,Nordeste,5,Pix,1200,0.14,6000,840.0000000000001,5160.0,Eletrônicos
2025-04-14 21:36:13,11622,8,Mouse,Norte,4,Boleto,120,0.09,480,43.199999999999996,436.8,Periféricos
2025-06-05 04:20:02,11623,29,Tablet,Sul,1,Boleto,1500,0.11,1500,165.0,1335.0,Eletrônicos
2025-01-09 03:27:42,11624,296,Notebook,Sul,3,Cartão de crédito,3500,0.06,10500,630.0,9870.0,Eletrônicos
2025-07-29 07:00:01,11625,986,Notebook,Centro-Oeste,2,Pix,3500,0.14,7000,980.0000000000001,6020.0,Eletrônicos
2025-02-17 08:41:37,11626,926,Impressora,Sudeste,1,Cartão de débito,900,0.12,900,108.0,792.0,Eletrônicos
2025-06-09 08:46:45,11627,721,Tablet,Sul,5,Cartão de crédito,1500,0.03,7500,225.0,7275.0,Eletrônicos
2025-06-12 04:36:43,11628,640,Tablet,Norte,2,Boleto,1500,0.09,3000,270.0,2730.0,Eletrônicos
2025-08-13 23:04:16,11629,340,Notebook,Nordeste,1,Cartão de crédito,3500,0.13,3500,455.0,3045.0,Eletrônicos
2025-04-26 14:30:09,11630,628,Notebook,Nordeste,4,Cartão de débito,3500,0.12,14000,1680.0,12320.0,Eletrônicos
2025-08-28 19:47:41,11631,439,Mouse,Centro-Oeste,3,Cartão de débito,120,0.14,360,50.400000000000006,309.6,Periféricos
2025-09-04 04:57:09,11632,144,Headset,Nordeste,5,Boleto,300,0.03,1500,45.0,1455.0,Periféticos
2025-12-05 03:59:58,11633,942,Headset,Sul,2,Cartão de crédito,300,0.06,600,36.0,564.0,Periféticos
2025-03-12 12:54:27,11634,830,Mouse,Nordeste,4,Pix,120,0.08,480,38.4,441.6,Periféricos
2025-04-22 09:10:24,11635,747,Cadeira,Sul,3,Pix,850,0.03,2550,76.5,2473.5,Móveis
2025-11-07 01:59:35,11636,519,Tablet,Sul,3,Pix,1500,0.06,4500,270.0,4230.0,Eletrônicos
2025-04-30 19:59:24,11637,976,Mesa,Sudeste,4,Cartão de débito,1100,0.08,4400,352.0,4048.0,Móveis
2025-09-16 00:56:22,11638,45,Tablet,Centro-Oeste,2,Cartão de crédito,1500,0.03,3000,90.0,2910.0,Eletrônicos
2025-02-09 21:57:58,11639,955,Impressora,Norte,3,Pix,900,0.04,2700,108.0,2592.0,Eletrônicos
2025-06-11 08:53:22,11640,239,Notebook,Sul,5,Cartão de crédito,3500,0.02,17500,350.0,17150.0,Eletrônicos
2025-11-01 07:37:03,11641,952,Tablet,Centro-Oeste,1,Boleto,1500,0.11,1500,165.0,1335.0,Eletrônicos
2025-11-28 21:47:53,11642,944,Notebook,Norte,5,Pix,3500,0.05,17500,875.0,16625.0,Eletrônicos
2025-09-12 12:00:09,11643,155,Tablet,Nordeste,3,Cartão de crédito,1500,0.03,4500,135.0,4365.0,Eletrônicos
2025-12-05 07:10:10,11644,181,Impressora,Centro-Oeste,1,Cartão de débito,900,0.08,900,72.0,828.0,Eletrônicos
2025-06-17 17:59:09,11645,215,Cadeira,Centro-Oeste,4,Boleto,850,0.01,3400,34.0,3366.0,Móveis
2025-06-06 03:18:57,11646,88,Mesa,Centro-Oeste,1,Boleto,1100,0.14,1100,154.00000000000003,946.0,Móveis
2025-05-04 11:43:55,11647,256,Teclado,Nordeste,1,Boleto,250,0.04,250,10.0,240.0,Periféricos
2025-07-12 14:46:56,11648,511,Mouse,Nordeste,1,Boleto,120,0.13,120,15.600000000000001,104.4,Periféricos
2025-04-07 21:04:22,11649,73,Mouse,Centro-Oeste,3,Cartão de débito,120,0.07,360,25.200000000000003,334.8,Periféricos
2025-04-28 18:15:18,11650,931,Mesa,Sudeste,2,Cartão de débito,1100,0.13,2200,286.0,1914.0,Móveis
2025-07-11 10:51:11,11651,179,Tablet,Sul,3,Pix,1500,0.04,4500,180.0,4320.0,Eletrônicos
2025-09-08 06:39:45,11652,212,Teclado,Nordeste,2,Cartão de débito,250,0.03,500,15.0,485.0,Periféricos
2025-05-13 22:08:28,11653,805,Impressora,Sudeste,4,Cartão de débito,900,0.13,3600,468.0,3132.0,Eletrônicos
2025-03-28 05:20:07,11654,234,Headset,Nordeste,4,Boleto,300,0.03,1200,36.0,1164.0,Periféticos
2025-07-01 20:44:48,11655,465,Tablet,Centro-Oeste,4,Cartão de débito,1500,0.11,6000,660.0,5340.0,Eletrônicos
2025-08-29 23:24:40,11656,751,Cadeira,Sudeste,4,Boleto,850,0.05,3400,170.0,3230.0,Móveis
2025-06-10 04:11:34,11657,223,Notebook,Norte,4,Cartão de crédito,3500,0.11,14000,1540.0,12460.0,Eletrônicos
2025-07-13 07:14:10,11658,631,Monitor,Sul,5,Cartão de crédito,1200,0.14,6000,840.0000000000001,5160.0,Eletrônicos
2025-08-13 07:23:03,11659,825,Tablet,Sul,3,Cartão de crédito,1500,0.15,4500,675.0,3825.0,Eletrônicos
2025-02-09 19:09:10,11660,264,Monitor,Nordeste,2,Cartão de crédito,1200,0.05,2400,120.0,2280.0,Eletrônicos
2025-01-01 21:10:18,11661,207,Tablet,Sul,4,Cartão de crédito,1500,0.06,6000,360.0,5640.0,Eletrônicos
2025-10-01 19:09:50,11662,607,Mesa,Norte,5,Cartão de crédito,1100,0.15,5500,825.0,4675.0,Móveis
2025-07-23 02:14:20,11663,885,Monitor,Sudeste,5,Cartão de crédito,1200,0.13,6000,780.0,5220.0,Eletrônicos
2025-03-06 13:44:39,11664,734,Tablet,Sudeste,5,Boleto,1500,0.01,7500,75.0,7425.0,Eletrônicos
2025-05-07 13:35:49,11665,366,Mouse,Centro-Oeste,3,Boleto,120,0.09,360,32.4,327.6,Periféricos
2025-06-15 17:18:48,11666,276,Monitor,Sudeste,4,Boleto,1200,0.03,4800,144.0,4656.0,Eletrônicos
2025-06-01 04:09:18,11667,380,Tablet,Nordeste,5,Boleto,1500,0.15,7500,1125.0,6375.0,Eletrônicos
2025-12-12 03:56:20,11668,743,Headset,Norte,5,Cartão de débito,300,0.02,1500,30.0,1470.0,Periféticos
2025-11-28 13:12:34,11669,309,Notebook,Centro-Oeste,4,Cartão de débito,3500,0.08,14000,1120.0,12880.0,Eletrônicos
2025-08-20 01:15:30,11670,631,Headset,Nordeste,3,Pix,300,0.1,900,90.0,810.0,Periféticos
2025-08-03 04:21:52,11671,268,Teclado,Nordeste,5,Cartão de débito,250,0.14,1250,175.00000000000003,1075.0,Periféricos
2025-04-12 02:45:47,11672,945,Tablet,Nordeste,2,Boleto,1500,0.13,3000,390.0,2610.0,Eletrônicos
2025-07-09 06:51:26,11673,785,Celular,Sul,1,Boleto,2200,0.04,2200,88.0,2112.0,Eletrônicos
2025-04-13 13:22:15,11674,64,Cadeira,Nordeste,1,Cartão de crédito,850,0.09,850,76.5,773.5,Móveis
2025-10-10 22:05:21,11675,810,Headset,Sul,1,Cartão de crédito,300,0.14,300,42.00000000000001,258.0,Periféticos
2025-02-01 04:35:46,11676,350,Monitor,Sudeste,3,Pix,1200,0.11,3600,396.0,3204.0,Eletrônicos
2025-02-18 22:46:55,11677,925,Mesa,Sul,5,Cartão de débito,1100,0.1,5500,550.0,4950.0,Móveis
2025-08-05 10:15:51,11678,915,Cadeira,Nordeste,1,Boleto,850,0.11,850,93.5,756.5,Móveis
2025-06-24 19:51:41,11679,494,Celular,Norte,1,Cartão de débito,2200,0.05,2200,110.0,2090.0,Eletrônicos
2025-03-23 06:30:55,11680,523,Impressora,Norte,4,Pix,900,0.11,3600,396.0,3204.0,Eletrônicos
2025-07-25 12:00:55,11681,98,Tablet,Sudeste,5,Cartão de crédito,1500,0.03,7500,225.0,7275.0,Eletrônicos
2025-04-18 12:08:13,11682,946,Mesa,Nordeste,5,Boleto,1100,0.06,5500,330.0,5170.0,Móveis
2025-04-15 03:15:54,11683,71,Tablet,Sul,4,Cartão de crédito,1500,0.13,6000,780.0,5220.0,Eletrônicos
2025-03-27 02:16:47,11684,364,Teclado,Norte,5,Boleto,250,0.0,1250,0.0,1250.0,Periféricos
2025-11-23 00:37:23,11685,570,Celular,Centro-Oeste,2,Cartão de crédito,2200,0.06,4400,264.0,4136.0,Eletrônicos
2025-12-10 11:37:23,11686,802,Tablet,Nordeste,3,Cartão de crédito,1500,0.04,4500,180.0,4320.0,Eletrônicos
2025-07-19 23:11:32,11687,763,Monitor,Nordeste,4,Pix,1200,0.03,4800,144.0,4656.0,Eletrônicos
2025-01-23 17:02:45,11688,276,Teclado,Centro-Oeste,1,Cartão de débito,250,0.13,250,32.5,217.5,Periféricos
2025-04-03 10:13:40,11689,50,Mouse,Norte,5,Cartão de crédito,120,0.1,600,60.0,540.0,Periféricos
2025-01-08 01:46:53,11690,358,Impressora,Centro-Oeste,2,Boleto,900,0.02,1800,36.0,1764.0,Eletrônicos
2025-07-23 01:52:30,11691,728,Celular,Sudeste,2,Cartão de débito,2200,0.07,4400,308.00000000000006,4092.0,Eletrônicos
2025-07-02 19:29:58,11692,906,Notebook,Sul,3,Cartão de débito,3500,0.07,10500,735.0000000000001,9765.0,Eletrônicos
2025-10-11 21:16:31,11693,928,Mesa,Sul,2,Cartão de crédito,1100,0.02,2200,44.0,2156.0,Móveis
2025-02-19 02:09:21,11694,564,Headset,Norte,5,Cartão de crédito,300,0.12,1500,180.0,1320.0,Periféticos
2025-09-15 23:13:10,11695,783,Tablet,Centro-Oeste,5,Cartão de crédito,1500,0.06,7500,450.0,7050.0,Eletrônicos
2025-01-22 06:57:13,11696,485,Mesa,Nordeste,2,Cartão de débito,1100,0.11,2200,242.0,1958.0,Móveis
2025-03-18 00:53:52,11697,84,Mesa,Nordeste,5,Pix,1100,0.03,5500,165.0,5335.0,Móveis
2025-08-25 16:23:50,11698,899,Notebook,Nordeste,5,Cartão de crédito,3500,0.05,17500,875.0,16625.0,Eletrônicos
2025-08-06 15:16:36,11699,805,Notebook,Sudeste,1,Cartão de débito,3500,0.01,3500,35.0,3465.0,Eletrônicos
2025-06-03 20:07:46,11700,638,Teclado,Sudeste,4,Cartão de débito,250,0.02,1000,20.0,980.0,Periféricos
2025-10-05 20:24:15,11701,808,Celular,Nordeste,5,Boleto,2200,0.13,11000,1430.0,9570.0,Eletrônicos
2025-03-28 21:22:04,11702,584,Monitor,Norte,5,Cartão de crédito,1200,0.02,6000,120.0,5880.0,Eletrônicos
2025-03-13 18:50:58,11703,296,Impressora,Sudeste,3,Pix,900,0.01,2700,27.0,2673.0,Eletrônicos
2025-09-02 09:40:51,11704,236,Notebook,Sudeste,4,Boleto,3500,0.14,14000,1960.0000000000002,12040.0,Eletrônicos
2025-04-25 08:41:00,11705,56,Notebook,Sul,4,Cartão de crédito,3500,0.1,14000,1400.0,12600.0,Eletrônicos
2025-02-10 19:38:57,11706,919,Headset,Sul,4,Boleto,300,0.02,1200,24.0,1176.0,Periféticos
2025-04-12 17:48:49,11707,360,Mouse,Norte,2,Cartão de crédito,120,0.15,240,36.0,204.0,Periféricos
2025-08-06 10:22:56,11708,907,Notebook,Sudeste,1,Boleto,3500,0.02,3500,70.0,3430.0,Eletrônicos
2025-09-03 17:53:50,11709,110,Mouse,Sudeste,1,Pix,120,0.11,120,13.2,106.8,Periféricos
2025-10-20 06:56:19,11710,192,Teclado,Centro-Oeste,3,Boleto,250,0.01,750,7.5,742.5,Periféricos
2025-03-22 01:54:49,11711,904,Monitor,Norte,4,Boleto,1200,0.09,4800,432.0,4368.0,Eletrônicos
2025-08-27 08:27:42,11712,93,Mesa,Norte,4,Boleto,1100,0.08,4400,352.0,4048.0,Móveis
2025-08-22 06:15:29,11713,862,Notebook,Centro-Oeste,5,Cartão de crédito,3500,0.03,17500,525.0,16975.0,Eletrônicos
2025-07-03 03:25:54,11714,568,Tablet,Centro-Oeste,2,Cartão de crédito,1500,0.1,3000,300.0,2700.0,Eletrônicos
2025-08-05 14:38:14,11715,60,Mouse,Sul,2,Pix,120,0.09,240,21.599999999999998,218.4,Periféricos
2025-05-29 01:01:42,11716,650,Headset,Norte,3,Boleto,300,0.12,900,108.0,792.0,Periféticos
2025-05-02 05:24:27,11717,39,Impressora,Norte,1,Cartão de débito,900,0.13,900,117.0,783.0,Eletrônicos
2025-05-06 17:49:07,11718,540,Headset,Centro-Oeste,4,Boleto,300,0.08,1200,96.0,1104.0,Periféticos
2025-12-13 01:16:52,11719,49,Notebook,Nordeste,3,Cartão de débito,3500,0.07,10500,735.0000000000001,9765.0,Eletrônicos
2025-03-13 16:32:36,11720,420,Celular,Nordeste,2,Cartão de débito,2200,0.09,4400,396.0,4004.0,Eletrônicos
2025-06-07 03:59:33,11721,637,Mesa,Sul,2,Boleto,1100,0.11,2200,242.0,1958.0,Móveis
2025-01-20 17:40:15,11722,13,Monitor,Nordeste,2,Cartão de débito,1200,0.05,2400,120.0,2280.0,Eletrônicos
2025-09-15 02:39:25,11723,992,Tablet,Nordeste,4,Cartão de débito,1500,0.08,6000,480.0,5520.0,Eletrônicos
2025-06-18 03:56:56,11724,36,Celular,Nordeste,4,Boleto,2200,0.09,8800,792.0,8008.0,Eletrônicos
2025-11-17 02:03:13,11725,101,Headset,Sudeste,4,Cartão de crédito,300,0.15,1200,180.0,1020.0,Periféticos
2025-03-26 03:51:16,11726,794,Mouse,Sul,5,Boleto,120,0.09,600,54.0,546.0,Periféricos
2025-09-26 14:20:27,11727,86,Mouse,Centro-Oeste,1,Pix,120,0.03,120,3.5999999999999996,116.4,Periféricos
2025-02-07 19:20:02,11728,516,Celular,Nordeste,2,Cartão de débito,2200,0.09,4400,396.0,4004.0,Eletrônicos
2025-06-06 03:07:31,11729,223,Mouse,Sudeste,2,Pix,120,0.12,240,28.799999999999997,211.2,Periféricos
2025-10-16 04:24:25,11730,338,Headset,Nordeste,5,Cartão de débito,300,0.13,1500,195.0,1305.0,Periféticos
2025-10-15 23:40:05,11731,960,Celular,Sudeste,2,Cartão de crédito,2200,0.12,4400,528.0,3872.0,Eletrônicos
2025-11-11 05:34:35,11732,166,Headset,Sul,2,Cartão de débito,300,0.13,600,78.0,522.0,Periféticos
2025-12-29 22:03:03,11733,383,Tablet,Nordeste,4,Boleto,1500,0.05,6000,300.0,5700.0,Eletrônicos
2025-08-30 17:41:36,11734,856,Mesa,Sudeste,4,Cartão de débito,1100,0.08,4400,352.0,4048.0,Móveis
2025-03-05 15:39:53,11735,895,Impressora,Norte,1,Pix,900,0.12,900,108.0,792.0,Eletrônicos
2025-06-12 21:09:49,11736,376,Tablet,Norte,2,Boleto,1500,0.04,3000,120.0,2880.0,Eletrônicos
2025-06-01 22:11:03,11737,471,Tablet,Sudeste,3,Pix,1500,0.06,4500,270.0,4230.0,Eletrônicos
2025-02-19 07:52:26,11738,790,Mouse,Nordeste,2,Cartão de crédito,120,0.12,240,28.799999999999997,211.2,Periféricos
2025-07-15 05:21:49,11739,642,Notebook,Nordeste,2,Pix,3500,0.12,7000,840.0,6160.0,Eletrônicos
2025-04-26 02:26:30,11740,31,Cadeira,Sul,1,Pix,850,0.15,850,127.5,722.5,Móveis
2025-05-29 03:35:27,11741,375,Mouse,Sul,3,Pix,120,0.15,360,54.0,306.0,Periféricos
2025-05-01 06:44:47,11742,11,Notebook,Centro-Oeste,2,Boleto,3500,0.04,7000,280.0,6720.0,Eletrônicos
2025-06-15 22:59:28,11743,988,Headset,Sul,3,Cartão de crédito,300,0.14,900,126.00000000000001,774.0,Periféticos
2025-01-21 01:14:25,11744,302,Cadeira,Nordeste,4,Cartão de crédito,850,0.01,3400,34.0,3366.0,Móveis
2025-12-07 05:34:42,11745,96,Mouse,Centro-Oeste,4,Cartão de crédito,120,0.11,480,52.8,427.2,Periféricos
2025-08-19 21:53:20,11746,190,Cadeira,Sul,3,Pix,850,0.03,2550,76.5,2473.5,Móveis
2025-06-01 17:36:13,11747,453,Cadeira,Sudeste,2,Boleto,850,0.05,1700,85.0,1615.0,Móveis
2025-12-30 11:29:12,11748,192,Teclado,Norte,3,Boleto,250,0.14,750,105.00000000000001,645.0,Periféricos
2025-05-08 20:10:15,11749,486,Mesa,Sul,3,Boleto,1100,0.04,3300,132.0,3168.0,Móveis
2025-06-25 15:26:57,11750,266,Teclado,Sul,4,Pix,250,0.1,1000,100.0,900.0,Periféricos
2025-02-03 02:14:04,11751,424,Notebook,Sudeste,3,Cartão de crédito,3500,0.03,10500,315.0,10185.0,Eletrônicos
2025-07-24 10:27:36,11752,128,Monitor,Nordeste,5,Pix,1200,0.01,6000,60.0,5940.0,Eletrônicos
2025-01-04 17:41:58,11753,238,Celular,Sudeste,5,Boleto,2200,0.05,11000,550.0,10450.0,Eletrônicos
2025-12-19 05:27:36,11754,920,Impressora,Sul,4,Pix,900,0.09,3600,324.0,3276.0,Eletrônicos
2025-11-22 06:47:17,11755,355,Monitor,Nordeste,2,Cartão de débito,1200,0.04,2400,96.0,2304.0,Eletrônicos
2025-08-09 04:12:05,11756,940,Celular,Centro-Oeste,2,Cartão de crédito,2200,0.05,4400,220.0,4180.0,Eletrônicos
2025-12-05 06:57:46,11757,112,Notebook,Sul,4,Cartão de crédito,3500,0.11,14000,1540.0,12460.0,Eletrônicos
2025-01-02 08:25:39,11758,828,Notebook,Sudeste,2,Boleto,3500,0.02,7000,140.0,6860.0,Eletrônicos
2025-12-28 16:51:37,11759,446,Headset,Centro-Oeste,1,Pix,300,0.07,300,21.000000000000004,279.0,Periféticos
2025-04-22 23:33:13,11760,343,Impressora,Norte,5,Boleto,900,0.14,4500,630.0000000000001,3870.0,Eletrônicos
2025-04-17 02:55:24,11761,145,Mesa,Centro-Oeste,1,Pix,1100,0.06,1100,66.0,1034.0,Móveis
2025-07-05 00:20:49,11762,65,Cadeira,Sudeste,1,Cartão de débito,850,0.07,850,59.50000000000001,790.5,Móveis
2025-11-29 04:19:34,11763,247,Teclado,Centro-Oeste,1,Cartão de crédito,250,0.11,250,27.5,222.5,Periféricos
2025-06-23 19:19:00,11764,735,Teclado,Sudeste,4,Cartão de crédito,250,0.12,1000,120.0,880.0,Periféricos
2025-05-18 11:34:34,11765,991,Notebook,Sul,1,Pix,3500,0.12,3500,420.0,3080.0,Eletrônicos
2025-04-23 21:51:01,11766,490,Teclado,Nordeste,3,Cartão de crédito,250,0.15,750,112.5,637.5,Periféricos
2025-01-12 17:55:29,11767,825,Notebook,Norte,2,Pix,3500,0.01,7000,70.0,6930.0,Eletrônicos
2025-11-06 09:44:31,11768,439,Cadeira,Nordeste,4,Boleto,850,0.15,3400,510.0,2890.0,Móveis
2025-01-29 00:22:44,11769,106,Notebook,Nordeste,3,Cartão de débito,3500,0.14,10500,1470.0000000000002,9030.0,Eletrônicos
2025-05-07 23:32:57,11770,181,Headset,Nordeste,3,Pix,300,0.13,900,117.0,783.0,Periféticos
2025-11-05 09:37:39,11771,184,Mesa,Sudeste,5,Cartão de débito,1100,0.07,5500,385.00000000000006,5115.0,Móveis
2025-10-21 10:51:20,11772,226,Tablet,Sudeste,5,Boleto,1500,0.13,7500,975.0,6525.0,Eletrônicos
2025-01-31 16:58:13,11773,777,Mouse,Norte,3,Boleto,120,0.03,360,10.799999999999999,349.2,Periféricos
2025-08-21 09:57:53,11774,790,Mesa,Sudeste,5,Boleto,1100,0.12,5500,660.0,4840.0,Móveis
2025-12-30 00:49:20,11775,909,Mesa,Sudeste,2,Pix,1100,0.03,2200,66.0,2134.0,Móveis
2025-12-05 13:20:36,11776,89,Monitor,Sudeste,2,Cartão de débito,1200,0.12,2400,288.0,2112.0,Eletrônicos
2025-05-29 06:43:36,11777,688,Impressora,Sudeste,5,Cartão de débito,900,0.09,4500,405.0,4095.0,Eletrônicos
2025-09-20 08:10:13,11778,530,Impressora,Sul,1,Cartão de crédito,900,0.01,900,9.0,891.0,Eletrônicos
2025-03-22 08:55:21,11779,371,Celular,Norte,3,Pix,2200,0.13,6600,858.0,5742.0,Eletrônicos
2025-03-14 04:59:55,11780,972,Mouse,Sudeste,2,Cartão de crédito,120,0.09,240,21.599999999999998,218.4,Periféricos
2025-06-13 20:36:38,11781,936,Cadeira,Norte,5,Cartão de crédito,850,0.1,4250,425.0,3825.0,Móveis
2025-09-07 08:36:04,11782,913,Tablet,Centro-Oeste,5,Pix,1500,0.04,7500,300.0,7200.0,Eletrônicos
2025-06-08 05:51:37,11783,399,Tablet,Sul,2,Cartão de crédito,1500,0.13,3000,390.0,2610.0,Eletrônicos
2025-12-25 05:08:37,11784,106,Impressora,Sudeste,2,Cartão de crédito,900,0.08,1800,144.0,1656.0,Eletrônicos
2025-07-22 11:26:12,11785,271,Mesa,Sul,1,Cartão de crédito,1100,0.06,1100,66.0,1034.0,Móveis
2025-10-19 20:44:10,11786,975,Headset,Sul,5,Boleto,300,0.08,1500,120.0,1380.0,Periféticos
2025-03-20 14:22:48,11787,831,Celular,Centro-Oeste,5,Pix,2200,0.11,11000,1210.0,9790.0,Eletrônicos
2025-02-13 09:59:58,11788,503,Notebook,Norte,4,Boleto,3500,0.1,14000,1400.0,12600.0,Eletrônicos
2025-11-30 04:28:53,11789,679,Celular,Sul,1,Cartão de crédito,2200,0.05,2200,110.0,2090.0,Eletrônicos
2025-10-07 11:24:10,11790,525,Monitor,Nordeste,2,Cartão de crédito,1200,0.06,2400,144.0,2256.0,Eletrônicos
2025-07-02 02:15:03,11791,849,Celular,Centro-Oeste,2,Boleto,2200,0.08,4400,352.0,4048.0,Eletrônicos
2025-02-06 07:42:25,11792,32,Mesa,Nordeste,3,Cartão de crédito,1100,0.14,3300,462.00000000000006,2838.0,Móveis
2025-12-03 09:10:35,11793,393,Cadeira,Centro-Oeste,2,Pix,850,0.11,1700,187.0,1513.0,Móveis
2025-01-15 04:41:16,11794,40,Mesa,Nordeste,5,Cartão de débito,1100,0.06,5500,330.0,5170.0,Móveis
2025-02-18 10:14:16,11795,660,Impressora,Nordeste,2,Boleto,900,0.05,1800,90.0,1710.0,Eletrônicos
2025-04-14 17:07:00,11796,218,Cadeira,Sul,5,Cartão de débito,850,0.08,4250,340.0,3910.0,Móveis
2025-06-23 19:13:10,11797,731,Teclado,Sul,5,Cartão de débito,250,0.13,1250,162.5,1087.5,Periféricos
2025-05-29 05:30:49,11798,981,Cadeira,Centro-Oeste,1,Cartão de débito,850,0.0,850,0.0,850.0,Móveis
2025-01-18 08:54:04,11799,82,Celular,Norte,2,Boleto,2200,0.11,4400,484.0,3916.0,Eletrônicos
2025-04-18 20:16:16,11800,845,Celular,Sul,1,Cartão de crédito,2200,0.04,2200,88.0,2112.0,Eletrônicos
2025-08-23 00:53:45,11801,720,Celular,Sul,5,Pix,2200,0.03,11000,330.0,10670.0,Eletrônicos
2025-10-23 11:28:20,11802,201,Teclado,Sudeste,2,Cartão de crédito,250,0.0,500,0.0,500.0,Periféricos
2025-01-17 04:58:03,11803,447,Impressora,Sul,2,Pix,900,0.13,1800,234.0,1566.0,Eletrônicos
2025-09-20 18:53:49,11804,844,Notebook,Norte,1,Cartão de crédito,3500,0.14,3500,490.00000000000006,3010.0,Eletrônicos
2025-06-13 16:21:13,11805,428,Mouse,Sudeste,1,Cartão de débito,120,0.01,120,1.2,118.8,Periféricos
2025-01-09 00:09:17,11806,38,Impressora,Nordeste,5,Cartão de débito,900,0.08,4500,360.0,4140.0,Eletrônicos
2025-01-05 12:31:59,11807,211,Celular,Nordeste,5,Pix,2200,0.02,11000,220.0,10780.0,Eletrônicos
2025-04-25 18:35:45,11808,444,Impressora,Sudeste,2,Boleto,900,0.11,1800,198.0,1602.0,Eletrônicos
2025-04-21 09:35:55,11809,327,Monitor,Sudeste,2,Cartão de crédito,1200,0.1,2400,240.0,2160.0,Eletrônicos
2025-10-01 12:21:09,11810,761,Tablet,Sudeste,4,Cartão de débito,1500,0.04,6000,240.0,5760.0,Eletrônicos
2025-07-01 20:54:02,11811,227,Tablet,Centro-Oeste,4,Pix,1500,0.02,6000,120.0,5880.0,Eletrônicos
2025-08-21 19:32:16,11812,48,Mouse,Norte,3,Cartão de crédito,120,0.12,360,43.199999999999996,316.8,Periféricos
2025-08-21 07:54:26,11813,18,Mouse,Norte,5,Pix,120,0.1,600,60.0,540.0,Periféricos
2025-08-07 16:45:40,11814,912,Notebook,Nordeste,3,Boleto,3500,0.0,10500,0.0,10500.0,Eletrônicos
2025-03-21 00:28:19,11815,439,Monitor,Nordeste,3,Boleto,1200,0.09,3600,324.0,3276.0,Eletrônicos
2025-09-24 11:50:10,11816,807,Mesa,Nordeste,1,Cartão de crédito,1100,0.12,1100,132.0,968.0,Móveis
2025-06-07 03:57:13,11817,708,Impressora,Sul,1,Boleto,900,0.09,900,81.0,819.0,Eletrônicos
2025-10-13 19:40:12,11818,187,Cadeira,Nordeste,4,Cartão de crédito,850,0.06,3400,204.0,3196.0,Móveis
2025-11-19 06:39:16,11819,345,Cadeira,Sudeste,3,Cartão de crédito,850,0.09,2550,229.5,2320.5,Móveis
2025-02-26 17:51:06,11820,224,Mesa,Nordeste,4,Boleto,1100,0.09,4400,396.0,4004.0,Móveis
2025-07-24 07:40:47,11821,830,Tablet,Sudeste,5,Pix,1500,0.1,7500,750.0,6750.0,Eletrônicos
2025-03-14 03:18:59,11822,488,Mesa,Centro-Oeste,2,Pix,1100,0.15,2200,330.0,1870.0,Móveis
2025-01-15 17:01:36,11823,909,Impressora,Sul,1,Cartão de crédito,900,0.03,900,27.0,873.0,Eletrônicos
2025-05-19 08:05:14,11824,877,Monitor,Sul,5,Cartão de débito,1200,0.09,6000,540.0,5460.0,Eletrônicos
2025-01-13 06:20:22,11825,849,Celular,Norte,5,Cartão de crédito,2200,0.03,11000,330.0,10670.0,Eletrônicos
2025-02-21 04:26:15,11826,229,Teclado,Centro-Oeste,1,Pix,250,0.03,250,7.5,242.5,Periféricos
2025-07-14 02:24:34,11827,390,Celular,Sudeste,1,Cartão de crédito,2200,0.1,2200,220.0,1980.0,Eletrônicos
2025-07-18 13:23:01,11828,979,Teclado,Centro-Oeste,3,Pix,250,0.14,750,105.00000000000001,645.0,Periféricos
2025-12-29 21:42:57,11829,589,Cadeira,Sul,4,Boleto,850,0.02,3400,68.0,3332.0,Móveis
2025-10-27 11:21:26,11830,188,Mouse,Sudeste,5,Cartão de crédito,120,0.14,600,84.00000000000001,516.0,Periféricos
2025-02-17 19:37:59,11831,858,Impressora,Centro-Oeste,3,Cartão de crédito,900,0.05,2700,135.0,2565.0,Eletrônicos
2025-12-22 01:01:41,11832,270,Celular,Sul,3,Boleto,2200,0.06,6600,396.0,6204.0,Eletrônicos
2025-04-19 19:18:45,11833,607,Mesa,Sudeste,5,Boleto,1100,0.02,5500,110.0,5390.0,Móveis
2025-10-26 17:43:32,11834,310,Monitor,Sudeste,5,Cartão de débito,1200,0.09,6000,540.0,5460.0,Eletrônicos
2025-12-24 12:55:19,11835,132,Monitor,Sul,2,Boleto,1200,0.09,2400,216.0,2184.0,Eletrônicos
2025-07-18 23:37:04,11836,551,Tablet,Sudeste,4,Cartão de débito,1500,0.07,6000,420.00000000000006,5580.0,Eletrônicos
2025-08-02 01:40:09,11837,72,Monitor,Sul,5,Boleto,1200,0.07,6000,420.00000000000006,5580.0,Eletrônicos
2025-02-08 18:54:38,11838,793,Monitor,Nordeste,1,Pix,1200,0.09,1200,108.0,1092.0,Eletrônicos
2025-08-10 06:54:11,11839,845,Mouse,Nordeste,2,Cartão de crédito,120,0.09,240,21.599999999999998,218.4,Periféricos
2025-10-14 12:34:26,11840,672,Mesa,Sudeste,4,Boleto,1100,0.06,4400,264.0,4136.0,Móveis
2025-03-08 00:16:34,11841,187,Cadeira,Sudeste,1,Pix,850,0.13,850,110.5,739.5,Móveis
2025-10-05 23:42:43,11842,486,Monitor,Sul,1,Boleto,1200,0.1,1200,120.0,1080.0,Eletrônicos
2025-08-15 05:19:38,11843,191,Cadeira,Sudeste,4,Cartão de crédito,850,0.03,3400,102.0,3298.0,Móveis
2025-05-13 02:56:16,11844,422,Mouse,Norte,2,Boleto,120,0.05,240,12.0,228.0,Periféricos
2025-07-27 17:26:21,11845,120,Monitor,Nordeste,1,Boleto,1200,0.12,1200,144.0,1056.0,Eletrônicos
2025-04-15 22:53:46,11846,220,Impressora,Sudeste,3,Cartão de crédito,900,0.02,2700,54.0,2646.0,Eletrônicos
2025-06-03 17:54:52,11847,53,Tablet,Sudeste,4,Boleto,1500,0.11,6000,660.0,5340.0,Eletrônicos
2025-11-06 22:12:58,11848,734,Celular,Centro-Oeste,4,Cartão de crédito,2200,0.05,8800,440.0,8360.0,Eletrônicos
2025-11-01 04:06:57,11849,451,Impressora,Sudeste,5,Cartão de débito,900,0.08,4500,360.0,4140.0,Eletrônicos
2025-11-02 11:19:36,11850,412,Headset,Norte,2,Boleto,300,0.04,600,24.0,576.0,Periféticos
2025-09-20 19:52:57,11851,643,Notebook,Nordeste,3,Pix,3500,0.15,10500,1575.0,8925.0,Eletrônicos
2025-09-30 18:36:49,11852,237,Monitor,Centro-Oeste,3,Boleto,1200,0.14,3600,504.00000000000006,3096.0,Eletrônicos
2025-09-08 07:53:24,11853,758,Cadeira,Sul,5,Cartão de crédito,850,0.14,4250,595.0,3655.0,Móveis
2025-02-01 12:04:24,11854,738,Notebook,Sul,1,Cartão de crédito,3500,0.03,3500,105.0,3395.0,Eletrônicos
2025-08-28 20:47:04,11855,720,Teclado,Nordeste,1,Pix,250,0.13,250,32.5,217.5,Periféricos
2025-03-22 20:12:00,11856,406,Monitor,Sul,3,Pix,1200,0.08,3600,288.0,3312.0,Eletrônicos
2025-11-22 06:45:20,11857,608,Headset,Norte,2,Cartão de crédito,300,0.11,600,66.0,534.0,Periféticos
2025-06-14 05:36:24,11858,422,Mouse,Sudeste,1,Cartão de débito,120,0.03,120,3.5999999999999996,116.4,Periféricos
2025-03-31 12:08:28,11859,712,Tablet,Nordeste,4,Cartão de débito,1500,0.11,6000,660.0,5340.0,Eletrônicos
2025-02-14 20:35:54,11860,247,Headset,Centro-Oeste,5,Cartão de crédito,300,0.14,1500,210.00000000000003,1290.0,Periféticos
2025-08-14 11:43:35,11861,72,Cadeira,Sudeste,2,Cartão de débito,850,0.04,1700,68.0,1632.0,Móveis
2025-09-13 12:03:53,11862,830,Mouse,Sul,1,Pix,120,0.04,120,4.8,115.2,Periféricos
2025-11-22 22:13:44,11863,185,Celular,Sul,3,Cartão de débito,2200,0.02,6600,132.0,6468.0,Eletrônicos
2025-07-29 12:08:06,11864,6,Mouse,Centro-Oeste,5,Pix,120,0.04,600,24.0,576.0,Periféricos
2025-10-07 10:00:02,11865,206,Monitor,Norte,1,Boleto,1200,0.08,1200,96.0,1104.0,Eletrônicos
2025-11-25 04:52:18,11866,544,Notebook,Centro-Oeste,3,Pix,3500,0.12,10500,1260.0,9240.0,Eletrônicos
2025-05-07 07:23:16,11867,611,Notebook,Nordeste,1,Boleto,3500,0.04,3500,140.0,3360.0,Eletrônicos
2025-04-27 06:59:55,11868,906,Cadeira,Centro-Oeste,5,Pix,850,0.09,4250,382.5,3867.5,Móveis
2025-12-24 17:43:07,11869,387,Mouse,Sul,4,Pix,120,0.07,480,33.6,446.4,Periféricos
2025-12-03 03:14:58,11870,768,Headset,Norte,4,Cartão de débito,300,0.04,1200,48.0,1152.0,Periféticos
2025-11-21 02:50:05,11871,699,Cadeira,Norte,3,Pix,850,0.08,2550,204.0,2346.0,Móveis
2025-09-19 04:02:45,11872,76,Tablet,Centro-Oeste,4,Cartão de crédito,1500,0.03,6000,180.0,5820.0,Eletrônicos
2025-08-02 09:56:49,11873,177,Cadeira,Nordeste,5,Boleto,850,0.1,4250,425.0,3825.0,Móveis
2025-03-18 02:50:51,11874,827,Cadeira,Sul,3,Boleto,850,0.02,2550,51.0,2499.0,Móveis
2025-03-21 11:33:38,11875,799,Celular,Sudeste,1,Pix,2200,0.11,2200,242.0,1958.0,Eletrônicos
2025-04-15 05:17:24,11876,349,Impressora,Norte,2,Cartão de crédito,900,0.03,1800,54.0,1746.0,Eletrônicos
2025-10-08 14:14:03,11877,255,Monitor,Centro-Oeste,1,Pix,1200,0.15,1200,180.0,1020.0,Eletrônicos
2025-05-17 08:13:46,11878,837,Celular,Nordeste,5,Pix,2200,0.12,11000,1320.0,9680.0,Eletrônicos
2025-06-11 14:40:58,11879,702,Notebook,Nordeste,3,Cartão de débito,3500,0.05,10500,525.0,9975.0,Eletrônicos
2025-02-27 17:28:16,11880,308,Notebook,Sul,1,Pix,3500,0.06,3500,210.0,3290.0,Eletrônicos
2025-07-19 03:30:04,11881,345,Teclado,Norte,3,Pix,250,0.04,750,30.0,720.0,Periféricos
2025-02-17 06:39:12,11882,127,Teclado,Sul,4,Cartão de débito,250,0.12,1000,120.0,880.0,Periféricos
2025-09-02 19:34:33,11883,937,Headset,Sudeste,2,Cartão de débito,300,0.06,600,36.0,564.0,Periféticos
2025-06-02 03:00:08,11884,287,Notebook,Sudeste,5,Cartão de crédito,3500,0.11,17500,1925.0,15575.0,Eletrônicos
2025-02-04 11:06:30,11885,766,Impressora,Sudeste,1,Cartão de débito,900,0.0,900,0.0,900.0,Eletrônicos
2025-10-10 03:20:16,11886,725,Celular,Nordeste,2,Boleto,2200,0.02,4400,88.0,4312.0,Eletrônicos
2025-09-28 16:39:10,11887,762,Tablet,Norte,5,Boleto,1500,0.05,7500,375.0,7125.0,Eletrônicos
2025-02-08 03:54:51,11888,596,Impressora,Sul,5,Cartão de crédito,900,0.02,4500,90.0,4410.0,Eletrônicos
2025-05-22 02:23:57,11889,487,Teclado,Sul,4,Pix,250,0.09,1000,90.0,910.0,Periféricos
2025-09-08 19:51:43,11890,383,Mouse,Sudeste,3,Cartão de crédito,120,0.01,360,3.6,356.4,Periféricos
2025-10-14 05:57:43,11891,406,Impressora,Norte,3,Cartão de débito,900,0.13,2700,351.0,2349.0,Eletrônicos
2025-01-29 19:51:46,11892,388,Impressora,Norte,2,Pix,900,0.11,1800,198.0,1602.0,Eletrônicos
2025-10-09 11:29:11,11893,525,Impressora,Centro-Oeste,4,Cartão de crédito,900,0.03,3600,108.0,3492.0,Eletrônicos
2025-11-02 01:35:26,11894,557,Impressora,Norte,5,Cartão de crédito,900,0.07,4500,315.00000000000006,4185.0,Eletrônicos
2025-04-04 03:20:52,11895,639,Impressora,Norte,4,Boleto,900,0.07,3600,252.00000000000003,3348.0,Eletrônicos
2025-03-02 19:30:24,11896,938,Teclado,Sul,4,Cartão de crédito,250,0.11,1000,110.0,890.0,Periféricos
2025-05-06 22:25:26,11897,626,Notebook,Norte,2,Pix,3500,0.06,7000,420.0,6580.0,Eletrônicos
2025-09-24 02:45:56,11898,945,Cadeira,Norte,3,Cartão de crédito,850,0.0,2550,0.0,2550.0,Móveis
2025-08-26 10:39:49,11899,276,Impressora,Sul,4,Cartão de crédito,900,0.04,3600,144.0,3456.0,Eletrônicos
2025-08-08 16:09:51,11900,500,Impressora,Norte,4,Cartão de débito,900,0.07,3600,252.00000000000003,3348.0,Eletrônicos
2025-09-28 16:54:29,11901,717,Monitor,Sul,4,Cartão de crédito,1200,0.15,4800,720.0,4080.0,Eletrônicos
2025-07-19 13:14:47,11902,337,Notebook,Centro-Oeste,1,Pix,3500,0.13,3500,455.0,3045.0,Eletrônicos
2025-09-02 21:19:13,11903,950,Cadeira,Nordeste,4,Boleto,850,0.03,3400,102.0,3298.0,Móveis
2025-09-09 00:50:32,11904,932,Tablet,Sul,4,Boleto,1500,0.11,6000,660.0,5340.0,Eletrônicos
2025-10-28 05:54:19,11905,481,Tablet,Sul,5,Boleto,1500,0.14,7500,1050.0,6450.0,Eletrônicos
2025-05-03 06:13:34,11906,897,Mouse,Norte,1,Boleto,120,0.0,120,0.0,120.0,Periféricos
2025-10-10 02:47:22,11907,911,Mesa,Sul,4,Cartão de débito,1100,0.11,4400,484.0,3916.0,Móveis
2025-06-13 16:43:05,11908,973,Celular,Sudeste,4,Pix,2200,0.07,8800,616.0000000000001,8184.0,Eletrônicos
2025-08-23 16:08:08,11909,273,Monitor,Sudeste,2,Cartão de débito,1200,0.1,2400,240.0,2160.0,Eletrônicos
2025-11-23 01:35:40,11910,920,Notebook,Centro-Oeste,2,Boleto,3500,0.09,7000,630.0,6370.0,Eletrônicos
2025-10-19 01:15:05,11911,58,Notebook,Sul,1,Cartão de débito,3500,0.15,3500,525.0,2975.0,Eletrônicos
2025-01-19 02:38:38,11912,328,Mesa,Norte,5,Cartão de crédito,1100,0.04,5500,220.0,5280.0,Móveis
2025-09-11 16:02:39,11913,731,Mouse,Norte,1,Pix,120,0.12,120,14.399999999999999,105.6,Periféricos
2025-05-02 19:10:01,11914,109,Headset,Nordeste,1,Cartão de crédito,300,0.04,300,12.0,288.0,Periféticos
2025-04-26 15:19:43,11915,279,Teclado,Centro-Oeste,2,Cartão de débito,250,0.07,500,35.0,465.0,Periféricos
2025-06-17 16:31:02,11916,686,Mouse,Norte,2,Cartão de crédito,120,0.15,240,36.0,204.0,Periféricos
2025-12-23 05:22:24,11917,328,Cadeira,Nordeste,5,Cartão de débito,850,0.11,4250,467.5,3782.5,Móveis
2025-02-14 03:14:30,11918,776,Mouse,Norte,4,Cartão de débito,120,0.05,480,24.0,456.0,Periféricos
2025-02-25 15:07:05,11919,315,Mesa,Nordeste,5,Pix,1100,0.09,5500,495.0,5005.0,Móveis
2025-09-28 16:24:52,11920,474,Mesa,Sudeste,4,Pix,1100,0.01,4400,44.0,4356.0,Móveis
2025-08-10 17:07:33,11921,111,Celular,Sudeste,3,Pix,2200,0.04,6600,264.0,6336.0,Eletrônicos
2025-03-12 21:02:49,11922,699,Monitor,Norte,2,Boleto,1200,0.11,2400,264.0,2136.0,Eletrônicos
2025-01-18 15:21:42,11923,781,Impressora,Centro-Oeste,3,Pix,900,0.09,2700,243.0,2457.0,Eletrônicos
2025-05-15 00:25:49,11924,935,Tablet,Sul,3,Cartão de crédito,1500,0.07,4500,315.00000000000006,4185.0,Eletrônicos
2025-06-15 18:54:06,11925,229,Mesa,Centro-Oeste,2,Pix,1100,0.1,2200,220.0,1980.0,Móveis
2025-04-15 18:39:48,11926,497,Celular,Centro-Oeste,3,Pix,2200,0.06,6600,396.0,6204.0,Eletrônicos
2025-08-10 18:23:02,11927,156,Teclado,Sul,1,Pix,250,0.0,250,0.0,250.0,Periféricos
2025-01-24 13:30:48,11928,473,Tablet,Sudeste,4,Cartão de débito,1500,0.07,6000,420.00000000000006,5580.0,Eletrônicos
2025-09-11 11:22:26,11929,701,Headset,Sudeste,5,Cartão de débito,300,0.14,1500,210.00000000000003,1290.0,Periféticos
2025-05-06 07:54:23,11930,272,Notebook,Sul,2,Pix,3500,0.13,7000,910.0,6090.0,Eletrônicos
2025-10-21 15:20:39,11931,887,Teclado,Nordeste,1,Cartão de débito,250,0.06,250,15.0,235.0,Periféricos
2025-04-25 17:50:41,11932,2,Headset,Centro-Oeste,5,Cartão de débito,300,0.0,1500,0.0,1500.0,Periféticos
2025-12-03 08:44:06,11933,758,Tablet,Norte,5,Boleto,1500,0.1,7500,750.0,6750.0,Eletrônicos
2025-11-09 03:32:44,11934,722,Teclado,Sudeste,5,Cartão de crédito,250,0.11,1250,137.5,1112.5,Periféricos
2025-09-29 15:03:45,11935,511,Celular,Norte,3,Cartão de débito,2200,0.04,6600,264.0,6336.0,Eletrônicos
2025-05-24 00:27:10,11936,913,Headset,Sul,3,Cartão de crédito,300,0.07,900,63.00000000000001,837.0,Periféticos
2025-05-13 14:38:21,11937,286,Notebook,Norte,3,Cartão de débito,3500,0.15,10500,1575.0,8925.0,Eletrônicos
2025-01-10 16:46:43,11938,871,Impressora,Norte,3,Pix,900,0.09,2700,243.0,2457.0,Eletrônicos
2025-02-09 17:43:02,11939,13,Celular,Centro-Oeste,1,Cartão de débito,2200,0.05,2200,110.0,2090.0,Eletrônicos
2025-04-11 08:22:58,11940,608,Cadeira,Sul,3,Cartão de débito,850,0.09,2550,229.5,2320.5,Móveis
2025-11-25 02:40:17,11941,498,Notebook,Norte,2,Cartão de crédito,3500,0.03,7000,210.0,6790.0,Eletrônicos
2025-12-05 12:08:26,11942,733,Monitor,Sudeste,5,Pix,1200,0.03,6000,180.0,5820.0,Eletrônicos
2025-02-09 07:04:09,11943,238,Mouse,Sul,1,Boleto,120,0.14,120,16.8,103.2,Periféricos
2025-07-14 22:42:46,11944,94,Monitor,Sudeste,3,Cartão de crédito,1200,0.04,3600,144.0,3456.0,Eletrônicos
2025-10-14 05:07:28,11945,338,Mesa,Nordeste,5,Pix,1100,0.05,5500,275.0,5225.0,Móveis
2025-03-27 23:47:25,11946,781,Impressora,Norte,1,Pix,900,0.08,900,72.0,828.0,Eletrônicos
2025-05-06 06:20:14,11947,171,Cadeira,Sul,5,Cartão de crédito,850,0.13,4250,552.5,3697.5,Móveis
2025-09-22 13:41:43,11948,981,Cadeira,Sudeste,1,Cartão de débito,850,0.12,850,102.0,748.0,Móveis
2025-06-21 07:38:10,11949,606,Mouse,Norte,4,Pix,120,0.01,480,4.8,475.2,Periféricos
2025-10-25 17:59:07,11950,661,Headset,Centro-Oeste,1,Boleto,300,0.1,300,30.0,270.0,Periféticos
2025-06-17 23:46:03,11951,624,Mouse,Sudeste,3,Cartão de débito,120,0.08,360,28.8,331.2,Periféricos
2025-08-12 15:58:36,11952,567,Mesa,Sudeste,5,Cartão de crédito,1100,0.07,5500,385.00000000000006,5115.0,Móveis
2025-11-27 02:39:29,11953,849,Monitor,Nordeste,5,Cartão de crédito,1200,0.1,6000,600.0,5400.0,Eletrônicos
2025-04-19 15:49:22,11954,936,Cadeira,Centro-Oeste,5,Cartão de crédito,850,0.03,4250,127.5,4122.5,Móveis
2025-02-18 12:44:20,11955,467,Monitor,Nordeste,2,Cartão de crédito,1200,0.15,2400,360.0,2040.0,Eletrônicos
2025-12-06 09:40:58,11956,628,Notebook,Centro-Oeste,2,Boleto,3500,0.1,7000,700.0,6300.0,Eletrônicos
2025-07-15 17:34:31,11957,143,Impressora,Sudeste,3,Boleto,900,0.05,2700,135.0,2565.0,Eletrônicos
2025-06-25 14:02:01,11958,201,Teclado,Nordeste,4,Pix,250,0.09,1000,90.0,910.0,Periféricos
2025-10-27 02:17:26,11959,180,Mesa,Norte,2,Boleto,1100,0.03,2200,66.0,2134.0,Móveis
2025-10-28 15:29:26,11960,714,Teclado,Centro-Oeste,1,Cartão de crédito,250,0.1,250,25.0,225.0,Periféricos
2025-05-22 23:44:43,11961,364,Mesa,Sudeste,3,Boleto,1100,0.0,3300,0.0,3300.0,Móveis
2025-04-16 03:36:06,11962,479,Tablet,Sul,4,Cartão de débito,1500,0.05,6000,300.0,5700.0,Eletrônicos
2025-05-19 16:59:58,11963,565,Impressora,Centro-Oeste,1,Cartão de débito,900,0.11,900,99.0,801.0,Eletrônicos
2025-12-20 00:59:35,11964,471,Notebook,Centro-Oeste,5,Pix,3500,0.12,17500,2100.0,15400.0,Eletrônicos
2025-01-22 07:34:08,11965,384,Impressora,Norte,2,Cartão de crédito,900,0.04,1800,72.0,1728.0,Eletrônicos
2025-12-22 12:03:15,11966,692,Headset,Centro-Oeste,1,Boleto,300,0.08,300,24.0,276.0,Periféticos
2025-03-24 13:15:08,11967,926,Mesa,Centro-Oeste,4,Pix,1100,0.08,4400,352.0,4048.0,Móveis
2025-09-26 16:37:41,11968,417,Teclado,Norte,3,Pix,250,0.06,750,45.0,705.0,Periféricos
2025-11-07 19:31:36,11969,825,Mesa,Norte,1,Boleto,1100,0.03,1100,33.0,1067.0,Móveis
2025-06-23 00:42:52,11970,308,Headset,Nordeste,3,Pix,300,0.11,900,99.0,801.0,Periféticos
2025-02-14 07:27:13,11971,649,Mesa,Sudeste,5,Cartão de crédito,1100,0.04,5500,220.0,5280.0,Móveis
2025-08-14 20:08:00,11972,694,Impressora,Sudeste,4,Boleto,900,0.14,3600,504.00000000000006,3096.0,Eletrônicos
2025-06-07 08:17:19,11973,367,Celular,Nordeste,4,Cartão de débito,2200,0.08,8800,704.0,8096.0,Eletrônicos
2025-09-03 16:06:04,11974,1,Mesa,Sudeste,2,Cartão de débito,1100,0.13,2200,286.0,1914.0,Móveis
2025-11-19 12:42:17,11975,44,Tablet,Centro-Oeste,4,Boleto,1500,0.04,6000,240.0,5760.0,Eletrônicos
2025-03-24 18:52:27,11976,739,Tablet,Nordeste,1,Pix,1500,0.12,1500,180.0,1320.0,Eletrônicos
2025-11-14 23:53:33,11977,843,Cadeira,Nordeste,1,Pix,850,0.02,850,17.0,833.0,Móveis
2025-06-21 04:21:21,11978,98,Tablet,Sudeste,1,Cartão de débito,1500,0.12,1500,180.0,1320.0,Eletrônicos
2025-02-17 21:14:30,11979,720,Mesa,Sul,5,Cartão de débito,1100,0.06,5500,330.0,5170.0,Móveis
2025-02-19 23:25:22,11980,265,Mesa,Sudeste,4,Cartão de crédito,1100,0.07,4400,308.00000000000006,4092.0,Móveis
2025-05-25 17:23:53,11981,800,Celular,Sul,4,Pix,2200,0.03,8800,264.0,8536.0,Eletrônicos
2025-10-24 14:05:21,11982,783,Tablet,Nordeste,1,Cartão de crédito,1500,0.0,1500,0.0,1500.0,Eletrônicos
2025-10-08 14:03:09,11983,140,Monitor,Sul,2,Cartão de débito,1200,0.1,2400,240.0,2160.0,Eletrônicos
2025-01-12 19:22:34,11984,481,Mesa,Centro-Oeste,2,Cartão de débito,1100,0.09,2200,198.0,2002.0,Móveis
2025-10-15 14:15:40,11985,237,Notebook,Norte,4,Cartão de débito,3500,0.09,14000,1260.0,12740.0,Eletrônicos
2025-10-01 09:19:08,11986,974,Notebook,Sul,4,Cartão de débito,3500,0.04,14000,560.0,13440.0,Eletrônicos
2025-02-27 05:39:29,11987,953,Teclado,Norte,3,Cartão de crédito,250,0.04,750,30.0,720.0,Periféricos
2025-03-19 22:20:15,11988,904,Celular,Centro-Oeste,4,Cartão de débito,2200,0.12,8800,1056.0,7744.0,Eletrônicos
2025-05-25 06:42:39,11989,72,Headset,Norte,1,Boleto,300,0.11,300,33.0,267.0,Periféticos
2025-04-05 20:36:50,11990,667,Monitor,Centro-Oeste,5,Pix,1200,0.05,6000,300.0,5700.0,Eletrônicos
2025-10-13 15:58:30,11991,190,Mesa,Norte,4,Cartão de débito,1100,0.1,4400,440.0,3960.0,Móveis
2025-03-25 03:53:17,11992,268,Impressora,Norte,4,Pix,900,0.12,3600,432.0,3168.0,Eletrônicos
2025-12-13 01:46:27,11993,321,Mouse,Sudeste,1,Cartão de débito,120,0.13,120,15.600000000000001,104.4,Periféricos
2025-10-16 18:12:44,11994,107,Mouse,Sul,3,Cartão de crédito,120,0.0,360,0.0,360.0,Periféricos
2025-03-19 17:05:01,11995,232,Headset,Norte,4,Pix,300,0.12,1200,144.0,1056.0,Periféticos
2025-05-10 12:58:24,11996,42,Cadeira,Nordeste,2,Cartão de crédito,850,0.05,1700,85.0,1615.0,Móveis
2025-06-23 15:48:44,11997,702,Impressora,Sudeste,2,Cartão de débito,900,0.11,1800,198.0,1602.0,Eletrônicos
2025-11-12 11:59:57,11998,883,Mouse,Sul,2,Boleto,120,0.06,240,14.399999999999999,225.6,Periféricos
2025-06-14 16:42:28,11999,139,Headset,Sudeste,5,Boleto,300,0.09,1500,135.0,1365.0,Periféticos
2025-06-10 00:12:27,12000,615,Mouse,Sul,5,Boleto,120,0.1,600,60.0,540.0,Periféricos
2025-05-05 13:08:08,12001,683,Celular,Centro-Oeste,4,Boleto,2200,0.06,8800,528.0,8272.0,Eletrônicos
2025-05-11 20:20:31,12002,863,Teclado,Norte,4,Boleto,250,0.08,1000,80.0,920.0,Periféricos
2025-11-19 14:24:55,12003,273,Cadeira,Nordeste,4,Cartão de crédito,850,0.11,3400,374.0,3026.0,Móveis
2025-10-29 08:12:27,12004,481,Celular,Sudeste,5,Boleto,2200,0.07,11000,770.0000000000001,10230.0,Eletrônicos
2025-05-12 15:40:57,12005,416,Impressora,Sudeste,4,Cartão de débito,900,0.0,3600,0.0,3600.0,Eletrônicos
2025-10-14 10:08:29,12006,506,Headset,Sudeste,1,Cartão de crédito,300,0.0,300,0.0,300.0,Periféticos
2025-07-04 03:23:04,12007,733,Monitor,Sudeste,3,Cartão de crédito,1200,0.1,3600,360.0,3240.0,Eletrônicos
2025-01-22 12:33:02,12008,725,Impressora,Norte,2,Boleto,900,0.13,1800,234.0,1566.0,Eletrônicos
2025-12-29 14:40:38,12009,853,Impressora,Sul,2,Pix,900,0.12,1800,216.0,1584.0,Eletrônicos
2025-12-09 17:05:23,12010,424,Tablet,Norte,1,Cartão de débito,1500,0.05,1500,75.0,1425.0,Eletrônicos
2025-06-09 10:27:16,12011,407,Monitor,Centro-Oeste,4,Cartão de crédito,1200,0.07,4800,336.00000000000006,4464.0,Eletrônicos
2025-10-11 19:28:00,12012,568,Notebook,Norte,5,Cartão de débito,3500,0.04,17500,700.0,16800.0,Eletrônicos
2025-08-07 19:58:21,12013,390,Tablet,Norte,4,Pix,1500,0.15,6000,900.0,5100.0,Eletrônicos
2025-06-16 08:22:08,12014,342,Headset,Centro-Oeste,4,Cartão de crédito,300,0.04,1200,48.0,1152.0,Periféticos
2025-02-24 15:17:22,12015,946,Notebook,Norte,2,Cartão de débito,3500,0.06,7000,420.0,6580.0,Eletrônicos
2025-11-13 19:36:12,12016,614,Mouse,Sul,2,Boleto,120,0.1,240,24.0,216.0,Periféricos
2025-06-02 02:18:53,12017,933,Mouse,Nordeste,5,Cartão de crédito,120,0.13,600,78.0,522.0,Periféricos
2025-01-07 08:33:59,12018,493,Impressora,Centro-Oeste,2,Cartão de crédito,900,0.01,1800,18.0,1782.0,Eletrônicos
2025-10-25 17:08:45,12019,192,Tablet,Sudeste,4,Cartão de crédito,1500,0.05,6000,300.0,5700.0,Eletrônicos
2025-03-04 14:25:53,12020,499,Mesa,Sul,1,Cartão de crédito,1100,0.09,1100,99.0,1001.0,Móveis
2025-12-27 04:21:23,12021,822,Monitor,Nordeste,5,Boleto,1200,0.09,6000,540.0,5460.0,Eletrônicos
2025-08-18 10:53:05,12022,712,Notebook,Sul,1,Pix,3500,0.01,3500,35.0,3465.0,Eletrônicos
2025-12-17 05:18:53,12023,233,Monitor,Sul,4,Pix,1200,0.1,4800,480.0,4320.0,Eletrônicos
2025-06-07 15:11:32,12024,945,Tablet,Sudeste,5,Cartão de débito,1500,0.08,7500,600.0,6900.0,Eletrônicos
2025-05-31 15:45:28,12025,227,Impressora,Nordeste,1,Boleto,900,0.12,900,108.0,792.0,Eletrônicos
2025-07-10 07:09:35,12026,371,Celular,Sul,5,Boleto,2200,0.03,11000,330.0,10670.0,Eletrônicos
2025-04-22 19:04:32,12027,139,Mouse,Sudeste,4,Cartão de débito,120,0.03,480,14.399999999999999,465.6,Periféricos
2025-07-23 06:29:08,12028,856,Notebook,Centro-Oeste,5,Boleto,3500,0.12,17500,2100.0,15400.0,Eletrônicos
2025-06-16 09:35:41,12029,817,Notebook,Sudeste,4,Boleto,3500,0.11,14000,1540.0,12460.0,Eletrônicos
2025-10-28 03:49:34,12030,149,Headset,Norte,5,Cartão de crédito,300,0.12,1500,180.0,1320.0,Periféticos
2025-10-21 04:44:56,12031,115,Notebook,Sudeste,5,Cartão de crédito,3500,0.12,17500,2100.0,15400.0,Eletrônicos
2025-01-05 14:28:30,12032,450,Tablet,Sudeste,2,Cartão de crédito,1500,0.02,3000,60.0,2940.0,Eletrônicos
2025-03-17 06:26:56,12033,63,Notebook,Sudeste,4,Boleto,3500,0.04,14000,560.0,13440.0,Eletrônicos
2025-02-19 23:10:48,12034,104,Notebook,Sul,3,Boleto,3500,0.04,10500,420.0,10080.0,Eletrônicos
2025-12-27 09:39:15,12035,851,Monitor,Nordeste,5,Pix,1200,0.14,6000,840.0000000000001,5160.0,Eletrônicos
2025-12-30 16:47:07,12036,871,Impressora,Sudeste,1,Cartão de crédito,900,0.07,900,63.00000000000001,837.0,Eletrônicos
2025-06-13 13:57:14,12037,668,Teclado,Sudeste,2,Cartão de débito,250,0.02,500,10.0,490.0,Periféricos
2025-08-20 02:05:45,12038,273,Notebook,Norte,2,Boleto,3500,0.04,7000,280.0,6720.0,Eletrônicos
2025-02-25 09:25:56,12039,6,Mesa,Norte,5,Cartão de crédito,1100,0.13,5500,715.0,4785.0,Móveis
2025-09-11 06:35:40,12040,147,Impressora,Centro-Oeste,3,Pix,900,0.13,2700,351.0,2349.0,Eletrônicos
2025-02-28 04:02:44,12041,184,Cadeira,Centro-Oeste,2,Cartão de crédito,850,0.14,1700,238.00000000000003,1462.0,Móveis
2025-06-22 16:02:50,12042,998,Headset,Norte,4,Pix,300,0.06,1200,72.0,1128.0,Periféticos
2025-05-11 01:52:59,12043,28,Monitor,Nordeste,5,Pix,1200,0.1,6000,600.0,5400.0,Eletrônicos
2025-06-24 21:27:33,12044,962,Headset,Centro-Oeste,5,Boleto,300,0.04,1500,60.0,1440.0,Periféticos
2025-10-14 17:30:14,12045,550,Celular,Nordeste,3,Pix,2200,0.03,6600,198.0,6402.0,Eletrônicos
2025-07-24 17:19:51,12046,119,Notebook,Norte,4,Pix,3500,0.0,14000,0.0,14000.0,Eletrônicos
2025-03-10 22:07:58,12047,293,Mouse,Centro-Oeste,4,Cartão de débito,120,0.03,480,14.399999999999999,465.6,Periféricos
2025-12-26 12:08:13,12048,371,Mesa,Sudeste,3,Pix,1100,0.09,3300,297.0,3003.0,Móveis
2025-12-17 09:07:35,12049,244,Monitor,Norte,1,Cartão de débito,1200,0.14,1200,168.00000000000003,1032.0,Eletrônicos
2025-11-18 07:51:38,12050,580,Headset,Centro-Oeste,4,Cartão de débito,300,0.02,1200,24.0,1176.0,Periféticos
2025-09-20 19:00:13,12051,726,Notebook,Nordeste,1,Cartão de crédito,3500,0.14,3500,490.00000000000006,3010.0,Eletrônicos
2025-07-20 15:35:40,12052,218,Mouse,Nordeste,1,Cartão de crédito,120,0.05,120,6.0,114.0,Periféricos
2025-08-28 02:26:41,12053,177,Mouse,Centro-Oeste,5,Boleto,120,0.06,600,36.0,564.0,Periféricos
2025-05-28 17:04:24,12054,299,Celular,Nordeste,5,Boleto,2200,0.05,11000,550.0,10450.0,Eletrônicos
2025-02-27 22:16:38,12055,676,Impressora,Centro-Oeste,2,Boleto,900,0.06,1800,108.0,1692.0,Eletrônicos
2025-12-04 17:06:59,12056,58,Mesa,Centro-Oeste,5,Pix,1100,0.04,5500,220.0,5280.0,Móveis
2025-05-04 14:24:03,12057,269,Teclado,Nordeste,4,Cartão de crédito,250,0.1,1000,100.0,900.0,Periféricos
2025-09-11 23:31:06,12058,308,Mesa,Sul,4,Pix,1100,0.11,4400,484.0,3916.0,Móveis
2025-06-06 05:25:27,12059,570,Celular,Sudeste,1,Cartão de crédito,2200,0.12,2200,264.0,1936.0,Eletrônicos
2025-09-18 01:44:51,12060,288,Tablet,Norte,4,Pix,1500,0.05,6000,300.0,5700.0,Eletrônicos
2025-04-04 20:45:16,12061,977,Impressora,Sudeste,5,Boleto,900,0.11,4500,495.0,4005.0,Eletrônicos
2025-03-02 02:34:38,12062,105,Monitor,Norte,5,Cartão de crédito,1200,0.1,6000,600.0,5400.0,Eletrônicos
2025-07-19 04:10:29,12063,228,Impressora,Norte,5,Cartão de crédito,900,0.14,4500,630.0000000000001,3870.0,Eletrônicos
2025-11-03 22:13:08,12064,247,Celular,Sudeste,3,Cartão de débito,2200,0.06,6600,396.0,6204.0,Eletrônicos
2025-05-06 03:30:58,12065,700,Celular,Centro-Oeste,4,Cartão de crédito,2200,0.15,8800,1320.0,7480.0,Eletrônicos
2025-08-31 09:18:36,12066,494,Monitor,Nordeste,2,Cartão de crédito,1200,0.11,2400,264.0,2136.0,Eletrônicos
2025-06-06 15:36:13,12067,83,Monitor,Sul,4,Pix,1200,0.12,4800,576.0,4224.0,Eletrônicos
2025-07-24 04:12:57,12068,186,Monitor,Sul,4,Boleto,1200,0.0,4800,0.0,4800.0,Eletrônicos
2025-01-04 11:56:26,12069,252,Impressora,Sul,3,Cartão de débito,900,0.07,2700,189.00000000000003,2511.0,Eletrônicos
2025-08-20 07:16:49,12070,355,Notebook,Sudeste,4,Pix,3500,0.08,14000,1120.0,12880.0,Eletrônicos
2025-03-05 12:51:04,12071,750,Headset,Sudeste,1,Cartão de crédito,300,0.01,300,3.0,297.0,Periféticos
2025-03-28 07:23:05,12072,872,Cadeira,Centro-Oeste,5,Pix,850,0.05,4250,212.5,4037.5,Móveis
2025-09-30 12:12:24,12073,696,Monitor,Sul,5,Boleto,1200,0.14,6000,840.0000000000001,5160.0,Eletrônicos
2025-12-02 13:58:08,12074,796,Headset,Centro-Oeste,3,Cartão de débito,300,0.06,900,54.0,846.0,Periféticos
2025-07-26 01:29:29,12075,897,Cadeira,Sul,5,Pix,850,0.03,4250,127.5,4122.5,Móveis
2025-11-02 13:37:06,12076,938,Impressora,Sudeste,1,Cartão de crédito,900,0.08,900,72.0,828.0,Eletrônicos
2025-10-20 22:51:35,12077,210,Headset,Nordeste,3,Pix,300,0.01,900,9.0,891.0,Periféticos
2025-11-13 21:58:29,12078,816,Monitor,Nordeste,2,Cartão de crédito,1200,0.08,2400,192.0,2208.0,Eletrônicos
2025-07-13 14:32:36,12079,808,Teclado,Nordeste,5,Cartão de débito,250,0.09,1250,112.5,1137.5,Periféricos
2025-06-06 20:16:04,12080,609,Celular,Nordeste,4,Cartão de débito,2200,0.05,8800,440.0,8360.0,Eletrônicos
2025-08-26 12:16:53,12081,447,Headset,Norte,1,Pix,300,0.11,300,33.0,267.0,Periféticos
2025-01-18 12:42:22,12082,460,Mouse,Sul,1,Cartão de débito,120,0.02,120,2.4,117.6,Periféricos
2025-09-25 18:22:14,12083,968,Mouse,Nordeste,5,Boleto,120,0.13,600,78.0,522.0,Periféricos
2025-02-18 09:17:36,12084,472,Headset,Norte,2,Pix,300,0.14,600,84.00000000000001,516.0,Periféticos
2025-05-12 00:06:32,12085,720,Monitor,Norte,4,Cartão de crédito,1200,0.0,4800,0.0,4800.0,Eletrônicos
2025-10-20 03:52:02,12086,370,Mesa,Norte,2,Pix,1100,0.13,2200,286.0,1914.0,Móveis
2025-06-25 04:22:43,12087,900,Monitor,Centro-Oeste,2,Cartão de crédito,1200,0.08,2400,192.0,2208.0,Eletrônicos
2025-05-16 05:28:25,12088,934,Impressora,Centro-Oeste,5,Cartão de débito,900,0.07,4500,315.00000000000006,4185.0,Eletrônicos
2025-03-21 05:43:12,12089,492,Monitor,Norte,4,Cartão de crédito,1200,0.04,4800,192.0,4608.0,Eletrônicos
2025-04-11 10:15:24,12090,923,Impressora,Nordeste,5,Cartão de crédito,900,0.07,4500,315.00000000000006,4185.0,Eletrônicos
2025-05-01 08:12:42,12091,137,Mesa,Sul,5,Cartão de crédito,1100,0.14,5500,770.0000000000001,4730.0,Móveis
2025-10-07 05:21:45,12092,367,Teclado,Sudeste,1,Cartão de crédito,250,0.03,250,7.5,242.5,Periféricos
2025-01-22 04:12:33,12093,912,Impressora,Centro-Oeste,5,Boleto,900,0.03,4500,135.0,4365.0,Eletrônicos
2025-12-05 14:14:41,12094,184,Tablet,Nordeste,3,Cartão de crédito,1500,0.04,4500,180.0,4320.0,Eletrônicos
2025-02-05 04:49:01,12095,588,Mouse,Nordeste,4,Pix,120,0.08,480,38.4,441.6,Periféricos
2025-07-26 05:05:20,12096,287,Celular,Sudeste,1,Boleto,2200,0.14,2200,308.00000000000006,1892.0,Eletrônicos
2025-09-29 08:07:51,12097,472,Mouse,Sudeste,4,Cartão de crédito,120,0.09,480,43.199999999999996,436.8,Periféricos
2025-12-05 14:00:34,12098,375,Impressora,Nordeste,1,Cartão de crédito,900,0.04,900,36.0,864.0,Eletrônicos
2025-06-15 16:34:39,12099,654,Tablet,Sudeste,3,Cartão de crédito,1500,0.07,4500,315.00000000000006,4185.0,Eletrônicos
2025-05-02 10:54:26,12100,749,Notebook,Nordeste,5,Boleto,3500,0.06,17500,1050.0,16450.0,Eletrônicos
2025-10-10 21:06:45,12101,537,Teclado,Sudeste,1,Cartão de crédito,250,0.01,250,2.5,247.5,Periféricos
2025-10-13 19:52:44,12102,511,Teclado,Sudeste,1,Cartão de crédito,250,0.08,250,20.0,230.0,Periféricos
2025-09-09 21:53:59,12103,802,Notebook,Nordeste,1,Cartão de crédito,3500,0.02,3500,70.0,3430.0,Eletrônicos
2025-10-10 13:24:12,12104,579,Celular,Norte,3,Cartão de débito,2200,0.13,6600,858.0,5742.0,Eletrônicos
2025-10-12 13:30:22,12105,250,Mesa,Nordeste,4,Pix,1100,0.08,4400,352.0,4048.0,Móveis
2025-06-29 17:03:20,12106,920,Cadeira,Sul,3,Cartão de crédito,850,0.13,2550,331.5,2218.5,Móveis
2025-12-15 02:13:28,12107,510,Tablet,Sudeste,1,Pix,1500,0.14,1500,210.00000000000003,1290.0,Eletrônicos
2025-08-02 13:50:59,12108,630,Impressora,Centro-Oeste,1,Cartão de débito,900,0.14,900,126.00000000000001,774.0,Eletrônicos
2025-04-08 11:48:29,12109,73,Cadeira,Sudeste,5,Cartão de débito,850,0.02,4250,85.0,4165.0,Móveis
2025-02-07 08:57:08,12110,282,Celular,Sul,3,Cartão de crédito,2200,0.14,6600,924.0000000000001,5676.0,Eletrônicos
2025-10-03 20:36:49,12111,916,Mesa,Centro-Oeste,3,Pix,1100,0.12,3300,396.0,2904.0,Móveis
2025-08-03 02:33:46,12112,960,Teclado,Centro-Oeste,2,Boleto,250,0.12,500,60.0,440.0,Periféricos
2025-05-03 07:55:20,12113,360,Impressora,Nordeste,4,Cartão de crédito,900,0.01,3600,36.0,3564.0,Eletrônicos
2025-01-28 01:56:07,12114,10,Impressora,Norte,2,Boleto,900,0.03,1800,54.0,1746.0,Eletrônicos
2025-12-31 14:15:22,12115,211,Mesa,Nordeste,2,Cartão de débito,1100,0.15,2200,330.0,1870.0,Móveis
2025-08-13 10:30:51,12116,835,Mouse,Centro-Oeste,4,Cartão de débito,120,0.03,480,14.399999999999999,465.6,Periféricos
2025-01-06 16:23:56,12117,152,Tablet,Centro-Oeste,5,Pix,1500,0.03,7500,225.0,7275.0,Eletrônicos
2025-10-23 01:25:28,12118,5,Mesa,Norte,5,Boleto,1100,0.05,5500,275.0,5225.0,Móveis
2025-09-22 04:02:10,12119,195,Monitor,Sudeste,4,Boleto,1200,0.14,4800,672.0000000000001,4128.0,Eletrônicos
2025-05-06 14:13:44,12120,954,Monitor,Norte,4,Cartão de crédito,1200,0.07,4800,336.00000000000006,4464.0,Eletrônicos
2025-02-01 08:50:41,12121,283,Mesa,Nordeste,3,Pix,1100,0.14,3300,462.00000000000006,2838.0,Móveis
2025-05-17 20:00:11,12122,464,Teclado,Sudeste,3,Pix,250,0.05,750,37.5,712.5,Periféricos
2025-07-27 09:49:29,12123,113,Mesa,Nordeste,3,Boleto,1100,0.03,3300,99.0,3201.0,Móveis
2025-08-29 00:42:48,12124,271,Headset,Norte,3,Cartão de débito,300,0.07,900,63.00000000000001,837.0,Periféticos
2025-02-16 01:11:42,12125,163,Celular,Sudeste,1,Pix,2200,0.09,2200,198.0,2002.0,Eletrônicos
2025-12-05 06:03:19,12126,460,Monitor,Norte,1,Cartão de débito,1200,0.06,1200,72.0,1128.0,Eletrônicos
2025-04-05 13:09:44,12127,105,Cadeira,Sul,5,Cartão de crédito,850,0.05,4250,212.5,4037.5,Móveis
2025-07-17 23:08:52,12128,693,Mesa,Centro-Oeste,1,Pix,1100,0.03,1100,33.0,1067.0,Móveis
2025-02-11 15:21:46,12129,556,Monitor,Sudeste,1,Pix,1200,0.04,1200,48.0,1152.0,Eletrônicos
2025-02-22 03:49:14,12130,282,Celular,Centro-Oeste,3,Cartão de crédito,2200,0.1,6600,660.0,5940.0,Eletrônicos
2025-01-08 00:10:09,12131,687,Celular,Sul,3,Pix,2200,0.06,6600,396.0,6204.0,Eletrônicos
2025-04-20 12:32:23,12132,162,Cadeira,Sudeste,4,Boleto,850,0.01,3400,34.0,3366.0,Móveis
2025-05-12 16:29:47,12133,983,Impressora,Centro-Oeste,3,Boleto,900,0.02,2700,54.0,2646.0,Eletrônicos
2025-10-01 10:58:22,12134,351,Headset,Centro-Oeste,4,Cartão de crédito,300,0.06,1200,72.0,1128.0,Periféticos
2025-09-10 15:13:41,12135,434,Mesa,Sudeste,4,Cartão de débito,1100,0.14,4400,616.0000000000001,3784.0,Móveis
2025-04-07 12:02:15,12136,852,Notebook,Centro-Oeste,1,Cartão de débito,3500,0.06,3500,210.0,3290.0,Eletrônicos
2025-01-20 23:21:30,12137,140,Mesa,Centro-Oeste,3,Pix,1100,0.01,3300,33.0,3267.0,Móveis
2025-08-21 03:39:48,12138,471,Impressora,Sudeste,1,Cartão de débito,900,0.06,900,54.0,846.0,Eletrônicos
2025-04-05 21:01:35,12139,132,Tablet,Centro-Oeste,3,Cartão de débito,1500,0.1,4500,450.0,4050.0,Eletrônicos
2025-07-03 08:14:17,12140,87,Mouse,Centro-Oeste,1,Cartão de crédito,120,0.09,120,10.799999999999999,109.2,Periféricos
2025-03-09 05:37:21,12141,688,Teclado,Nordeste,1,Cartão de débito,250,0.04,250,10.0,240.0,Periféricos
2025-05-26 05:08:21,12142,183,Impressora,Nordeste,1,Cartão de débito,900,0.1,900,90.0,810.0,Eletrônicos
2025-02-28 21:07:48,12143,368,Celular,Sul,5,Cartão de débito,2200,0.09,11000,990.0,10010.0,Eletrônicos
2025-03-13 05:52:59,12144,129,Notebook,Nordeste,1,Boleto,3500,0.03,3500,105.0,3395.0,Eletrônicos
2025-01-05 15:58:39,12145,246,Teclado,Nordeste,2,Boleto,250,0.02,500,10.0,490.0,Periféricos
2025-06-27 12:40:44,12146,601,Monitor,Sul,2,Cartão de crédito,1200,0.08,2400,192.0,2208.0,Eletrônicos
2025-07-11 15:07:07,12147,578,Mesa,Centro-Oeste,2,Pix,1100,0.1,2200,220.0,1980.0,Móveis
2025-10-17 05:33:56,12148,670,Teclado,Centro-Oeste,4,Cartão de crédito,250,0.14,1000,140.0,860.0,Periféricos
2025-12-19 23:01:32,12149,899,Monitor,Nordeste,1,Pix,1200,0.06,1200,72.0,1128.0,Eletrônicos
2025-12-06 11:56:33,12150,378,Mouse,Sul,2,Pix,120,0.11,240,26.4,213.6,Periféricos
2025-05-28 02:15:03,12151,149,Monitor,Centro-Oeste,4,Cartão de débito,1200,0.02,4800,96.0,4704.0,Eletrônicos
2025-01-05 15:52:12,12152,985,Notebook,Norte,2,Cartão de débito,3500,0.13,7000,910.0,6090.0,Eletrônicos
2025-07-20 00:54:55,12153,852,Celular,Sudeste,3,Cartão de crédito,2200,0.09,6600,594.0,6006.0,Eletrônicos
2025-01-23 13:40:13,12154,433,Impressora,Sudeste,5,Cartão de crédito,900,0.09,4500,405.0,4095.0,Eletrônicos
2025-11-18 15:21:00,12155,628,Cadeira,Sudeste,1,Cartão de crédito,850,0.02,850,17.0,833.0,Móveis
2025-01-14 02:37:38,12156,726,Impressora,Nordeste,5,Boleto,900,0.01,4500,45.0,4455.0,Eletrônicos
2025-08-06 03:47:05,12157,469,Impressora,Sudeste,5,Boleto,900,0.11,4500,495.0,4005.0,Eletrônicos
2025-02-20 00:43:46,12158,446,Monitor,Sudeste,3,Boleto,1200,0.02,3600,72.0,3528.0,Eletrônicos
2025-07-21 18:49:27,12159,481,Mesa,Norte,3,Boleto,1100,0.02,3300,66.0,3234.0,Móveis
2025-10-19 09:38:47,12160,884,Teclado,Centro-Oeste,3,Boleto,250,0.03,750,22.5,727.5,Periféricos
2025-11-02 06:40:33,12161,294,Cadeira,Norte,4,Cartão de débito,850,0.01,3400,34.0,3366.0,Móveis
2025-08-23 10:53:27,12162,765,Cadeira,Nordeste,2,Pix,850,0.09,1700,153.0,1547.0,Móveis
2025-06-10 15:52:58,12163,143,Teclado,Sudeste,1,Boleto,250,0.06,250,15.0,235.0,Periféricos
2025-09-12 09:52:12,12164,250,Teclado,Centro-Oeste,3,Cartão de crédito,250,0.04,750,30.0,720.0,Periféricos
2025-03-11 18:09:48,12165,878,Celular,Sudeste,1,Pix,2200,0.07,2200,154.00000000000003,2046.0,Eletrônicos
2025-06-30 10:44:21,12166,948,Notebook,Sudeste,1,Boleto,3500,0.13,3500,455.0,3045.0,Eletrônicos
2025-10-08 03:11:19,12167,975,Mouse,Nordeste,1,Boleto,120,0.14,120,16.8,103.2,Periféricos
2025-01-28 09:23:30,12168,302,Notebook,Sudeste,3,Cartão de débito,3500,0.07,10500,735.0000000000001,9765.0,Eletrônicos
2025-02-18 09:11:43,12169,25,Teclado,Sul,3,Cartão de débito,250,0.09,750,67.5,682.5,Periféricos
2025-04-20 10:53:27,12170,789,Mesa,Centro-Oeste,2,Cartão de débito,1100,0.04,2200,88.0,2112.0,Móveis
2025-06-04 00:05:47,12171,984,Headset,Centro-Oeste,3,Boleto,300,0.08,900,72.0,828.0,Periféticos
2025-12-06 14:34:08,12172,889,Headset,Sul,3,Cartão de débito,300,0.11,900,99.0,801.0,Periféticos
2025-02-24 05:12:26,12173,890,Mouse,Nordeste,1,Boleto,120,0.07,120,8.4,111.6,Periféricos
2025-01-06 07:18:18,12174,901,Teclado,Sudeste,2,Pix,250,0.05,500,25.0,475.0,Periféricos
2025-07-26 07:15:59,12175,70,Headset,Sudeste,5,Pix,300,0.09,1500,135.0,1365.0,Periféticos
2025-09-18 09:08:56,12176,625,Mouse,Centro-Oeste,3,Boleto,120,0.14,360,50.400000000000006,309.6,Periféricos
2025-10-20 11:44:12,12177,875,Cadeira,Nordeste,3,Cartão de crédito,850,0.13,2550,331.5,2218.5,Móveis
2025-02-23 11:30:50,12178,112,Mouse,Nordeste,5,Boleto,120,0.12,600,72.0,528.0,Periféricos
2025-08-03 12:01:48,12179,364,Cadeira,Nordeste,1,Pix,850,0.04,850,34.0,816.0,Móveis
2025-04-18 07:44:24,12180,303,Celular,Sudeste,2,Pix,2200,0.04,4400,176.0,4224.0,Eletrônicos
2025-01-21 00:37:08,12181,471,Headset,Nordeste,1,Boleto,300,0.13,300,39.0,261.0,Periféticos
2025-01-23 12:46:33,12182,964,Mouse,Sul,4,Boleto,120,0.03,480,14.399999999999999,465.6,Periféricos
2025-08-01 08:12:19,12183,91,Mouse,Norte,3,Boleto,120,0.09,360,32.4,327.6,Periféricos
2025-03-12 18:45:18,12184,530,Mouse,Nordeste,4,Pix,120,0.07,480,33.6,446.4,Periféricos
2025-07-02 20:18:34,12185,661,Mesa,Norte,3,Cartão de crédito,1100,0.07,3300,231.00000000000003,3069.0,Móveis
2025-05-16 01:04:37,12186,988,Mouse,Sudeste,4,Boleto,120,0.07,480,33.6,446.4,Periféricos
2025-03-27 13:52:59,12187,739,Mesa,Nordeste,5,Pix,1100,0.13,5500,715.0,4785.0,Móveis
2025-04-28 01:44:38,12188,726,Impressora,Centro-Oeste,3,Boleto,900,0.01,2700,27.0,2673.0,Eletrônicos
2025-11-26 22:24:04,12189,872,Celular,Sudeste,3,Pix,2200,0.12,6600,792.0,5808.0,Eletrônicos
2025-10-19 20:04:58,12190,663,Impressora,Sul,4,Boleto,900,0.13,3600,468.0,3132.0,Eletrônicos
2025-01-19 18:42:52,12191,192,Tablet,Sul,2,Pix,1500,0.14,3000,420.00000000000006,2580.0,Eletrônicos
2025-08-20 10:51:37,12192,963,Impressora,Norte,4,Boleto,900,0.07,3600,252.00000000000003,3348.0,Eletrônicos
2025-08-14 07:30:00,12193,552,Teclado,Norte,3,Cartão de débito,250,0.08,750,60.0,690.0,Periféricos
2025-10-16 19:20:18,12194,242,Cadeira,Centro-Oeste,3,Boleto,850,0.14,2550,357.00000000000006,2193.0,Móveis
2025-07-22 09:27:58,12195,138,Teclado,Centro-Oeste,2,Pix,250,0.07,500,35.0,465.0,Periféricos
2025-10-01 14:49:58,12196,345,Notebook,Sul,1,Boleto,3500,0.08,3500,280.0,3220.0,Eletrônicos
2025-09-13 18:25:45,12197,180,Impressora,Nordeste,2,Cartão de crédito,900,0.05,1800,90.0,1710.0,Eletrônicos
2025-07-12 08:55:37,12198,712,Headset,Sul,1,Boleto,300,0.0,300,0.0,300.0,Periféticos
2025-12-14 15:59:38,12199,503,Monitor,Sul,3,Boleto,1200,0.06,3600,216.0,3384.0,Eletrônicos
2025-04-13 12:51:00,12200,203,Impressora,Centro-Oeste,5,Boleto,900,0.1,4500,450.0,4050.0,Eletrônicos
2025-03-07 15:43:25,12201,573,Celular,Norte,5,Cartão de crédito,2200,0.1,11000,1100.0,9900.0,Eletrônicos
2025-05-02 20:31:34,12202,192,Impressora,Centro-Oeste,4,Cartão de crédito,900,0.0,3600,0.0,3600.0,Eletrônicos
2025-08-13 04:31:26,12203,5,Mesa,Centro-Oeste,2,Cartão de crédito,1100,0.12,2200,264.0,1936.0,Móveis
2025-02-25 16:20:33,12204,890,Notebook,Centro-Oeste,2,Cartão de débito,3500,0.07,7000,490.00000000000006,6510.0,Eletrônicos
2025-09-29 18:24:35,12205,237,Mouse,Sul,5,Cartão de crédito,120,0.08,600,48.0,552.0,Periféricos
2025-03-16 06:41:05,12206,693,Notebook,Nordeste,1,Cartão de débito,3500,0.14,3500,490.00000000000006,3010.0,Eletrônicos
2025-07-19 07:07:57,12207,311,Notebook,Sul,2,Boleto,3500,0.04,7000,280.0,6720.0,Eletrônicos
2025-11-26 20:49:16,12208,549,Cadeira,Sudeste,1,Cartão de débito,850,0.11,850,93.5,756.5,Móveis
2025-02-13 12:54:35,12209,56,Monitor,Centro-Oeste,1,Boleto,1200,0.09,1200,108.0,1092.0,Eletrônicos
2025-11-14 10:38:30,12210,443,Notebook,Centro-Oeste,1,Cartão de débito,3500,0.11,3500,385.0,3115.0,Eletrônicos
2025-10-08 00:16:01,12211,237,Cadeira,Sudeste,1,Cartão de crédito,850,0.06,850,51.0,799.0,Móveis
2025-10-15 17:31:11,12212,870,Mouse,Centro-Oeste,4,Cartão de crédito,120,0.04,480,19.2,460.8,Periféricos
2025-10-24 22:19:56,12213,861,Teclado,Centro-Oeste,4,Cartão de débito,250,0.08,1000,80.0,920.0,Periféricos
2025-11-01 06:43:38,12214,197,Mouse,Centro-Oeste,5,Cartão de débito,120,0.06,600,36.0,564.0,Periféricos
2025-08-18 20:15:44,12215,585,Headset,Sudeste,4,Cartão de crédito,300,0.03,1200,36.0,1164.0,Periféticos
2025-09-14 08:18:48,12216,571,Notebook,Sul,2,Boleto,3500,0.13,7000,910.0,6090.0,Eletrônicos
2025-12-05 16:51:28,12217,752,Notebook,Centro-Oeste,4,Boleto,3500,0.07,14000,980.0000000000001,13020.0,Eletrônicos
2025-11-18 13:38:47,12218,514,Teclado,Nordeste,2,Boleto,250,0.13,500,65.0,435.0,Periféricos
2025-04-09 23:27:26,12219,449,Celular,Sudeste,2,Boleto,2200,0.07,4400,308.00000000000006,4092.0,Eletrônicos
2025-03-26 06:38:25,12220,360,Notebook,Norte,1,Pix,3500,0.08,3500,280.0,3220.0,Eletrônicos
2025-03-01 07:33:15,12221,700,Monitor,Sudeste,5,Boleto,1200,0.15,6000,900.0,5100.0,Eletrônicos
2025-03-04 15:07:43,12222,819,Tablet,Sul,1,Pix,1500,0.14,1500,210.00000000000003,1290.0,Eletrônicos
2025-02-15 21:02:15,12223,30,Notebook,Sudeste,1,Pix,3500,0.04,3500,140.0,3360.0,Eletrônicos
2025-11-04 04:19:56,12224,779,Tablet,Norte,4,Cartão de crédito,1500,0.13,6000,780.0,5220.0,Eletrônicos
2025-11-15 12:54:58,12225,988,Mouse,Nordeste,4,Cartão de crédito,120,0.06,480,28.799999999999997,451.2,Periféricos
2025-06-21 10:29:03,12226,108,Impressora,Norte,2,Cartão de débito,900,0.01,1800,18.0,1782.0,Eletrônicos
2025-09-27 08:05:25,12227,844,Celular,Sudeste,4,Boleto,2200,0.09,8800,792.0,8008.0,Eletrônicos
2025-04-15 00:58:58,12228,935,Cadeira,Norte,4,Boleto,850,0.15,3400,510.0,2890.0,Móveis
2025-06-09 20:07:57,12229,602,Mesa,Sudeste,3,Cartão de crédito,1100,0.15,3300,495.0,2805.0,Móveis
2025-05-20 07:46:14,12230,717,Celular,Nordeste,2,Cartão de crédito,2200,0.02,4400,88.0,4312.0,Eletrônicos
2025-04-20 13:34:01,12231,891,Mesa,Nordeste,2,Cartão de crédito,1100,0.12,2200,264.0,1936.0,Móveis
2025-05-07 22:10:48,12232,968,Mouse,Sul,3,Cartão de débito,120,0.12,360,43.199999999999996,316.8,Periféricos
2025-04-13 03:07:11,12233,959,Celular,Nordeste,2,Boleto,2200,0.06,4400,264.0,4136.0,Eletrônicos
2025-07-27 23:42:25,12234,960,Cadeira,Centro-Oeste,5,Cartão de débito,850,0.1,4250,425.0,3825.0,Móveis
2025-10-23 00:20:14,12235,445,Mesa,Norte,5,Pix,1100,0.07,5500,385.00000000000006,5115.0,Móveis
2025-03-17 20:50:35,12236,893,Teclado,Norte,3,Pix,250,0.03,750,22.5,727.5,Periféricos
2025-04-27 08:27:09,12237,438,Monitor,Sudeste,4,Boleto,1200,0.11,4800,528.0,4272.0,Eletrônicos
2025-07-03 20:52:52,12238,732,Celular,Nordeste,5,Cartão de crédito,2200,0.04,11000,440.0,10560.0,Eletrônicos
2025-02-17 02:05:16,12239,890,Mouse,Sul,3,Cartão de crédito,120,0.05,360,18.0,342.0,Periféricos
2025-04-04 09:06:27,12240,606,Notebook,Sul,5,Cartão de débito,3500,0.03,17500,525.0,16975.0,Eletrônicos
2025-01-20 04:11:11,12241,457,Cadeira,Sul,1,Pix,850,0.11,850,93.5,756.5,Móveis
2025-09-17 22:34:11,12242,615,Mesa,Centro-Oeste,3,Pix,1100,0.07,3300,231.00000000000003,3069.0,Móveis
2025-09-23 07:21:21,12243,735,Mesa,Nordeste,2,Boleto,1100,0.07,2200,154.00000000000003,2046.0,Móveis
2025-04-09 16:39:31,12244,698,Monitor,Sul,5,Pix,1200,0.09,6000,540.0,5460.0,Eletrônicos
2025-07-23 05:51:22,12245,981,Mesa,Centro-Oeste,2,Cartão de crédito,1100,0.02,2200,44.0,2156.0,Móveis
2025-04-26 02:00:31,12246,696,Tablet,Norte,3,Cartão de crédito,1500,0.13,4500,585.0,3915.0,Eletrônicos
2025-09-08 21:24:32,12247,495,Headset,Sudeste,5,Cartão de crédito,300,0.07,1500,105.00000000000001,1395.0,Periféticos
2025-09-24 09:53:15,12248,674,Tablet,Nordeste,2,Boleto,1500,0.05,3000,150.0,2850.0,Eletrônicos
2025-08-30 02:59:33,12249,247,Mesa,Nordeste,4,Cartão de débito,1100,0.02,4400,88.0,4312.0,Móveis
2025-09-28 18:31:44,12250,543,Cadeira,Norte,4,Pix,850,0.03,3400,102.0,3298.0,Móveis
2025-07-21 02:25:13,12251,564,Celular,Nordeste,1,Boleto,2200,0.14,2200,308.00000000000006,1892.0,Eletrônicos
2025-08-28 19:07:33,12252,857,Mouse,Nordeste,3,Cartão de débito,120,0.07,360,25.200000000000003,334.8,Periféricos
2025-04-17 00:50:08,12253,588,Notebook,Nordeste,2,Boleto,3500,0.11,7000,770.0,6230.0,Eletrônicos
2025-06-10 17:04:21,12254,897,Celular,Nordeste,1,Pix,2200,0.01,2200,22.0,2178.0,Eletrônicos
2025-07-05 07:42:17,12255,439,Teclado,Centro-Oeste,3,Cartão de crédito,250,0.1,750,75.0,675.0,Periféricos
2025-08-06 19:50:15,12256,278,Celular,Centro-Oeste,4,Cartão de débito,2200,0.14,8800,1232.0000000000002,7568.0,Eletrônicos
2025-11-29 00:59:38,12257,552,Celular,Sudeste,2,Cartão de débito,2200,0.04,4400,176.0,4224.0,Eletrônicos
2025-02-12 08:39:45,12258,613,Mouse,Nordeste,5,Boleto,120,0.09,600,54.0,546.0,Periféricos
2025-08-05 04:55:13,12259,111,Monitor,Norte,4,Boleto,1200,0.14,4800,672.0000000000001,4128.0,Eletrônicos
2025-10-14 23:53:49,12260,385,Mesa,Sul,5,Cartão de crédito,1100,0.11,5500,605.0,4895.0,Móveis
2025-08-24 13:48:47,12261,833,Monitor,Sudeste,5,Boleto,1200,0.01,6000,60.0,5940.0,Eletrônicos
2025-07-27 15:39:26,12262,761,Teclado,Sul,2,Pix,250,0.06,500,30.0,470.0,Periféricos
2025-01-07 08:32:28,12263,191,Impressora,Sul,2,Pix,900,0.01,1800,18.0,1782.0,Eletrônicos
2025-02-02 02:28:27,12264,490,Notebook,Nordeste,5,Pix,3500,0.13,17500,2275.0,15225.0,Eletrônicos
2025-12-12 10:03:38,12265,694,Tablet,Norte,1,Pix,1500,0.09,1500,135.0,1365.0,Eletrônicos
2025-09-10 20:06:58,12266,426,Notebook,Sul,5,Cartão de crédito,3500,0.14,17500,2450.0000000000005,15050.0,Eletrônicos
2025-02-02 02:32:19,12267,405,Mesa,Sul,5,Cartão de crédito,1100,0.0,5500,0.0,5500.0,Móveis
2025-01-23 09:42:20,12268,335,Notebook,Sudeste,2,Cartão de crédito,3500,0.06,7000,420.0,6580.0,Eletrônicos
2025-02-09 18:09:15,12269,209,Headset,Norte,3,Boleto,300,0.02,900,18.0,882.0,Periféticos
2025-02-27 03:18:30,12270,22,Tablet,Norte,4,Cartão de crédito,1500,0.05,6000,300.0,5700.0,Eletrônicos
2025-06-05 09:38:36,12271,678,Teclado,Sul,2,Cartão de débito,250,0.02,500,10.0,490.0,Periféricos
2025-11-20 01:04:10,12272,611,Mesa,Norte,1,Cartão de débito,1100,0.05,1100,55.0,1045.0,Móveis
2025-03-01 16:11:12,12273,208,Cadeira,Sudeste,4,Cartão de débito,850,0.12,3400,408.0,2992.0,Móveis
2025-06-13 22:19:49,12274,8,Teclado,Sudeste,2,Boleto,250,0.02,500,10.0,490.0,Periféricos
2025-08-19 22:55:42,12275,702,Headset,Sudeste,2,Boleto,300,0.07,600,42.00000000000001,558.0,Periféticos
2025-08-01 04:08:46,12276,687,Tablet,Nordeste,3,Cartão de crédito,1500,0.14,4500,630.0000000000001,3870.0,Eletrônicos
2025-11-09 11:03:59,12277,785,Mouse,Sul,1,Pix,120,0.15,120,18.0,102.0,Periféricos
2025-08-26 17:38:58,12278,529,Headset,Norte,1,Cartão de débito,300,0.04,300,12.0,288.0,Periféticos
2025-05-05 17:03:06,12279,602,Teclado,Sudeste,2,Boleto,250,0.14,500,70.0,430.0,Periféricos
2025-06-29 08:22:17,12280,653,Mesa,Sul,3,Cartão de débito,1100,0.04,3300,132.0,3168.0,Móveis
2025-02-21 04:13:10,12281,657,Impressora,Sul,2,Cartão de crédito,900,0.06,1800,108.0,1692.0,Eletrônicos
2025-01-30 08:08:57,12282,166,Mesa,Nordeste,5,Boleto,1100,0.13,5500,715.0,4785.0,Móveis
2025-05-14 15:14:41,12283,849,Tablet,Norte,5,Pix,1500,0.12,7500,900.0,6600.0,Eletrônicos
2025-01-10 09:41:01,12284,496,Impressora,Norte,3,Pix,900,0.13,2700,351.0,2349.0,Eletrônicos
2025-09-03 10:04:12,12285,590,Monitor,Sudeste,2,Boleto,1200,0.12,2400,288.0,2112.0,Eletrônicos
2025-12-05 05:02:59,12286,429,Tablet,Sudeste,3,Pix,1500,0.04,4500,180.0,4320.0,Eletrônicos
2025-08-03 01:37:20,12287,774,Tablet,Sul,2,Cartão de crédito,1500,0.08,3000,240.0,2760.0,Eletrônicos
2025-02-01 08:57:06,12288,163,Headset,Norte,2,Pix,300,0.06,600,36.0,564.0,Periféticos
2025-10-29 23:11:08,12289,366,Mesa,Norte,5,Cartão de débito,1100,0.07,5500,385.00000000000006,5115.0,Móveis
2025-05-12 14:19:20,12290,526,Teclado,Sudeste,4,Cartão de débito,250,0.02,1000,20.0,980.0,Periféricos
2025-06-28 06:58:22,12291,239,Mouse,Centro-Oeste,1,Cartão de débito,120,0.05,120,6.0,114.0,Periféricos
2025-10-13 16:29:42,12292,72,Notebook,Sul,1,Boleto,3500,0.13,3500,455.0,3045.0,Eletrônicos
2025-10-06 18:55:24,12293,445,Celular,Norte,3,Boleto,2200,0.13,6600,858.0,5742.0,Eletrônicos
2025-11-04 07:41:16,12294,655,Mouse,Nordeste,1,Boleto,120,0.09,120,10.799999999999999,109.2,Periféricos
2025-03-16 12:53:30,12295,822,Notebook,Nordeste,5,Boleto,3500,0.07,17500,1225.0000000000002,16275.0,Eletrônicos
2025-04-11 09:29:23,12296,509,Monitor,Centro-Oeste,4,Boleto,1200,0.11,4800,528.0,4272.0,Eletrônicos
2025-07-19 07:43:27,12297,795,Teclado,Sudeste,2,Cartão de crédito,250,0.09,500,45.0,455.0,Periféricos
2025-07-31 13:39:13,12298,269,Mesa,Sudeste,2,Boleto,1100,0.15,2200,330.0,1870.0,Móveis
2025-12-24 19:17:02,12299,753,Cadeira,Sudeste,5,Pix,850,0.03,4250,127.5,4122.5,Móveis
2025-02-10 08:31:09,12300,415,Tablet,Nordeste,1,Cartão de crédito,1500,0.07,1500,105.00000000000001,1395.0,Eletrônicos
2025-06-23 13:08:35,12301,245,Mouse,Sudeste,2,Boleto,120,0.14,240,33.6,206.4,Periféricos
2025-10-29 22:13:41,12302,675,Notebook,Nordeste,1,Pix,3500,0.14,3500,490.00000000000006,3010.0,Eletrônicos
2025-11-11 22:06:02,12303,60,Cadeira,Centro-Oeste,5,Cartão de crédito,850,0.07,4250,297.5,3952.5,Móveis
2025-02-13 02:09:06,12304,6,Mouse,Sul,2,Cartão de débito,120,0.02,240,4.8,235.2,Periféricos
2025-10-03 22:40:16,12305,709,Teclado,Norte,3,Cartão de crédito,250,0.12,750,90.0,660.0,Periféricos
2025-04-25 07:00:13,12306,982,Mesa,Centro-Oeste,4,Boleto,1100,0.09,4400,396.0,4004.0,Móveis
2025-05-11 06:15:07,12307,570,Impressora,Nordeste,1,Cartão de crédito,900,0.12,900,108.0,792.0,Eletrônicos
2025-01-03 14:24:55,12308,817,Mouse,Centro-Oeste,1,Cartão de crédito,120,0.07,120,8.4,111.6,Periféricos
2025-05-12 14:21:15,12309,407,Mouse,Norte,1,Cartão de débito,120,0.03,120,3.5999999999999996,116.4,Periféricos
2025-08-23 00:20:44,12310,217,Mesa,Sul,1,Cartão de crédito,1100,0.0,1100,0.0,1100.0,Móveis
2025-11-01 00:34:28,12311,930,Monitor,Norte,5,Cartão de crédito,1200,0.08,6000,480.0,5520.0,Eletrônicos
2025-06-12 18:38:38,12312,26,Headset,Nordeste,5,Cartão de débito,300,0.02,1500,30.0,1470.0,Periféticos
2025-10-09 14:23:11,12313,815,Mouse,Norte,5,Boleto,120,0.03,600,18.0,582.0,Periféricos
2025-10-16 04:47:32,12314,5,Mesa,Centro-Oeste,5,Pix,1100,0.07,5500,385.00000000000006,5115.0,Móveis
2025-10-12 00:24:26,12315,986,Headset,Sudeste,2,Cartão de crédito,300,0.07,600,42.00000000000001,558.0,Periféticos
2025-06-28 02:39:15,12316,532,Mesa,Centro-Oeste,5,Cartão de débito,1100,0.04,5500,220.0,5280.0,Móveis
2025-12-13 10:48:37,12317,390,Mesa,Nordeste,2,Cartão de crédito,1100,0.02,2200,44.0,2156.0,Móveis
2025-04-24 10:01:54,12318,710,Monitor,Sul,3,Boleto,1200,0.14,3600,504.00000000000006,3096.0,Eletrônicos
2025-02-08 15:50:16,12319,571,Mesa,Norte,5,Boleto,1100,0.02,5500,110.0,5390.0,Móveis
2025-08-27 13:08:20,12320,448,Teclado,Sul,3,Cartão de débito,250,0.05,750,37.5,712.5,Periféricos
2025-12-28 02:52:42,12321,754,Mouse,Nordeste,5,Pix,120,0.05,600,30.0,570.0,Periféricos
2025-06-03 07:21:36,12322,146,Notebook,Norte,3,Pix,3500,0.13,10500,1365.0,9135.0,Eletrônicos
2025-01-22 09:17:45,12323,388,Notebook,Centro-Oeste,4,Cartão de crédito,3500,0.06,14000,840.0,13160.0,Eletrônicos
2025-06-22 16:53:15,12324,785,Notebook,Centro-Oeste,3,Cartão de débito,3500,0.02,10500,210.0,10290.0,Eletrônicos
2025-10-09 23:45:41,12325,249,Mesa,Nordeste,2,Pix,1100,0.0,2200,0.0,2200.0,Móveis
2025-06-18 14:56:14,12326,526,Cadeira,Norte,1,Boleto,850,0.11,850,93.5,756.5,Móveis
2025-07-01 10:02:09,12327,462,Headset,Centro-Oeste,3,Pix,300,0.11,900,99.0,801.0,Periféticos
2025-04-18 17:34:52,12328,13,Headset,Nordeste,1,Cartão de débito,300,0.06,300,18.0,282.0,Periféticos
2025-09-08 20:52:50,12329,903,Mesa,Nordeste,4,Boleto,1100,0.02,4400,88.0,4312.0,Móveis
2025-02-16 11:52:16,12330,384,Teclado,Sul,4,Cartão de crédito,250,0.06,1000,60.0,940.0,Periféricos
2025-06-10 12:44:08,12331,556,Teclado,Centro-Oeste,2,Boleto,250,0.09,500,45.0,455.0,Periféricos
2025-07-18 04:07:51,12332,887,Tablet,Norte,2,Pix,1500,0.11,3000,330.0,2670.0,Eletrônicos
2025-03-08 13:18:03,12333,399,Mesa,Centro-Oeste,3,Pix,1100,0.01,3300,33.0,3267.0,Móveis
2025-01-13 10:36:01,12334,19,Celular,Centro-Oeste,5,Pix,2200,0.08,11000,880.0,10120.0,Eletrônicos
2025-09-05 17:14:54,12335,575,Monitor,Centro-Oeste,4,Cartão de crédito,1200,0.04,4800,192.0,4608.0,Eletrônicos
2025-05-19 07:36:11,12336,491,Notebook,Nordeste,1,Pix,3500,0.09,3500,315.0,3185.0,Eletrônicos
2025-08-10 16:52:31,12337,751,Monitor,Sudeste,5,Cartão de débito,1200,0.1,6000,600.0,5400.0,Eletrônicos
2025-07-27 07:22:02,12338,419,Notebook,Sudeste,4,Cartão de crédito,3500,0.14,14000,1960.0000000000002,12040.0,Eletrônicos
2025-12-27 16:39:35,12339,337,Impressora,Sul,3,Boleto,900,0.06,2700,162.0,2538.0,Eletrônicos
2025-05-29 22:03:39,12340,419,Impressora,Centro-Oeste,4,Pix,900,0.08,3600,288.0,3312.0,Eletrônicos
2025-10-18 05:01:33,12341,915,Mesa,Sudeste,2,Cartão de débito,1100,0.04,2200,88.0,2112.0,Móveis
2025-01-29 15:29:28,12342,916,Impressora,Sul,1,Cartão de débito,900,0.04,900,36.0,864.0,Eletrônicos
2025-03-13 08:49:20,12343,612,Cadeira,Nordeste,1,Cartão de crédito,850,0.01,850,8.5,841.5,Móveis
2025-09-17 20:02:36,12344,675,Tablet,Centro-Oeste,2,Cartão de débito,1500,0.04,3000,120.0,2880.0,Eletrônicos
2025-06-07 01:15:32,12345,928,Teclado,Norte,5,Cartão de crédito,250,0.01,1250,12.5,1237.5,Periféricos
2025-09-17 12:20:23,12346,122,Cadeira,Nordeste,2,Cartão de crédito,850,0.14,1700,238.00000000000003,1462.0,Móveis
2025-09-21 07:22:54,12347,432,Monitor,Sul,1,Cartão de crédito,1200,0.09,1200,108.0,1092.0,Eletrônicos
2025-01-29 06:24:26,12348,44,Monitor,Nordeste,3,Boleto,1200,0.03,3600,108.0,3492.0,Eletrônicos
2025-02-21 08:41:17,12349,872,Impressora,Norte,5,Boleto,900,0.02,4500,90.0,4410.0,Eletrônicos
2025-12-10 20:10:25,12350,920,Teclado,Nordeste,4,Cartão de débito,250,0.06,1000,60.0,940.0,Periféricos
2025-06-09 15:27:47,12351,317,Tablet,Sul,3,Boleto,1500,0.05,4500,225.0,4275.0,Eletrônicos
2025-04-22 04:42:46,12352,381,Notebook,Norte,5,Cartão de crédito,3500,0.04,17500,700.0,16800.0,Eletrônicos
2025-03-02 15:53:38,12353,145,Cadeira,Norte,1,Cartão de crédito,850,0.07,850,59.50000000000001,790.5,Móveis
2025-11-07 10:26:07,12354,327,Tablet,Nordeste,1,Boleto,1500,0.14,1500,210.00000000000003,1290.0,Eletrônicos
2025-09-11 19:04:11,12355,363,Mouse,Norte,3,Cartão de débito,120,0.09,360,32.4,327.6,Periféricos
2025-03-05 10:32:20,12356,50,Headset,Nordeste,5,Cartão de crédito,300,0.08,1500,120.0,1380.0,Periféticos
2025-10-05 16:23:51,12357,65,Impressora,Centro-Oeste,4,Boleto,900,0.12,3600,432.0,3168.0,Eletrônicos
2025-12-04 07:14:03,12358,355,Notebook,Norte,4,Pix,3500,0.0,14000,0.0,14000.0,Eletrônicos
2025-11-23 18:48:25,12359,800,Mouse,Nordeste,2,Cartão de débito,120,0.03,240,7.199999999999999,232.8,Periféricos
2025-12-28 15:47:14,12360,164,Notebook,Centro-Oeste,3,Cartão de débito,3500,0.07,10500,735.0000000000001,9765.0,Eletrônicos
2025-10-14 21:30:59,12361,141,Notebook,Norte,5,Cartão de débito,3500,0.11,17500,1925.0,15575.0,Eletrônicos
2025-02-27 15:41:02,12362,966,Impressora,Centro-Oeste,3,Pix,900,0.07,2700,189.00000000000003,2511.0,Eletrônicos
2025-09-04 13:20:24,12363,826,Notebook,Norte,4,Cartão de crédito,3500,0.02,14000,280.0,13720.0,Eletrônicos
2025-03-03 05:38:37,12364,128,Tablet,Sul,5,Cartão de débito,1500,0.14,7500,1050.0,6450.0,Eletrônicos
2025-01-06 23:59:09,12365,398,Tablet,Sul,1,Boleto,1500,0.05,1500,75.0,1425.0,Eletrônicos
2025-08-16 12:53:26,12366,933,Mouse,Nordeste,1,Cartão de débito,120,0.12,120,14.399999999999999,105.6,Periféricos
2025-01-10 05:39:28,12367,880,Monitor,Sudeste,5,Boleto,1200,0.13,6000,780.0,5220.0,Eletrônicos
2025-10-13 12:47:57,12368,463,Teclado,Sul,3,Cartão de débito,250,0.05,750,37.5,712.5,Periféricos
2025-10-20 04:28:27,12369,751,Cadeira,Sudeste,3,Boleto,850,0.13,2550,331.5,2218.5,Móveis
2025-09-24 01:43:47,12370,836,Cadeira,Centro-Oeste,1,Boleto,850,0.11,850,93.5,756.5,Móveis
2025-01-31 17:46:11,12371,808,Celular,Centro-Oeste,1,Boleto,2200,0.14,2200,308.00000000000006,1892.0,Eletrônicos
2025-07-05 04:18:16,12372,187,Impressora,Sudeste,4,Pix,900,0.04,3600,144.0,3456.0,Eletrônicos
2025-09-17 02:25:41,12373,720,Mesa,Nordeste,5,Pix,1100,0.14,5500,770.0000000000001,4730.0,Móveis
2025-12-04 12:57:19,12374,732,Mesa,Norte,3,Pix,1100,0.01,3300,33.0,3267.0,Móveis
2025-12-25 21:15:36,12375,912,Mouse,Sudeste,4,Cartão de crédito,120,0.12,480,57.599999999999994,422.4,Periféricos
2025-08-16 10:45:15,12376,190,Notebook,Sudeste,3,Boleto,3500,0.07,10500,735.0000000000001,9765.0,Eletrônicos
2025-03-26 22:50:38,12377,388,Notebook,Sudeste,1,Cartão de crédito,3500,0.03,3500,105.0,3395.0,Eletrônicos
2025-06-03 04:55:49,12378,429,Impressora,Sudeste,5,Pix,900,0.01,4500,45.0,4455.0,Eletrônicos
2025-07-11 04:56:21,12379,858,Headset,Sudeste,2,Boleto,300,0.06,600,36.0,564.0,Periféticos
2025-10-07 00:31:48,12380,284,Monitor,Nordeste,5,Cartão de crédito,1200,0.06,6000,360.0,5640.0,Eletrônicos
2025-06-17 10:39:48,12381,864,Celular,Sul,2,Pix,2200,0.03,4400,132.0,4268.0,Eletrônicos
2025-08-04 01:38:09,12382,237,Tablet,Norte,4,Cartão de crédito,1500,0.03,6000,180.0,5820.0,Eletrônicos
2025-02-04 00:09:59,12383,194,Notebook,Sul,2,Cartão de crédito,3500,0.06,7000,420.0,6580.0,Eletrônicos
2025-06-26 22:20:55,12384,287,Celular,Sudeste,2,Pix,2200,0.06,4400,264.0,4136.0,Eletrônicos
2025-10-10 01:53:14,12385,771,Cadeira,Sul,4,Boleto,850,0.07,3400,238.00000000000003,3162.0,Móveis
2025-04-15 03:36:44,12386,758,Headset,Nordeste,5,Cartão de débito,300,0.13,1500,195.0,1305.0,Periféticos
2025-02-26 19:49:36,12387,136,Tablet,Centro-Oeste,4,Cartão de débito,1500,0.09,6000,540.0,5460.0,Eletrônicos
2025-07-09 07:09:59,12388,792,Impressora,Sul,1,Cartão de crédito,900,0.0,900,0.0,900.0,Eletrônicos
2025-07-01 23:51:48,12389,783,Celular,Norte,1,Cartão de crédito,2200,0.08,2200,176.0,2024.0,Eletrônicos
2025-04-17 02:25:21,12390,171,Mouse,Nordeste,2,Cartão de crédito,120,0.11,240,26.4,213.6,Periféricos
2025-02-08 05:36:29,12391,159,Tablet,Centro-Oeste,4,Boleto,1500,0.01,6000,60.0,5940.0,Eletrônicos
2025-04-03 21:16:47,12392,201,Impressora,Nordeste,4,Cartão de crédito,900,0.06,3600,216.0,3384.0,Eletrônicos
2025-09-02 13:53:21,12393,487,Mesa,Sudeste,4,Cartão de crédito,1100,0.07,4400,308.00000000000006,4092.0,Móveis
2025-06-17 20:07:09,12394,557,Impressora,Centro-Oeste,5,Cartão de crédito,900,0.14,4500,630.0000000000001,3870.0,Eletrônicos
2025-10-23 18:26:54,12395,962,Impressora,Norte,3,Pix,900,0.07,2700,189.00000000000003,2511.0,Eletrônicos
2025-11-08 17:03:26,12396,776,Tablet,Centro-Oeste,3,Cartão de débito,1500,0.11,4500,495.0,4005.0,Eletrônicos
2025-06-05 23:20:05,12397,583,Headset,Norte,3,Cartão de débito,300,0.05,900,45.0,855.0,Periféticos
2025-05-10 06:01:03,12398,504,Tablet,Sudeste,5,Pix,1500,0.12,7500,900.0,6600.0,Eletrônicos
2025-02-06 11:31:22,12399,876,Teclado,Norte,4,Boleto,250,0.05,1000,50.0,950.0,Periféricos
2025-12-17 22:02:00,12400,371,Monitor,Nordeste,3,Boleto,1200,0.06,3600,216.0,3384.0,Eletrônicos
2025-02-07 03:40:16,12401,103,Headset,Sul,4,Boleto,300,0.07,1200,84.00000000000001,1116.0,Periféticos
2025-12-31 16:21:15,12402,125,Mouse,Nordeste,2,Pix,120,0.14,240,33.6,206.4,Periféricos
2025-11-15 19:35:01,12403,313,Headset,Nordeste,3,Cartão de débito,300,0.01,900,9.0,891.0,Periféticos
2025-03-19 23:28:40,12404,976,Cadeira,Centro-Oeste,2,Cartão de débito,850,0.03,1700,51.0,1649.0,Móveis
2025-01-28 15:43:03,12405,995,Mouse,Sudeste,5,Cartão de crédito,120,0.11,600,66.0,534.0,Periféricos
2025-10-03 03:52:42,12406,798,Mesa,Sul,1,Cartão de débito,1100,0.09,1100,99.0,1001.0,Móveis
2025-07-16 01:54:29,12407,458,Tablet,Norte,5,Boleto,1500,0.04,7500,300.0,7200.0,Eletrônicos
2025-12-13 16:28:34,12408,230,Impressora,Centro-Oeste,5,Boleto,900,0.04,4500,180.0,4320.0,Eletrônicos
2025-06-17 09:48:07,12409,658,Tablet,Sudeste,5,Cartão de crédito,1500,0.06,7500,450.0,7050.0,Eletrônicos
2025-09-21 07:39:20,12410,882,Cadeira,Sul,3,Cartão de crédito,850,0.07,2550,178.50000000000003,2371.5,Móveis
2025-03-03 03:19:39,12411,197,Celular,Nordeste,2,Cartão de débito,2200,0.12,4400,528.0,3872.0,Eletrônicos
2025-04-24 17:12:24,12412,885,Cadeira,Sudeste,3,Cartão de crédito,850,0.0,2550,0.0,2550.0,Móveis
2025-01-30 10:17:17,12413,733,Teclado,Sudeste,1,Cartão de crédito,250,0.13,250,32.5,217.5,Periféricos
2025-04-03 23:39:11,12414,423,Impressora,Sudeste,5,Pix,900,0.06,4500,270.0,4230.0,Eletrônicos
2025-05-17 08:05:34,12415,572,Impressora,Nordeste,4,Cartão de débito,900,0.03,3600,108.0,3492.0,Eletrônicos
2025-11-30 02:11:27,12416,610,Notebook,Norte,1,Boleto,3500,0.08,3500,280.0,3220.0,Eletrônicos
2025-10-16 00:22:13,12417,171,Celular,Centro-Oeste,2,Pix,2200,0.1,4400,440.0,3960.0,Eletrônicos
2025-02-18 03:09:09,12418,382,Notebook,Norte,1,Boleto,3500,0.01,3500,35.0,3465.0,Eletrônicos
2025-12-26 03:15:39,12419,173,Mesa,Sul,3,Cartão de crédito,1100,0.11,3300,363.0,2937.0,Móveis
2025-12-22 13:13:55,12420,663,Monitor,Centro-Oeste,4,Cartão de crédito,1200,0.11,4800,528.0,4272.0,Eletrônicos
2025-04-23 16:06:56,12421,453,Monitor,Sul,3,Boleto,1200,0.02,3600,72.0,3528.0,Eletrônicos
2025-09-04 14:55:05,12422,350,Tablet,Nordeste,5,Pix,1500,0.03,7500,225.0,7275.0,Eletrônicos
2025-04-28 16:13:27,12423,902,Monitor,Norte,5,Pix,1200,0.03,6000,180.0,5820.0,Eletrônicos
2025-04-08 08:23:59,12424,952,Impressora,Sudeste,1,Pix,900,0.12,900,108.0,792.0,Eletrônicos
2025-07-05 19:01:05,12425,634,Cadeira,Centro-Oeste,5,Cartão de crédito,850,0.04,4250,170.0,4080.0,Móveis
2025-11-02 15:49:15,12426,494,Celular,Sudeste,5,Cartão de débito,2200,0.12,11000,1320.0,9680.0,Eletrônicos
2025-04-15 13:53:36,12427,620,Tablet,Sul,2,Cartão de crédito,1500,0.08,3000,240.0,2760.0,Eletrônicos
2025-04-14 17:27:29,12428,4,Tablet,Sudeste,2,Boleto,1500,0.12,3000,360.0,2640.0,Eletrônicos
2025-05-29 17:50:24,12429,93,Celular,Sudeste,3,Pix,2200,0.08,6600,528.0,6072.0,Eletrônicos
2025-04-06 21:22:40,12430,919,Impressora,Nordeste,3,Cartão de débito,900,0.05,2700,135.0,2565.0,Eletrônicos
2025-12-08 20:30:04,12431,6,Mesa,Nordeste,2,Pix,1100,0.14,2200,308.00000000000006,1892.0,Móveis
2025-08-06 21:46:05,12432,288,Mesa,Norte,1,Cartão de crédito,1100,0.11,1100,121.0,979.0,Móveis
2025-04-08 02:08:32,12433,618,Tablet,Sul,2,Cartão de débito,1500,0.07,3000,210.00000000000003,2790.0,Eletrônicos
2025-07-28 20:38:36,12434,146,Mesa,Nordeste,3,Cartão de débito,1100,0.1,3300,330.0,2970.0,Móveis
2025-01-23 13:02:43,12435,783,Impressora,Nordeste,4,Cartão de crédito,900,0.09,3600,324.0,3276.0,Eletrônicos
2025-11-07 03:14:33,12436,424,Teclado,Norte,5,Pix,250,0.05,1250,62.5,1187.5,Periféricos
2025-11-10 02:08:21,12437,890,Teclado,Centro-Oeste,4,Pix,250,0.06,1000,60.0,940.0,Periféricos
2025-03-30 14:15:02,12438,608,Notebook,Norte,4,Pix,3500,0.05,14000,700.0,13300.0,Eletrônicos
2025-02-14 22:22:29,12439,457,Headset,Sudeste,5,Cartão de crédito,300,0.15,1500,225.0,1275.0,Periféticos
2025-09-08 13:57:58,12440,741,Mouse,Sudeste,2,Boleto,120,0.09,240,21.599999999999998,218.4,Periféricos
2025-10-03 17:20:25,12441,202,Monitor,Nordeste,1,Boleto,1200,0.01,1200,12.0,1188.0,Eletrônicos
2025-04-08 16:17:49,12442,212,Mesa,Nordeste,4,Pix,1100,0.08,4400,352.0,4048.0,Móveis
2025-10-11 01:08:09,12443,6,Teclado,Norte,1,Cartão de débito,250,0.01,250,2.5,247.5,Periféricos
2025-07-04 12:13:37,12444,624,Cadeira,Norte,3,Boleto,850,0.04,2550,102.0,2448.0,Móveis
2025-02-26 02:01:50,12445,376,Celular,Sul,4,Pix,2200,0.07,8800,616.0000000000001,8184.0,Eletrônicos
2025-08-29 11:39:13,12446,891,Headset,Sudeste,3,Boleto,300,0.08,900,72.0,828.0,Periféticos
2025-04-16 10:26:49,12447,447,Notebook,Norte,2,Pix,3500,0.15,7000,1050.0,5950.0,Eletrônicos
2025-06-20 00:19:02,12448,835,Mouse,Centro-Oeste,4,Boleto,120,0.15,480,72.0,408.0,Periféricos
2025-11-11 07:35:07,12449,106,Teclado,Sul,3,Boleto,250,0.01,750,7.5,742.5,Periféricos
2025-05-30 09:30:24,12450,651,Notebook,Norte,3,Cartão de débito,3500,0.08,10500,840.0,9660.0,Eletrônicos
2025-11-07 01:35:35,12451,811,Headset,Nordeste,2,Cartão de débito,300,0.12,600,72.0,528.0,Periféticos
2025-06-29 20:08:42,12452,401,Celular,Norte,1,Boleto,2200,0.04,2200,88.0,2112.0,Eletrônicos
2025-12-16 14:03:40,12453,96,Monitor,Nordeste,1,Pix,1200,0.11,1200,132.0,1068.0,Eletrônicos
2025-06-16 13:33:54,12454,388,Teclado,Nordeste,4,Cartão de débito,250,0.13,1000,130.0,870.0,Periféricos
2025-10-06 04:39:22,12455,959,Celular,Sudeste,2,Cartão de crédito,2200,0.1,4400,440.0,3960.0,Eletrônicos
2025-01-17 17:01:57,12456,452,Mouse,Sudeste,4,Cartão de débito,120,0.05,480,24.0,456.0,Periféricos
2025-02-21 00:49:12,12457,849,Mesa,Norte,1,Boleto,1100,0.14,1100,154.00000000000003,946.0,Móveis
2025-11-21 08:19:17,12458,809,Headset,Norte,2,Boleto,300,0.13,600,78.0,522.0,Periféticos
2025-12-26 09:13:44,12459,979,Mouse,Centro-Oeste,5,Cartão de crédito,120,0.11,600,66.0,534.0,Periféricos
2025-09-11 08:05:58,12460,901,Monitor,Sul,2,Cartão de débito,1200,0.05,2400,120.0,2280.0,Eletrônicos
2025-06-27 10:11:42,12461,416,Celular,Sul,2,Boleto,2200,0.12,4400,528.0,3872.0,Eletrônicos
2025-04-22 01:04:31,12462,726,Impressora,Norte,5,Cartão de crédito,900,0.05,4500,225.0,4275.0,Eletrônicos
2025-04-08 11:25:28,12463,504,Monitor,Sudeste,3,Cartão de crédito,1200,0.04,3600,144.0,3456.0,Eletrônicos
2025-10-23 01:20:49,12464,454,Tablet,Centro-Oeste,3,Pix,1500,0.08,4500,360.0,4140.0,Eletrônicos
2025-10-02 02:49:47,12465,291,Teclado,Sul,3,Cartão de débito,250,0.15,750,112.5,637.5,Periféricos
2025-07-07 23:38:47,12466,534,Mesa,Norte,1,Cartão de débito,1100,0.12,1100,132.0,968.0,Móveis
2025-04-12 07:22:47,12467,193,Headset,Sudeste,2,Cartão de débito,300,0.11,600,66.0,534.0,Periféticos
2025-06-06 13:25:05,12468,980,Cadeira,Sudeste,5,Boleto,850,0.07,4250,297.5,3952.5,Móveis
2025-01-16 03:28:27,12469,150,Celular,Sudeste,1,Cartão de crédito,2200,0.05,2200,110.0,2090.0,Eletrônicos
2025-08-30 05:57:17,12470,880,Impressora,Nordeste,5,Pix,900,0.13,4500,585.0,3915.0,Eletrônicos
2025-04-19 00:09:55,12471,759,Cadeira,Sudeste,1,Cartão de débito,850,0.09,850,76.5,773.5,Móveis
2025-06-24 14:48:29,12472,779,Teclado,Norte,1,Pix,250,0.12,250,30.0,220.0,Periféricos
2025-05-24 07:31:58,12473,973,Teclado,Centro-Oeste,1,Pix,250,0.07,250,17.5,232.5,Periféricos
2025-04-26 13:58:18,12474,763,Headset,Norte,5,Cartão de crédito,300,0.11,1500,165.0,1335.0,Periféticos
2025-01-02 03:58:54,12475,515,Impressora,Sudeste,4,Cartão de débito,900,0.13,3600,468.0,3132.0,Eletrônicos
2025-04-09 21:58:30,12476,393,Teclado,Centro-Oeste,1,Pix,250,0.06,250,15.0,235.0,Periféricos
2025-08-16 04:21:30,12477,316,Cadeira,Sul,3,Cartão de débito,850,0.0,2550,0.0,2550.0,Móveis
2025-07-28 08:50:27,12478,76,Impressora,Sul,2,Cartão de débito,900,0.04,1800,72.0,1728.0,Eletrônicos
2025-11-01 13:08:31,12479,599,Cadeira,Norte,4,Cartão de débito,850,0.14,3400,476.00000000000006,2924.0,Móveis
2025-02-05 15:51:31,12480,270,Monitor,Centro-Oeste,4,Pix,1200,0.1,4800,480.0,4320.0,Eletrônicos
2025-07-05 05:07:17,12481,225,Mouse,Norte,5,Cartão de crédito,120,0.11,600,66.0,534.0,Periféricos
2025-08-27 11:57:45,12482,530,Impressora,Centro-Oeste,4,Cartão de crédito,900,0.05,3600,180.0,3420.0,Eletrônicos
2025-05-09 09:06:29,12483,113,Notebook,Centro-Oeste,5,Pix,3500,0.11,17500,1925.0,15575.0,Eletrônicos
2025-12-15 06:13:45,12484,251,Mouse,Norte,5,Boleto,120,0.1,600,60.0,540.0,Periféricos
2025-08-04 19:24:46,12485,233,Mouse,Centro-Oeste,3,Cartão de débito,120,0.03,360,10.799999999999999,349.2,Periféricos
2025-05-27 18:42:10,12486,841,Impressora,Sudeste,1,Cartão de débito,900,0.15,900,135.0,765.0,Eletrônicos
2025-03-26 02:10:06,12487,791,Mesa,Centro-Oeste,4,Cartão de crédito,1100,0.05,4400,220.0,4180.0,Móveis
2025-05-28 09:34:32,12488,714,Teclado,Centro-Oeste,1,Pix,250,0.05,250,12.5,237.5,Periféricos
2025-09-07 21:28:09,12489,83,Monitor,Norte,1,Pix,1200,0.06,1200,72.0,1128.0,Eletrônicos
2025-02-25 00:57:49,12490,125,Mesa,Sul,1,Boleto,1100,0.01,1100,11.0,1089.0,Móveis
2025-06-24 05:36:10,12491,175,Mesa,Nordeste,5,Boleto,1100,0.09,5500,495.0,5005.0,Móveis
2025-10-30 01:37:21,12492,69,Notebook,Centro-Oeste,1,Cartão de crédito,3500,0.04,3500,140.0,3360.0,Eletrônicos
2025-10-09 14:06:45,12493,47,Celular,Nordeste,4,Boleto,2200,0.12,8800,1056.0,7744.0,Eletrônicos
2025-12-31 22:19:55,12494,884,Impressora,Centro-Oeste,5,Boleto,900,0.06,4500,270.0,4230.0,Eletrônicos
2025-09-02 08:41:58,12495,256,Cadeira,Norte,4,Pix,850,0.07,3400,238.00000000000003,3162.0,Móveis
2025-04-03 07:06:51,12496,727,Teclado,Norte,5,Pix,250,0.1,1250,125.0,1125.0,Periféricos
2025-06-13 18:42:20,12497,30,Mesa,Centro-Oeste,2,Boleto,1100,0.11,2200,242.0,1958.0,Móveis
2025-05-16 00:49:28,12498,281,Monitor,Norte,2,Cartão de crédito,1200,0.03,2400,72.0,2328.0,Eletrônicos
2025-08-17 11:19:08,12499,924,Celular,Norte,2,Boleto,2200,0.14,4400,616.0000000000001,3784.0,Eletrônicos
2025-11-13 12:09:22,12500,994,Notebook,Centro-Oeste,2,Cartão de crédito,3500,0.09,7000,630.0,6370.0,Eletrônicos
2025-01-24 01:33:45,12501,237,Tablet,Sul,5,Boleto,1500,0.0,7500,0.0,7500.0,Eletrônicos
2025-02-14 08:42:58,12502,248,Teclado,Centro-Oeste,1,Pix,250,0.06,250,15.0,235.0,Periféricos
2025-12-20 16:49:58,12503,368,Tablet,Sul,3,Pix,1500,0.07,4500,315.00000000000006,4185.0,Eletrônicos
2025-03-13 05:09:01,12504,495,Mouse,Norte,3,Cartão de crédito,120,0.12,360,43.199999999999996,316.8,Periféricos
2025-02-17 15:16:51,12505,25,Mesa,Sul,2,Boleto,1100,0.05,2200,110.0,2090.0,Móveis
2025-04-14 23:20:12,12506,586,Headset,Norte,1,Boleto,300,0.05,300,15.0,285.0,Periféticos
2025-05-01 19:35:35,12507,718,Teclado,Sul,4,Cartão de crédito,250,0.01,1000,10.0,990.0,Periféricos
2025-08-19 22:02:04,12508,490,Cadeira,Sul,1,Boleto,850,0.04,850,34.0,816.0,Móveis
2025-02-01 14:47:18,12509,494,Celular,Centro-Oeste,4,Cartão de débito,2200,0.11,8800,968.0,7832.0,Eletrônicos
2025-07-17 05:48:36,12510,314,Monitor,Sul,3,Pix,1200,0.1,3600,360.0,3240.0,Eletrônicos
2025-05-03 04:14:46,12511,606,Teclado,Norte,1,Pix,250,0.01,250,2.5,247.5,Periféricos
2025-08-17 15:00:47,12512,375,Cadeira,Centro-Oeste,1,Cartão de crédito,850,0.02,850,17.0,833.0,Móveis
2025-10-26 16:05:06,12513,639,Impressora,Sul,3,Boleto,900,0.06,2700,162.0,2538.0,Eletrônicos
2025-09-27 13:20:43,12514,937,Tablet,Centro-Oeste,1,Cartão de crédito,1500,0.11,1500,165.0,1335.0,Eletrônicos
2025-02-03 14:33:53,12515,25,Impressora,Nordeste,4,Cartão de débito,900,0.12,3600,432.0,3168.0,Eletrônicos
2025-09-18 06:57:09,12516,334,Celular,Centro-Oeste,1,Boleto,2200,0.0,2200,0.0,2200.0,Eletrônicos
2025-01-23 10:59:29,12517,355,Notebook,Nordeste,4,Cartão de débito,3500,0.05,14000,700.0,13300.0,Eletrônicos
2025-08-28 21:04:18,12518,116,Mesa,Nordeste,2,Cartão de crédito,1100,0.06,2200,132.0,2068.0,Móveis
2025-04-05 01:32:05,12519,48,Teclado,Centro-Oeste,1,Pix,250,0.14,250,35.0,215.0,Periféricos
2025-07-28 06:24:36,12520,738,Headset,Norte,4,Cartão de débito,300,0.08,1200,96.0,1104.0,Periféticos
2025-07-26 02:52:15,12521,778,Tablet,Norte,3,Boleto,1500,0.04,4500,180.0,4320.0,Eletrônicos
2025-06-19 19:36:23,12522,99,Tablet,Norte,2,Cartão de crédito,1500,0.06,3000,180.0,2820.0,Eletrônicos
2025-10-28 09:46:16,12523,459,Teclado,Sudeste,1,Cartão de crédito,250,0.07,250,17.5,232.5,Periféricos
2025-02-24 03:38:34,12524,523,Mouse,Nordeste,4,Cartão de crédito,120,0.1,480,48.0,432.0,Periféricos
2025-04-04 20:41:38,12525,597,Impressora,Centro-Oeste,1,Pix,900,0.01,900,9.0,891.0,Eletrônicos
2025-06-19 02:08:27,12526,405,Tablet,Norte,4,Cartão de crédito,1500,0.06,6000,360.0,5640.0,Eletrônicos
2025-07-30 06:31:37,12527,214,Cadeira,Norte,1,Cartão de crédito,850,0.1,850,85.0,765.0,Móveis
2025-08-28 19:05:22,12528,685,Monitor,Centro-Oeste,2,Pix,1200,0.04,2400,96.0,2304.0,Eletrônicos
2025-01-27 21:07:46,12529,903,Mesa,Nordeste,2,Cartão de crédito,1100,0.09,2200,198.0,2002.0,Móveis
2025-04-01 00:45:48,12530,503,Tablet,Centro-Oeste,1,Cartão de crédito,1500,0.05,1500,75.0,1425.0,Eletrônicos
2025-04-04 17:58:52,12531,721,Cadeira,Sudeste,1,Cartão de débito,850,0.11,850,93.5,756.5,Móveis
2025-08-04 14:35:33,12532,448,Celular,Sudeste,5,Cartão de crédito,2200,0.01,11000,110.0,10890.0,Eletrônicos
2025-12-25 15:50:22,12533,894,Celular,Centro-Oeste,1,Pix,2200,0.14,2200,308.00000000000006,1892.0,Eletrônicos
2025-01-23 12:47:10,12534,576,Mesa,Nordeste,1,Cartão de débito,1100,0.03,1100,33.0,1067.0,Móveis
2025-08-13 10:29:26,12535,258,Mouse,Norte,2,Cartão de crédito,120,0.02,240,4.8,235.2,Periféricos
2025-03-25 18:49:47,12536,844,Headset,Sudeste,1,Pix,300,0.13,300,39.0,261.0,Periféticos
2025-04-26 05:52:48,12537,121,Mesa,Sudeste,3,Boleto,1100,0.13,3300,429.0,2871.0,Móveis
2025-02-23 22:27:41,12538,810,Notebook,Nordeste,1,Cartão de crédito,3500,0.01,3500,35.0,3465.0,Eletrônicos
2025-01-31 03:40:14,12539,978,Mouse,Sudeste,5,Boleto,120,0.14,600,84.00000000000001,516.0,Periféricos
2025-04-02 17:00:41,12540,54,Tablet,Sudeste,4,Cartão de débito,1500,0.04,6000,240.0,5760.0,Eletrônicos
2025-01-26 19:13:00,12541,331,Mesa,Nordeste,2,Pix,1100,0.09,2200,198.0,2002.0,Móveis
2025-05-05 01:00:07,12542,784,Impressora,Centro-Oeste,3,Cartão de débito,900,0.01,2700,27.0,2673.0,Eletrônicos
2025-06-29 20:50:27,12543,241,Celular,Norte,4,Boleto,2200,0.06,8800,528.0,8272.0,Eletrônicos
2025-07-07 03:36:04,12544,755,Cadeira,Norte,3,Boleto,850,0.07,2550,178.50000000000003,2371.5,Móveis
2025-04-19 14:47:31,12545,530,Mesa,Sudeste,2,Boleto,1100,0.09,2200,198.0,2002.0,Móveis
2025-02-18 11:34:51,12546,483,Impressora,Norte,5,Pix,900,0.08,4500,360.0,4140.0,Eletrônicos
2025-07-11 10:43:55,12547,187,Mouse,Centro-Oeste,2,Boleto,120,0.07,240,16.8,223.2,Periféricos
2025-04-15 08:04:13,12548,858,Notebook,Sudeste,3,Boleto,3500,0.14,10500,1470.0000000000002,9030.0,Eletrônicos
2025-06-12 18:42:27,12549,656,Cadeira,Norte,3,Pix,850,0.03,2550,76.5,2473.5,Móveis
2025-08-29 20:10:35,12550,262,Monitor,Sul,2,Boleto,1200,0.02,2400,48.0,2352.0,Eletrônicos
2025-02-22 00:45:11,12551,953,Notebook,Sul,1,Cartão de crédito,3500,0.11,3500,385.0,3115.0,Eletrônicos
2025-07-30 16:09:21,12552,364,Tablet,Sul,2,Boleto,1500,0.01,3000,30.0,2970.0,Eletrônicos
2025-11-04 09:02:42,12553,491,Impressora,Sul,5,Pix,900,0.07,4500,315.00000000000006,4185.0,Eletrônicos
2025-01-28 08:39:59,12554,431,Mesa,Sul,2,Boleto,1100,0.07,2200,154.00000000000003,2046.0,Móveis
2025-04-16 10:18:16,12555,239,Mesa,Sudeste,4,Pix,1100,0.05,4400,220.0,4180.0,Móveis
2025-02-25 10:44:51,12556,304,Teclado,Nordeste,1,Boleto,250,0.14,250,35.0,215.0,Periféricos
2025-10-24 02:54:49,12557,298,Celular,Nordeste,4,Cartão de crédito,2200,0.04,8800,352.0,8448.0,Eletrônicos
2025-11-20 11:56:36,12558,76,Tablet,Sudeste,2,Pix,1500,0.04,3000,120.0,2880.0,Eletrônicos
2025-09-01 02:11:45,12559,700,Impressora,Sudeste,1,Pix,900,0.04,900,36.0,864.0,Eletrônicos
2025-04-25 00:46:55,12560,333,Mesa,Centro-Oeste,4,Pix,1100,0.02,4400,88.0,4312.0,Móveis
2025-08-18 23:16:51,12561,900,Monitor,Nordeste,4,Pix,1200,0.05,4800,240.0,4560.0,Eletrônicos
2025-11-06 23:31:13,12562,999,Cadeira,Sul,1,Boleto,850,0.1,850,85.0,765.0,Móveis
2025-07-17 12:38:38,12563,758,Tablet,Sudeste,1,Boleto,1500,0.11,1500,165.0,1335.0,Eletrônicos
2025-04-23 13:29:05,12564,642,Mouse,Sul,3,Cartão de crédito,120,0.12,360,43.199999999999996,316.8,Periféricos
2025-07-13 13:14:11,12565,474,Monitor,Nordeste,1,Cartão de crédito,1200,0.03,1200,36.0,1164.0,Eletrônicos
2025-11-23 16:30:30,12566,827,Cadeira,Norte,2,Boleto,850,0.01,1700,17.0,1683.0,Móveis
2025-06-18 12:46:33,12567,923,Headset,Norte,5,Cartão de débito,300,0.15,1500,225.0,1275.0,Periféticos
2025-11-15 18:48:18,12568,283,Celular,Sudeste,3,Pix,2200,0.0,6600,0.0,6600.0,Eletrônicos
2025-05-10 11:19:21,12569,591,Tablet,Centro-Oeste,1,Boleto,1500,0.14,1500,210.00000000000003,1290.0,Eletrônicos
2025-10-31 21:30:29,12570,72,Impressora,Sul,5,Cartão de crédito,900,0.12,4500,540.0,3960.0,Eletrônicos
2025-02-21 10:22:58,12571,263,Notebook,Sudeste,3,Pix,3500,0.14,10500,1470.0000000000002,9030.0,Eletrônicos
2025-10-15 06:42:52,12572,703,Cadeira,Centro-Oeste,2,Cartão de crédito,850,0.06,1700,102.0,1598.0,Móveis
2025-08-31 08:28:01,12573,879,Mouse,Sul,5,Cartão de débito,120,0.03,600,18.0,582.0,Periféricos
2025-11-23 02:38:31,12574,887,Mesa,Nordeste,1,Pix,1100,0.09,1100,99.0,1001.0,Móveis
2025-01-04 00:15:16,12575,942,Notebook,Norte,1,Cartão de débito,3500,0.11,3500,385.0,3115.0,Eletrônicos
2025-11-22 15:04:46,12576,575,Monitor,Centro-Oeste,2,Cartão de débito,1200,0.02,2400,48.0,2352.0,Eletrônicos
2025-03-12 10:39:28,12577,1000,Celular,Sul,3,Cartão de débito,2200,0.12,6600,792.0,5808.0,Eletrônicos
2025-11-23 11:32:50,12578,892,Impressora,Sudeste,5,Boleto,900,0.03,4500,135.0,4365.0,Eletrônicos
2025-05-08 09:25:45,12579,12,Notebook,Sul,2,Cartão de crédito,3500,0.07,7000,490.00000000000006,6510.0,Eletrônicos
2025-08-31 22:58:15,12580,141,Mouse,Sudeste,3,Pix,120,0.13,360,46.800000000000004,313.2,Periféricos
2025-12-08 15:25:23,12581,766,Cadeira,Norte,4,Boleto,850,0.03,3400,102.0,3298.0,Móveis
2025-05-19 07:40:31,12582,555,Impressora,Norte,4,Cartão de crédito,900,0.04,3600,144.0,3456.0,Eletrônicos
2025-01-15 13:25:49,12583,17,Headset,Sul,3,Boleto,300,0.01,900,9.0,891.0,Periféticos
2025-06-07 11:57:31,12584,63,Mesa,Sul,1,Cartão de crédito,1100,0.02,1100,22.0,1078.0,Móveis
2025-10-09 09:59:41,12585,253,Celular,Sudeste,1,Pix,2200,0.02,2200,44.0,2156.0,Eletrônicos
2025-05-12 11:43:09,12586,465,Notebook,Sudeste,4,Pix,3500,0.03,14000,420.0,13580.0,Eletrônicos
2025-08-27 17:50:57,12587,376,Celular,Centro-Oeste,1,Pix,2200,0.04,2200,88.0,2112.0,Eletrônicos
2025-03-06 02:22:46,12588,804,Celular,Centro-Oeste,1,Pix,2200,0.12,2200,264.0,1936.0,Eletrônicos
2025-12-04 02:15:00,12589,981,Celular,Centro-Oeste,3,Cartão de crédito,2200,0.14,6600,924.0000000000001,5676.0,Eletrônicos
2025-05-21 07:29:08,12590,520,Cadeira,Sul,3,Boleto,850,0.06,2550,153.0,2397.0,Móveis
2025-11-26 17:13:09,12591,837,Celular,Centro-Oeste,1,Pix,2200,0.02,2200,44.0,2156.0,Eletrônicos
2025-01-05 11:47:56,12592,90,Headset,Sul,3,Pix,300,0.03,900,27.0,873.0,Periféticos
2025-09-08 17:13:33,12593,720,Monitor,Norte,5,Pix,1200,0.11,6000,660.0,5340.0,Eletrônicos
2025-07-01 02:44:05,12594,804,Mouse,Nordeste,4,Cartão de débito,120,0.1,480,48.0,432.0,Periféricos
2025-06-27 02:06:51,12595,796,Impressora,Norte,5,Pix,900,0.15,4500,675.0,3825.0,Eletrônicos
2025-11-24 06:11:08,12596,630,Headset,Sul,5,Pix,300,0.0,1500,0.0,1500.0,Periféticos
2025-12-14 00:32:13,12597,861,Impressora,Sul,1,Cartão de crédito,900,0.11,900,99.0,801.0,Eletrônicos
2025-12-15 05:07:03,12598,175,Mouse,Nordeste,1,Cartão de débito,120,0.08,120,9.6,110.4,Periféricos
2025-03-06 02:54:30,12599,76,Monitor,Sudeste,5,Cartão de crédito,1200,0.14,6000,840.0000000000001,5160.0,Eletrônicos
2025-11-13 17:13:55,12600,613,Tablet,Sudeste,5,Boleto,1500,0.09,7500,675.0,6825.0,Eletrônicos
2025-12-15 15:15:13,12601,926,Impressora,Sudeste,2,Cartão de débito,900,0.07,1800,126.00000000000001,1674.0,Eletrônicos
2025-03-17 03:17:58,12602,663,Impressora,Centro-Oeste,2,Cartão de crédito,900,0.1,1800,180.0,1620.0,Eletrônicos
2025-12-28 14:03:49,12603,400,Monitor,Sudeste,4,Cartão de crédito,1200,0.13,4800,624.0,4176.0,Eletrônicos
2025-07-03 05:16:00,12604,782,Notebook,Centro-Oeste,5,Boleto,3500,0.04,17500,700.0,16800.0,Eletrônicos
2025-01-23 16:40:26,12605,970,Headset,Centro-Oeste,3,Boleto,300,0.02,900,18.0,882.0,Periféticos
2025-02-02 22:11:04,12606,71,Notebook,Sudeste,2,Pix,3500,0.06,7000,420.0,6580.0,Eletrônicos
2025-01-31 05:54:35,12607,180,Notebook,Sudeste,1,Pix,3500,0.03,3500,105.0,3395.0,Eletrônicos
2025-01-16 22:52:49,12608,124,Notebook,Nordeste,5,Cartão de débito,3500,0.06,17500,1050.0,16450.0,Eletrônicos
2025-11-16 07:49:54,12609,381,Celular,Nordeste,3,Cartão de débito,2200,0.15,6600,990.0,5610.0,Eletrônicos
2025-01-25 04:36:52,12610,293,Mesa,Centro-Oeste,3,Boleto,1100,0.09,3300,297.0,3003.0,Móveis
2025-03-02 13:00:52,12611,797,Impressora,Nordeste,3,Cartão de débito,900,0.1,2700,270.0,2430.0,Eletrônicos
2025-08-31 11:09:50,12612,195,Notebook,Centro-Oeste,1,Pix,3500,0.1,3500,350.0,3150.0,Eletrônicos
2025-05-04 00:56:32,12613,911,Headset,Sul,2,Boleto,300,0.12,600,72.0,528.0,Periféticos
2025-01-02 18:29:59,12614,228,Mesa,Centro-Oeste,3,Cartão de crédito,1100,0.14,3300,462.00000000000006,2838.0,Móveis
2025-09-04 18:15:39,12615,431,Mesa,Centro-Oeste,2,Boleto,1100,0.1,2200,220.0,1980.0,Móveis
2025-10-19 23:33:11,12616,942,Notebook,Nordeste,4,Cartão de débito,3500,0.07,14000,980.0000000000001,13020.0,Eletrônicos
2025-10-27 23:45:39,12617,436,Cadeira,Sul,1,Pix,850,0.05,850,42.5,807.5,Móveis
2025-02-23 05:48:28,12618,787,Notebook,Norte,2,Pix,3500,0.05,7000,350.0,6650.0,Eletrônicos
2025-05-12 20:59:02,12619,461,Cadeira,Norte,2,Cartão de crédito,850,0.05,1700,85.0,1615.0,Móveis
2025-02-03 00:49:50,12620,618,Notebook,Norte,3,Cartão de crédito,3500,0.05,10500,525.0,9975.0,Eletrônicos
2025-01-15 20:46:22,12621,21,Headset,Sul,3,Boleto,300,0.1,900,90.0,810.0,Periféticos
2025-03-25 06:54:02,12622,64,Cadeira,Sudeste,1,Pix,850,0.09,850,76.5,773.5,Móveis
2025-02-14 14:22:01,12623,165,Celular,Sul,2,Cartão de crédito,2200,0.03,4400,132.0,4268.0,Eletrônicos
2025-06-08 06:57:06,12624,27,Mesa,Nordeste,5,Cartão de crédito,1100,0.15,5500,825.0,4675.0,Móveis
2025-08-13 21:47:33,12625,311,Notebook,Centro-Oeste,3,Boleto,3500,0.06,10500,630.0,9870.0,Eletrônicos
2025-10-11 02:53:01,12626,285,Mesa,Centro-Oeste,3,Boleto,1100,0.08,3300,264.0,3036.0,Móveis
2025-05-18 10:00:47,12627,660,Notebook,Nordeste,4,Pix,3500,0.11,14000,1540.0,12460.0,Eletrônicos
2025-07-26 05:53:13,12628,281,Impressora,Nordeste,1,Cartão de débito,900,0.09,900,81.0,819.0,Eletrônicos
2025-06-22 05:59:56,12629,838,Impressora,Centro-Oeste,2,Cartão de débito,900,0.05,1800,90.0,1710.0,Eletrônicos
2025-02-22 23:23:53,12630,831,Teclado,Sudeste,2,Pix,250,0.12,500,60.0,440.0,Periféricos
2025-09-22 20:25:47,12631,164,Notebook,Sudeste,2,Cartão de débito,3500,0.02,7000,140.0,6860.0,Eletrônicos
2025-02-07 16:46:21,12632,898,Teclado,Sudeste,3,Pix,250,0.09,750,67.5,682.5,Periféricos
2025-09-13 02:11:52,12633,918,Monitor,Nordeste,1,Pix,1200,0.04,1200,48.0,1152.0,Eletrônicos
2025-03-01 15:40:48,12634,224,Monitor,Centro-Oeste,2,Cartão de crédito,1200,0.09,2400,216.0,2184.0,Eletrônicos
2025-07-24 20:56:36,12635,784,Mesa,Centro-Oeste,5,Cartão de débito,1100,0.03,5500,165.0,5335.0,Móveis
2025-11-21 10:44:35,12636,146,Cadeira,Centro-Oeste,4,Pix,850,0.12,3400,408.0,2992.0,Móveis
2025-04-07 18:42:15,12637,965,Notebook,Sul,4,Cartão de débito,3500,0.03,14000,420.0,13580.0,Eletrônicos
2025-06-12 14:16:43,12638,950,Mouse,Sul,2,Cartão de débito,120,0.13,240,31.200000000000003,208.8,Periféricos
2025-07-01 13:15:44,12639,868,Notebook,Norte,3,Boleto,3500,0.13,10500,1365.0,9135.0,Eletrônicos
2025-05-06 15:46:00,12640,30,Notebook,Sul,4,Cartão de débito,3500,0.05,14000,700.0,13300.0,Eletrônicos
2025-05-29 02:34:39,12641,45,Mouse,Sudeste,4,Pix,120,0.06,480,28.799999999999997,451.2,Periféricos
2025-06-26 19:19:47,12642,787,Monitor,Sudeste,4,Cartão de crédito,1200,0.11,4800,528.0,4272.0,Eletrônicos
2025-08-05 16:00:27,12643,471,Teclado,Sudeste,4,Cartão de débito,250,0.01,1000,10.0,990.0,Periféricos
2025-09-27 12:00:56,12644,34,Mesa,Sudeste,2,Pix,1100,0.01,2200,22.0,2178.0,Móveis
2025-07-17 15:08:26,12645,653,Monitor,Norte,1,Boleto,1200,0.02,1200,24.0,1176.0,Eletrônicos
2025-04-11 18:19:16,12646,427,Mouse,Sudeste,1,Cartão de débito,120,0.08,120,9.6,110.4,Periféricos
2025-09-14 23:30:54,12647,830,Notebook,Nordeste,3,Cartão de crédito,3500,0.02,10500,210.0,10290.0,Eletrônicos
2025-04-23 10:34:51,12648,886,Monitor,Nordeste,5,Cartão de débito,1200,0.04,6000,240.0,5760.0,Eletrônicos
2025-10-20 08:09:08,12649,221,Headset,Nordeste,1,Pix,300,0.1,300,30.0,270.0,Periféticos
2025-01-27 20:38:08,12650,868,Impressora,Sul,5,Cartão de débito,900,0.0,4500,0.0,4500.0,Eletrônicos
2025-01-21 21:36:48,12651,534,Notebook,Centro-Oeste,1,Cartão de débito,3500,0.03,3500,105.0,3395.0,Eletrônicos
2025-04-23 08:59:35,12652,692,Tablet,Norte,1,Boleto,1500,0.14,1500,210.00000000000003,1290.0,Eletrônicos
2025-02-18 20:20:59,12653,948,Mouse,Nordeste,3,Cartão de débito,120,0.1,360,36.0,324.0,Periféricos
2025-02-22 12:01:59,12654,367,Celular,Nordeste,4,Cartão de crédito,2200,0.05,8800,440.0,8360.0,Eletrônicos
2025-12-26 08:58:03,12655,932,Cadeira,Sudeste,3,Cartão de débito,850,0.01,2550,25.5,2524.5,Móveis
2025-08-29 15:44:46,12656,841,Celular,Nordeste,1,Boleto,2200,0.09,2200,198.0,2002.0,Eletrônicos
2025-02-23 20:59:58,12657,743,Monitor,Sudeste,4,Pix,1200,0.03,4800,144.0,4656.0,Eletrônicos
2025-06-21 15:17:25,12658,915,Notebook,Sudeste,4,Cartão de débito,3500,0.14,14000,1960.0000000000002,12040.0,Eletrônicos
2025-05-16 00:33:47,12659,550,Cadeira,Centro-Oeste,4,Cartão de débito,850,0.1,3400,340.0,3060.0,Móveis
2025-02-11 22:08:58,12660,582,Cadeira,Sul,5,Boleto,850,0.15,4250,637.5,3612.5,Móveis
2025-05-07 11:51:24,12661,116,Mesa,Sudeste,1,Boleto,1100,0.13,1100,143.0,957.0,Móveis
2025-05-27 00:53:39,12662,239,Celular,Sudeste,2,Boleto,2200,0.07,4400,308.00000000000006,4092.0,Eletrônicos
2025-07-25 00:50:57,12663,335,Notebook,Centro-Oeste,3,Cartão de débito,3500,0.1,10500,1050.0,9450.0,Eletrônicos
2025-04-26 05:27:41,12664,441,Mesa,Sudeste,5,Cartão de crédito,1100,0.12,5500,660.0,4840.0,Móveis
2025-04-30 06:32:33,12665,148,Teclado,Norte,3,Boleto,250,0.09,750,67.5,682.5,Periféricos
2025-10-15 11:45:12,12666,9,Celular,Sul,2,Pix,2200,0.01,4400,44.0,4356.0,Eletrônicos
2025-08-16 02:19:16,12667,288,Impressora,Norte,4,Cartão de débito,900,0.07,3600,252.00000000000003,3348.0,Eletrônicos
2025-12-10 21:43:47,12668,388,Impressora,Nordeste,2,Pix,900,0.02,1800,36.0,1764.0,Eletrônicos
2025-08-28 16:40:57,12669,50,Mesa,Sul,3,Pix,1100,0.11,3300,363.0,2937.0,Móveis
2025-01-14 23:17:48,12670,850,Teclado,Nordeste,2,Cartão de crédito,250,0.1,500,50.0,450.0,Periféricos
2025-12-24 10:33:36,12671,517,Headset,Sudeste,1,Pix,300,0.15,300,45.0,255.0,Periféticos
2025-09-02 16:40:22,12672,916,Headset,Centro-Oeste,2,Boleto,300,0.09,600,54.0,546.0,Periféticos
2025-10-23 20:01:38,12673,855,Impressora,Norte,1,Boleto,900,0.12,900,108.0,792.0,Eletrônicos
2025-12-09 07:56:53,12674,638,Tablet,Nordeste,2,Cartão de débito,1500,0.04,3000,120.0,2880.0,Eletrônicos
2025-01-17 01:16:20,12675,587,Mouse,Sudeste,1,Cartão de crédito,120,0.05,120,6.0,114.0,Periféricos
2025-07-28 03:54:28,12676,677,Mouse,Norte,1,Cartão de crédito,120,0.14,120,16.8,103.2,Periféricos
2025-05-11 03:30:02,12677,278,Tablet,Norte,2,Pix,1500,0.11,3000,330.0,2670.0,Eletrônicos
2025-07-01 17:54:12,12678,954,Mesa,Nordeste,5,Cartão de crédito,1100,0.1,5500,550.0,4950.0,Móveis
2025-03-28 19:36:00,12679,836,Mouse,Sudeste,4,Pix,120,0.04,480,19.2,460.8,Periféricos
2025-12-26 15:27:44,12680,989,Mouse,Centro-Oeste,4,Pix,120,0.1,480,48.0,432.0,Periféricos
2025-11-22 09:19:46,12681,300,Celular,Nordeste,4,Cartão de crédito,2200,0.13,8800,1144.0,7656.0,Eletrônicos
2025-05-05 18:58:21,12682,802,Celular,Norte,1,Cartão de débito,2200,0.03,2200,66.0,2134.0,Eletrônicos
2025-02-05 04:31:07,12683,589,Tablet,Norte,4,Pix,1500,0.11,6000,660.0,5340.0,Eletrônicos
2025-12-02 17:49:07,12684,810,Notebook,Sul,1,Boleto,3500,0.06,3500,210.0,3290.0,Eletrônicos
2025-04-23 02:28:04,12685,649,Teclado,Sudeste,5,Boleto,250,0.02,1250,25.0,1225.0,Periféricos
2025-06-15 18:18:25,12686,618,Mesa,Sul,2,Cartão de crédito,1100,0.11,2200,242.0,1958.0,Móveis
2025-07-27 20:21:43,12687,607,Celular,Centro-Oeste,2,Cartão de crédito,2200,0.03,4400,132.0,4268.0,Eletrônicos
2025-11-09 04:37:14,12688,135,Celular,Nordeste,1,Pix,2200,0.04,2200,88.0,2112.0,Eletrônicos
2025-09-03 13:37:46,12689,580,Headset,Norte,1,Pix,300,0.12,300,36.0,264.0,Periféticos
2025-03-29 05:32:45,12690,147,Teclado,Sudeste,5,Boleto,250,0.11,1250,137.5,1112.5,Periféricos
2025-11-20 01:56:49,12691,490,Headset,Norte,4,Pix,300,0.04,1200,48.0,1152.0,Periféticos
2025-05-21 02:11:36,12692,478,Notebook,Sul,5,Boleto,3500,0.14,17500,2450.0000000000005,15050.0,Eletrônicos
2025-11-10 13:03:45,12693,159,Teclado,Sul,2,Pix,250,0.03,500,15.0,485.0,Periféricos
2025-08-05 03:03:56,12694,384,Mouse,Nordeste,2,Cartão de débito,120,0.15,240,36.0,204.0,Periféricos
2025-02-06 07:52:24,12695,163,Headset,Sudeste,4,Cartão de débito,300,0.11,1200,132.0,1068.0,Periféticos
2025-04-09 18:51:18,12696,441,Impressora,Sudeste,2,Boleto,900,0.06,1800,108.0,1692.0,Eletrônicos
2025-03-22 06:36:14,12697,853,Mesa,Nordeste,1,Cartão de débito,1100,0.02,1100,22.0,1078.0,Móveis
2025-07-30 00:07:19,12698,189,Mouse,Sul,2,Cartão de débito,120,0.05,240,12.0,228.0,Periféricos
2025-10-31 11:36:10,12699,415,Teclado,Sul,3,Cartão de crédito,250,0.03,750,22.5,727.5,Periféricos
2025-08-11 06:48:17,12700,339,Impressora,Sul,4,Pix,900,0.09,3600,324.0,3276.0,Eletrônicos
2025-11-30 20:29:10,12701,607,Notebook,Norte,4,Cartão de crédito,3500,0.05,14000,700.0,13300.0,Eletrônicos
2025-05-20 06:37:31,12702,181,Impressora,Centro-Oeste,4,Boleto,900,0.04,3600,144.0,3456.0,Eletrônicos
2025-02-19 11:04:05,12703,288,Celular,Sul,3,Cartão de crédito,2200,0.11,6600,726.0,5874.0,Eletrônicos
2025-12-06 22:57:23,12704,834,Tablet,Centro-Oeste,5,Boleto,1500,0.03,7500,225.0,7275.0,Eletrônicos
2025-02-06 20:39:50,12705,187,Impressora,Centro-Oeste,1,Cartão de débito,900,0.09,900,81.0,819.0,Eletrônicos
2025-11-21 21:51:59,12706,884,Cadeira,Sudeste,4,Cartão de crédito,850,0.03,3400,102.0,3298.0,Móveis
2025-06-11 04:23:08,12707,138,Notebook,Nordeste,2,Cartão de débito,3500,0.11,7000,770.0,6230.0,Eletrônicos
2025-05-26 00:32:51,12708,130,Mouse,Norte,1,Pix,120,0.09,120,10.799999999999999,109.2,Periféricos
2025-03-19 08:05:35,12709,194,Headset,Centro-Oeste,2,Cartão de débito,300,0.12,600,72.0,528.0,Periféticos
2025-04-26 07:37:21,12710,316,Monitor,Norte,1,Pix,1200,0.01,1200,12.0,1188.0,Eletrônicos
2025-11-22 03:39:21,12711,984,Notebook,Sudeste,1,Cartão de débito,3500,0.03,3500,105.0,3395.0,Eletrônicos
2025-11-11 23:38:35,12712,785,Cadeira,Sul,2,Cartão de crédito,850,0.02,1700,34.0,1666.0,Móveis
2025-03-19 10:05:42,12713,864,Celular,Centro-Oeste,2,Cartão de crédito,2200,0.03,4400,132.0,4268.0,Eletrônicos
2025-11-01 19:37:43,12714,144,Headset,Nordeste,1,Cartão de débito,300,0.02,300,6.0,294.0,Periféticos
2025-02-27 18:22:41,12715,16,Mesa,Sudeste,4,Boleto,1100,0.08,4400,352.0,4048.0,Móveis
2025-02-12 05:00:04,12716,302,Monitor,Norte,2,Boleto,1200,0.09,2400,216.0,2184.0,Eletrônicos
2025-01-08 11:48:16,12717,423,Impressora,Sul,3,Pix,900,0.13,2700,351.0,2349.0,Eletrônicos
2025-08-01 02:41:58,12718,245,Cadeira,Norte,3,Pix,850,0.06,2550,153.0,2397.0,Móveis
2025-02-06 03:29:11,12719,927,Impressora,Nordeste,1,Cartão de débito,900,0.08,900,72.0,828.0,Eletrônicos
2025-11-07 16:48:31,12720,107,Mesa,Centro-Oeste,5,Cartão de crédito,1100,0.15,5500,825.0,4675.0,Móveis
2025-01-10 06:15:01,12721,88,Notebook,Nordeste,1,Pix,3500,0.08,3500,280.0,3220.0,Eletrônicos
2025-02-17 11:03:32,12722,129,Tablet,Norte,1,Cartão de débito,1500,0.09,1500,135.0,1365.0,Eletrônicos
2025-04-30 18:26:54,12723,907,Cadeira,Norte,4,Pix,850,0.15,3400,510.0,2890.0,Móveis
2025-09-20 05:04:21,12724,887,Teclado,Nordeste,4,Cartão de crédito,250,0.15,1000,150.0,850.0,Periféricos
2025-09-21 18:55:42,12725,341,Mouse,Nordeste,5,Pix,120,0.06,600,36.0,564.0,Periféricos
2025-09-12 19:29:37,12726,4,Teclado,Nordeste,5,Cartão de débito,250,0.1,1250,125.0,1125.0,Periféricos
2025-09-25 13:23:12,12727,327,Tablet,Sul,5,Pix,1500,0.07,7500,525.0,6975.0,Eletrônicos
2025-04-19 06:12:06,12728,410,Mesa,Norte,5,Boleto,1100,0.11,5500,605.0,4895.0,Móveis
2025-04-13 20:09:26,12729,879,Teclado,Sudeste,5,Pix,250,0.14,1250,175.00000000000003,1075.0,Periféricos
2025-12-20 15:35:53,12730,306,Celular,Sul,1,Cartão de crédito,2200,0.05,2200,110.0,2090.0,Eletrônicos
2025-12-20 09:40:58,12731,908,Cadeira,Sul,1,Cartão de crédito,850,0.12,850,102.0,748.0,Móveis
2025-06-26 23:52:41,12732,607,Celular,Sul,3,Cartão de crédito,2200,0.1,6600,660.0,5940.0,Eletrônicos
2025-04-05 00:02:37,12733,721,Monitor,Sudeste,3,Cartão de crédito,1200,0.04,3600,144.0,3456.0,Eletrônicos
2025-09-05 22:02:25,12734,225,Tablet,Nordeste,2,Cartão de débito,1500,0.12,3000,360.0,2640.0,Eletrônicos
2025-04-08 10:07:13,12735,971,Monitor,Norte,1,Pix,1200,0.06,1200,72.0,1128.0,Eletrônicos
2025-02-02 19:05:52,12736,348,Monitor,Centro-Oeste,5,Pix,1200,0.02,6000,120.0,5880.0,Eletrônicos
2025-05-17 19:29:29,12737,992,Monitor,Centro-Oeste,2,Pix,1200,0.15,2400,360.0,2040.0,Eletrônicos
2025-03-27 09:01:59,12738,321,Notebook,Norte,4,Pix,3500,0.06,14000,840.0,13160.0,Eletrônicos
2025-09-18 04:12:30,12739,559,Notebook,Sudeste,1,Cartão de débito,3500,0.08,3500,280.0,3220.0,Eletrônicos
2025-01-15 18:37:27,12740,988,Tablet,Centro-Oeste,3,Cartão de crédito,1500,0.12,4500,540.0,3960.0,Eletrônicos
2025-05-24 21:06:56,12741,181,Headset,Sul,1,Pix,300,0.14,300,42.00000000000001,258.0,Periféticos
2025-12-12 11:08:59,12742,618,Teclado,Centro-Oeste,1,Pix,250,0.13,250,32.5,217.5,Periféricos
2025-07-05 15:48:42,12743,711,Notebook,Norte,1,Cartão de crédito,3500,0.08,3500,280.0,3220.0,Eletrônicos
2025-03-04 16:39:35,12744,386,Impressora,Sul,1,Boleto,900,0.08,900,72.0,828.0,Eletrônicos
2025-11-17 12:36:40,12745,618,Celular,Centro-Oeste,4,Boleto,2200,0.04,8800,352.0,8448.0,Eletrônicos
2025-04-11 18:00:13,12746,792,Notebook,Norte,3,Cartão de crédito,3500,0.07,10500,735.0000000000001,9765.0,Eletrônicos
2025-08-18 10:15:31,12747,772,Mesa,Sudeste,1,Pix,1100,0.14,1100,154.00000000000003,946.0,Móveis
2025-08-19 13:48:16,12748,108,Monitor,Norte,4,Cartão de crédito,1200,0.11,4800,528.0,4272.0,Eletrônicos
2025-12-07 23:45:04,12749,531,Notebook,Sudeste,2,Pix,3500,0.0,7000,0.0,7000.0,Eletrônicos
2025-08-24 12:14:10,12750,410,Tablet,Sul,1,Pix,1500,0.02,1500,30.0,1470.0,Eletrônicos
2025-06-17 18:57:34,12751,971,Celular,Norte,4,Boleto,2200,0.14,8800,1232.0000000000002,7568.0,Eletrônicos
2025-05-12 00:14:07,12752,296,Celular,Nordeste,5,Boleto,2200,0.13,11000,1430.0,9570.0,Eletrônicos
2025-11-21 10:16:45,12753,818,Headset,Nordeste,2,Pix,300,0.07,600,42.00000000000001,558.0,Periféticos
2025-06-11 00:45:40,12754,171,Mouse,Nordeste,3,Pix,120,0.09,360,32.4,327.6,Periféricos
2025-05-25 14:35:27,12755,331,Mouse,Nordeste,1,Pix,120,0.04,120,4.8,115.2,Periféricos
2025-05-19 23:07:48,12756,493,Teclado,Nordeste,1,Boleto,250,0.12,250,30.0,220.0,Periféricos
2025-12-08 15:29:44,12757,195,Impressora,Sudeste,4,Pix,900,0.09,3600,324.0,3276.0,Eletrônicos
2025-09-08 01:39:37,12758,12,Cadeira,Norte,3,Cartão de crédito,850,0.1,2550,255.0,2295.0,Móveis
2025-08-28 18:51:41,12759,195,Tablet,Sul,5,Cartão de débito,1500,0.06,7500,450.0,7050.0,Eletrônicos
2025-03-21 07:16:43,12760,490,Mesa,Nordeste,2,Cartão de débito,1100,0.06,2200,132.0,2068.0,Móveis
2025-05-31 23:48:17,12761,795,Notebook,Nordeste,3,Pix,3500,0.03,10500,315.0,10185.0,Eletrônicos
2025-12-26 05:13:21,12762,881,Tablet,Sul,1,Cartão de crédito,1500,0.14,1500,210.00000000000003,1290.0,Eletrônicos
2025-06-18 14:07:59,12763,182,Impressora,Sul,4,Pix,900,0.14,3600,504.00000000000006,3096.0,Eletrônicos
2025-03-08 11:08:53,12764,962,Mouse,Nordeste,5,Cartão de crédito,120,0.12,600,72.0,528.0,Periféricos
2025-10-06 22:50:38,12765,817,Tablet,Sudeste,4,Boleto,1500,0.14,6000,840.0000000000001,5160.0,Eletrônicos
2025-01-31 09:45:44,12766,656,Notebook,Sul,2,Boleto,3500,0.1,7000,700.0,6300.0,Eletrônicos
2025-12-18 03:16:48,12767,898,Headset,Norte,3,Pix,300,0.04,900,36.0,864.0,Periféticos
2025-02-02 16:58:16,12768,316,Teclado,Norte,4,Boleto,250,0.11,1000,110.0,890.0,Periféricos
2025-02-27 03:19:52,12769,694,Headset,Sudeste,4,Pix,300,0.05,1200,60.0,1140.0,Periféticos
2025-06-27 06:20:31,12770,30,Mouse,Centro-Oeste,1,Cartão de débito,120,0.07,120,8.4,111.6,Periféricos
2025-05-01 16:25:48,12771,596,Monitor,Sudeste,4,Cartão de crédito,1200,0.04,4800,192.0,4608.0,Eletrônicos
2025-02-26 10:41:12,12772,678,Mouse,Nordeste,5,Cartão de crédito,120,0.06,600,36.0,564.0,Periféricos
2025-08-14 21:26:12,12773,796,Teclado,Centro-Oeste,3,Cartão de débito,250,0.1,750,75.0,675.0,Periféricos
2025-08-13 12:06:36,12774,793,Notebook,Nordeste,2,Cartão de débito,3500,0.02,7000,140.0,6860.0,Eletrônicos
2025-07-22 12:43:20,12775,96,Impressora,Norte,4,Cartão de débito,900,0.02,3600,72.0,3528.0,Eletrônicos
2025-06-24 18:13:23,12776,381,Cadeira,Sul,5,Cartão de débito,850,0.1,4250,425.0,3825.0,Móveis
2025-04-14 02:33:05,12777,778,Headset,Nordeste,2,Boleto,300,0.12,600,72.0,528.0,Periféticos
2025-10-11 11:43:56,12778,444,Mouse,Norte,5,Cartão de crédito,120,0.08,600,48.0,552.0,Periféricos
2025-12-01 02:03:25,12779,298,Impressora,Sudeste,4,Cartão de crédito,900,0.03,3600,108.0,3492.0,Eletrônicos
2025-07-08 21:22:11,12780,808,Headset,Nordeste,4,Cartão de débito,300,0.06,1200,72.0,1128.0,Periféticos
2025-06-25 12:30:29,12781,737,Mouse,Norte,3,Pix,120,0.11,360,39.6,320.4,Periféricos
2025-02-03 10:08:18,12782,845,Teclado,Sul,1,Pix,250,0.1,250,25.0,225.0,Periféricos
2025-06-07 00:09:41,12783,361,Headset,Nordeste,5,Pix,300,0.02,1500,30.0,1470.0,Periféticos
2025-05-27 01:20:33,12784,374,Mouse,Norte,1,Pix,120,0.15,120,18.0,102.0,Periféricos
2025-08-11 08:03:29,12785,554,Notebook,Nordeste,1,Boleto,3500,0.03,3500,105.0,3395.0,Eletrônicos
2025-05-24 17:17:00,12786,303,Teclado,Sul,2,Cartão de crédito,250,0.03,500,15.0,485.0,Periféricos
2025-02-16 15:51:04,12787,421,Impressora,Nordeste,2,Cartão de crédito,900,0.07,1800,126.00000000000001,1674.0,Eletrônicos
2025-08-22 10:12:38,12788,246,Impressora,Nordeste,5,Cartão de crédito,900,0.05,4500,225.0,4275.0,Eletrônicos
2025-10-21 01:58:42,12789,720,Cadeira,Norte,1,Pix,850,0.15,850,127.5,722.5,Móveis
2025-03-27 03:50:04,12790,237,Tablet,Centro-Oeste,3,Cartão de débito,1500,0.01,4500,45.0,4455.0,Eletrônicos
2025-09-23 03:58:02,12791,534,Monitor,Nordeste,1,Pix,1200,0.05,1200,60.0,1140.0,Eletrônicos
2025-02-03 10:01:36,12792,185,Notebook,Centro-Oeste,2,Cartão de crédito,3500,0.06,7000,420.0,6580.0,Eletrônicos
2025-05-31 04:51:35,12793,468,Teclado,Sudeste,1,Pix,250,0.07,250,17.5,232.5,Periféricos
2025-09-27 18:11:01,12794,754,Headset,Nordeste,4,Cartão de débito,300,0.0,1200,0.0,1200.0,Periféticos
2025-02-01 16:09:42,12795,363,Impressora,Centro-Oeste,4,Cartão de débito,900,0.01,3600,36.0,3564.0,Eletrônicos
2025-10-14 06:21:12,12796,283,Notebook,Sudeste,3,Pix,3500,0.04,10500,420.0,10080.0,Eletrônicos
2025-01-13 17:41:40,12797,553,Teclado,Norte,5,Cartão de crédito,250,0.08,1250,100.0,1150.0,Periféricos
2025-08-01 10:16:46,12798,336,Teclado,Nordeste,1,Boleto,250,0.12,250,30.0,220.0,Periféricos
2025-09-16 22:16:32,12799,162,Headset,Norte,4,Cartão de crédito,300,0.1,1200,120.0,1080.0,Periféticos
2025-12-19 06:33:47,12800,160,Teclado,Sudeste,5,Boleto,250,0.09,1250,112.5,1137.5,Periféricos
2025-01-23 16:59:37,12801,474,Mesa,Norte,4,Cartão de crédito,1100,0.06,4400,264.0,4136.0,Móveis
2025-10-03 18:39:02,12802,601,Notebook,Norte,5,Pix,3500,0.13,17500,2275.0,15225.0,Eletrônicos
2025-02-16 16:10:54,12803,322,Mouse,Sul,5,Boleto,120,0.07,600,42.00000000000001,558.0,Periféricos
2025-01-08 16:34:28,12804,12,Impressora,Sudeste,4,Cartão de crédito,900,0.04,3600,144.0,3456.0,Eletrônicos
2025-09-27 09:57:38,12805,424,Impressora,Norte,2,Pix,900,0.09,1800,162.0,1638.0,Eletrônicos
2025-10-13 14:46:19,12806,73,Mouse,Centro-Oeste,5,Cartão de crédito,120,0.1,600,60.0,540.0,Periféricos
2025-03-22 18:22:20,12807,588,Notebook,Sudeste,1,Cartão de débito,3500,0.06,3500,210.0,3290.0,Eletrônicos
2025-06-18 01:50:16,12808,858,Monitor,Sul,4,Cartão de débito,1200,0.0,4800,0.0,4800.0,Eletrônicos
2025-05-16 23:32:48,12809,201,Notebook,Nordeste,2,Cartão de crédito,3500,0.01,7000,70.0,6930.0,Eletrônicos
2025-06-07 12:55:12,12810,522,Celular,Norte,4,Pix,2200,0.13,8800,1144.0,7656.0,Eletrônicos
2025-11-26 07:12:31,12811,864,Teclado,Centro-Oeste,3,Cartão de crédito,250,0.01,750,7.5,742.5,Periféricos
2025-10-29 10:58:56,12812,505,Tablet,Sul,1,Pix,1500,0.09,1500,135.0,1365.0,Eletrônicos
2025-12-10 23:13:38,12813,738,Headset,Sudeste,3,Boleto,300,0.03,900,27.0,873.0,Periféticos
2025-02-05 03:38:19,12814,688,Mesa,Norte,5,Cartão de débito,1100,0.03,5500,165.0,5335.0,Móveis
2025-12-07 17:48:21,12815,788,Tablet,Sul,5,Boleto,1500,0.04,7500,300.0,7200.0,Eletrônicos
2025-05-24 08:03:37,12816,39,Mouse,Sul,3,Pix,120,0.01,360,3.6,356.4,Periféricos
2025-02-25 21:13:46,12817,60,Headset,Centro-Oeste,3,Cartão de crédito,300,0.03,900,27.0,873.0,Periféticos
2025-04-04 18:11:46,12818,578,Headset,Nordeste,5,Cartão de débito,300,0.1,1500,150.0,1350.0,Periféticos
2025-08-06 19:47:19,12819,321,Headset,Nordeste,2,Pix,300,0.07,600,42.00000000000001,558.0,Periféticos
2025-07-26 07:29:49,12820,435,Impressora,Nordeste,1,Pix,900,0.12,900,108.0,792.0,Eletrônicos
2025-04-07 23:35:41,12821,636,Mesa,Sudeste,4,Cartão de débito,1100,0.01,4400,44.0,4356.0,Móveis
2025-04-25 11:23:53,12822,676,Impressora,Sul,3,Cartão de crédito,900,0.13,2700,351.0,2349.0,Eletrônicos
2025-03-18 03:32:17,12823,408,Teclado,Sudeste,1,Cartão de débito,250,0.15,250,37.5,212.5,Periféricos
2025-05-08 02:04:29,12824,923,Celular,Sul,4,Cartão de crédito,2200,0.0,8800,0.0,8800.0,Eletrônicos
2025-01-23 03:16:24,12825,386,Cadeira,Centro-Oeste,4,Cartão de crédito,850,0.15,3400,510.0,2890.0,Móveis
2025-08-26 21:39:14,12826,671,Mesa,Centro-Oeste,3,Pix,1100,0.04,3300,132.0,3168.0,Móveis
2025-06-14 02:26:28,12827,569,Tablet,Sudeste,2,Cartão de crédito,1500,0.1,3000,300.0,2700.0,Eletrônicos
2025-07-16 18:51:05,12828,78,Teclado,Sudeste,2,Cartão de crédito,250,0.04,500,20.0,480.0,Periféricos
2025-11-03 12:23:35,12829,194,Notebook,Centro-Oeste,1,Cartão de débito,3500,0.08,3500,280.0,3220.0,Eletrônicos
2025-06-21 20:06:07,12830,285,Mouse,Norte,1,Cartão de débito,120,0.08,120,9.6,110.4,Periféricos
2025-06-19 21:04:01,12831,527,Celular,Nordeste,5,Cartão de crédito,2200,0.05,11000,550.0,10450.0,Eletrônicos
2025-05-11 05:01:57,12832,524,Teclado,Nordeste,2,Pix,250,0.11,500,55.0,445.0,Periféricos
2025-01-09 15:36:59,12833,613,Notebook,Centro-Oeste,1,Cartão de débito,3500,0.09,3500,315.0,3185.0,Eletrônicos
2025-04-20 14:08:52,12834,156,Celular,Nordeste,5,Boleto,2200,0.08,11000,880.0,10120.0,Eletrônicos
2025-03-04 22:44:44,12835,340,Notebook,Norte,4,Pix,3500,0.15,14000,2100.0,11900.0,Eletrônicos
2025-09-21 23:28:25,12836,125,Mesa,Norte,1,Cartão de débito,1100,0.14,1100,154.00000000000003,946.0,Móveis
2025-09-16 06:36:59,12837,871,Notebook,Sul,5,Cartão de débito,3500,0.14,17500,2450.0000000000005,15050.0,Eletrônicos
2025-01-28 13:22:12,12838,280,Celular,Sudeste,2,Boleto,2200,0.13,4400,572.0,3828.0,Eletrônicos
2025-01-20 03:39:13,12839,917,Notebook,Nordeste,4,Cartão de crédito,3500,0.04,14000,560.0,13440.0,Eletrônicos
2025-06-08 09:23:59,12840,906,Tablet,Norte,1,Cartão de débito,1500,0.05,1500,75.0,1425.0,Eletrônicos
2025-04-12 18:36:20,12841,622,Teclado,Sudeste,2,Boleto,250,0.03,500,15.0,485.0,Periféricos
2025-07-12 23:35:42,12842,846,Celular,Sudeste,4,Boleto,2200,0.15,8800,1320.0,7480.0,Eletrônicos
2025-04-27 22:41:47,12843,869,Tablet,Sul,3,Cartão de débito,1500,0.02,4500,90.0,4410.0,Eletrônicos
2025-01-07 14:38:27,12844,658,Notebook,Sudeste,2,Pix,3500,0.05,7000,350.0,6650.0,Eletrônicos
2025-11-12 07:00:30,12845,728,Notebook,Sudeste,3,Cartão de débito,3500,0.03,10500,315.0,10185.0,Eletrônicos
2025-07-05 22:22:34,12846,910,Headset,Centro-Oeste,1,Boleto,300,0.03,300,9.0,291.0,Periféticos
2025-12-18 11:44:47,12847,674,Celular,Sul,5,Cartão de débito,2200,0.04,11000,440.0,10560.0,Eletrônicos
2025-05-07 05:25:42,12848,128,Mesa,Sul,1,Pix,1100,0.1,1100,110.0,990.0,Móveis
2025-01-25 03:30:13,12849,314,Notebook,Nordeste,2,Cartão de crédito,3500,0.01,7000,70.0,6930.0,Eletrônicos
2025-08-22 01:15:25,12850,332,Mouse,Sudeste,3,Cartão de crédito,120,0.09,360,32.4,327.6,Periféricos
2025-12-24 04:43:29,12851,150,Impressora,Nordeste,3,Cartão de débito,900,0.12,2700,324.0,2376.0,Eletrônicos
2025-08-15 08:25:15,12852,454,Cadeira,Norte,4,Cartão de débito,850,0.11,3400,374.0,3026.0,Móveis
2025-04-30 05:45:30,12853,36,Impressora,Sudeste,1,Boleto,900,0.02,900,18.0,882.0,Eletrônicos
2025-10-06 19:57:30,12854,685,Mesa,Norte,1,Pix,1100,0.14,1100,154.00000000000003,946.0,Móveis
2025-05-10 14:57:48,12855,420,Teclado,Centro-Oeste,2,Boleto,250,0.12,500,60.0,440.0,Periféricos
2025-04-14 10:38:12,12856,22,Monitor,Sudeste,3,Boleto,1200,0.0,3600,0.0,3600.0,Eletrônicos
2025-01-24 03:20:54,12857,206,Mouse,Nordeste,2,Cartão de crédito,120,0.11,240,26.4,213.6,Periféricos
2025-02-28 09:20:42,12858,639,Monitor,Nordeste,2,Boleto,1200,0.11,2400,264.0,2136.0,Eletrônicos
2025-10-30 16:48:15,12859,848,Notebook,Sudeste,3,Boleto,3500,0.07,10500,735.0000000000001,9765.0,Eletrônicos
2025-12-07 12:01:50,12860,957,Teclado,Nordeste,2,Cartão de crédito,250,0.01,500,5.0,495.0,Periféricos
2025-02-18 02:35:32,12861,356,Tablet,Sudeste,3,Cartão de crédito,1500,0.09,4500,405.0,4095.0,Eletrônicos
2025-03-18 07:21:50,12862,440,Notebook,Sul,2,Pix,3500,0.11,7000,770.0,6230.0,Eletrônicos
2025-03-06 08:45:12,12863,729,Monitor,Nordeste,5,Pix,1200,0.04,6000,240.0,5760.0,Eletrônicos
2025-11-07 23:11:31,12864,96,Notebook,Sudeste,2,Pix,3500,0.1,7000,700.0,6300.0,Eletrônicos
2025-09-14 11:34:34,12865,929,Cadeira,Sudeste,2,Cartão de débito,850,0.05,1700,85.0,1615.0,Móveis
2025-09-10 06:07:46,12866,941,Headset,Nordeste,5,Cartão de crédito,300,0.09,1500,135.0,1365.0,Periféticos
2025-10-05 09:04:14,12867,164,Cadeira,Sul,1,Cartão de débito,850,0.06,850,51.0,799.0,Móveis
2025-04-02 13:08:19,12868,148,Teclado,Nordeste,3,Cartão de débito,250,0.05,750,37.5,712.5,Periféricos
2025-08-25 01:12:52,12869,530,Tablet,Sudeste,4,Pix,1500,0.13,6000,780.0,5220.0,Eletrônicos
2025-05-11 06:39:08,12870,294,Cadeira,Sul,5,Cartão de crédito,850,0.11,4250,467.5,3782.5,Móveis
2025-01-03 23:48:37,12871,195,Celular,Norte,1,Cartão de débito,2200,0.05,2200,110.0,2090.0,Eletrônicos
2025-12-17 20:54:42,12872,663,Tablet,Centro-Oeste,2,Boleto,1500,0.07,3000,210.00000000000003,2790.0,Eletrônicos
2025-04-23 19:09:01,12873,480,Monitor,Nordeste,1,Boleto,1200,0.1,1200,120.0,1080.0,Eletrônicos
2025-03-16 09:42:20,12874,877,Cadeira,Sudeste,5,Cartão de crédito,850,0.12,4250,510.0,3740.0,Móveis
2025-01-09 03:57:55,12875,123,Headset,Sul,2,Cartão de débito,300,0.1,600,60.0,540.0,Periféticos
2025-12-03 20:45:35,12876,400,Tablet,Sul,1,Pix,1500,0.08,1500,120.0,1380.0,Eletrônicos
2025-06-30 02:17:23,12877,699,Notebook,Norte,4,Cartão de débito,3500,0.14,14000,1960.0000000000002,12040.0,Eletrônicos
2025-10-27 22:17:17,12878,965,Headset,Nordeste,3,Boleto,300,0.12,900,108.0,792.0,Periféticos
2025-05-10 08:51:38,12879,452,Notebook,Sul,3,Boleto,3500,0.02,10500,210.0,10290.0,Eletrônicos
2025-11-02 18:18:22,12880,661,Cadeira,Norte,5,Pix,850,0.08,4250,340.0,3910.0,Móveis
2025-02-20 05:14:03,12881,104,Mouse,Sudeste,2,Cartão de crédito,120,0.06,240,14.399999999999999,225.6,Periféricos
2025-01-05 21:50:26,12882,755,Mouse,Norte,2,Cartão de débito,120,0.12,240,28.799999999999997,211.2,Periféricos
2025-05-20 12:56:39,12883,462,Monitor,Nordeste,3,Boleto,1200,0.01,3600,36.0,3564.0,Eletrônicos
2025-11-26 02:12:31,12884,743,Headset,Norte,1,Cartão de débito,300,0.06,300,18.0,282.0,Periféticos
2025-07-03 08:57:13,12885,991,Notebook,Sul,2,Pix,3500,0.05,7000,350.0,6650.0,Eletrônicos
2025-02-17 15:52:03,12886,718,Mesa,Sul,4,Pix,1100,0.02,4400,88.0,4312.0,Móveis
2025-11-29 23:22:05,12887,710,Headset,Centro-Oeste,4,Cartão de crédito,300,0.06,1200,72.0,1128.0,Periféticos
2025-09-17 03:33:37,12888,396,Celular,Norte,2,Pix,2200,0.1,4400,440.0,3960.0,Eletrônicos
2025-03-14 23:02:25,12889,912,Monitor,Sudeste,2,Cartão de crédito,1200,0.05,2400,120.0,2280.0,Eletrônicos
2025-12-14 22:07:44,12890,337,Impressora,Nordeste,3,Cartão de débito,900,0.09,2700,243.0,2457.0,Eletrônicos
2025-01-09 02:09:16,12891,599,Impressora,Centro-Oeste,5,Boleto,900,0.09,4500,405.0,4095.0,Eletrônicos
2025-12-29 20:09:39,12892,142,Notebook,Norte,3,Boleto,3500,0.09,10500,945.0,9555.0,Eletrônicos
2025-05-23 05:55:37,12893,317,Mouse,Sudeste,5,Cartão de crédito,120,0.08,600,48.0,552.0,Periféricos
2025-08-22 13:38:32,12894,711,Tablet,Centro-Oeste,4,Boleto,1500,0.02,6000,120.0,5880.0,Eletrônicos
2025-12-07 19:34:53,12895,558,Celular,Sul,5,Cartão de crédito,2200,0.03,11000,330.0,10670.0,Eletrônicos
2025-03-14 16:03:22,12896,800,Impressora,Nordeste,3,Cartão de crédito,900,0.12,2700,324.0,2376.0,Eletrônicos
2025-10-28 00:12:54,12897,527,Notebook,Norte,2,Cartão de débito,3500,0.08,7000,560.0,6440.0,Eletrônicos
2025-03-13 02:28:46,12898,556,Notebook,Sudeste,5,Cartão de débito,3500,0.11,17500,1925.0,15575.0,Eletrônicos
2025-01-03 00:40:11,12899,401,Cadeira,Sul,3,Pix,850,0.09,2550,229.5,2320.5,Móveis
2025-03-29 00:50:17,12900,681,Mouse,Centro-Oeste,4,Cartão de crédito,120,0.01,480,4.8,475.2,Periféricos
2025-05-25 11:06:14,12901,310,Headset,Nordeste,5,Cartão de débito,300,0.12,1500,180.0,1320.0,Periféticos
2025-03-27 19:03:40,12902,495,Tablet,Centro-Oeste,4,Cartão de crédito,1500,0.01,6000,60.0,5940.0,Eletrônicos
2025-09-01 11:06:06,12903,556,Cadeira,Centro-Oeste,4,Cartão de crédito,850,0.14,3400,476.00000000000006,2924.0,Móveis
2025-10-22 08:20:22,12904,610,Impressora,Sudeste,1,Cartão de crédito,900,0.03,900,27.0,873.0,Eletrônicos
2025-11-05 23:43:58,12905,773,Tablet,Sul,5,Cartão de débito,1500,0.08,7500,600.0,6900.0,Eletrônicos
2025-09-22 04:21:11,12906,109,Monitor,Norte,3,Cartão de crédito,1200,0.01,3600,36.0,3564.0,Eletrônicos
2025-08-04 23:29:52,12907,795,Mouse,Sudeste,5,Cartão de crédito,120,0.13,600,78.0,522.0,Periféricos
2025-08-28 05:12:09,12908,372,Impressora,Nordeste,5,Pix,900,0.15,4500,675.0,3825.0,Eletrônicos
2025-10-03 10:36:44,12909,855,Notebook,Centro-Oeste,4,Cartão de crédito,3500,0.02,14000,280.0,13720.0,Eletrônicos
2025-11-23 05:42:01,12910,616,Impressora,Nordeste,4,Pix,900,0.04,3600,144.0,3456.0,Eletrônicos
2025-07-03 10:19:35,12911,768,Mesa,Sudeste,4,Cartão de crédito,1100,0.0,4400,0.0,4400.0,Móveis
2025-04-09 21:24:51,12912,891,Teclado,Sudeste,4,Pix,250,0.12,1000,120.0,880.0,Periféricos
2025-05-12 20:28:03,12913,206,Teclado,Norte,3,Cartão de débito,250,0.05,750,37.5,712.5,Periféricos
2025-12-14 03:13:07,12914,847,Impressora,Centro-Oeste,2,Cartão de débito,900,0.09,1800,162.0,1638.0,Eletrônicos
2025-02-24 18:05:41,12915,43,Mesa,Sudeste,1,Boleto,1100,0.01,1100,11.0,1089.0,Móveis
2025-03-06 20:58:46,12916,865,Impressora,Nordeste,4,Cartão de crédito,900,0.11,3600,396.0,3204.0,Eletrônicos
2025-06-11 11:47:01,12917,245,Teclado,Norte,4,Boleto,250,0.08,1000,80.0,920.0,Periféricos
2025-06-16 14:32:32,12918,287,Cadeira,Nordeste,1,Boleto,850,0.11,850,93.5,756.5,Móveis
2025-11-11 06:39:39,12919,355,Monitor,Centro-Oeste,4,Pix,1200,0.12,4800,576.0,4224.0,Eletrônicos
2025-08-05 05:47:35,12920,785,Teclado,Norte,2,Cartão de débito,250,0.01,500,5.0,495.0,Periféricos
2025-06-02 04:44:28,12921,476,Monitor,Norte,5,Cartão de crédito,1200,0.09,6000,540.0,5460.0,Eletrônicos
2025-01-17 20:17:45,12922,83,Notebook,Norte,1,Cartão de crédito,3500,0.1,3500,350.0,3150.0,Eletrônicos
2025-05-26 14:50:22,12923,110,Monitor,Sul,3,Pix,1200,0.08,3600,288.0,3312.0,Eletrônicos
2025-10-30 18:39:54,12924,950,Cadeira,Norte,1,Boleto,850,0.03,850,25.5,824.5,Móveis
2025-05-09 10:50:52,12925,190,Mesa,Nordeste,2,Pix,1100,0.12,2200,264.0,1936.0,Móveis
2025-01-03 10:50:30,12926,983,Monitor,Nordeste,3,Boleto,1200,0.15,3600,540.0,3060.0,Eletrônicos
2025-09-15 03:16:37,12927,800,Tablet,Centro-Oeste,5,Cartão de crédito,1500,0.15,7500,1125.0,6375.0,Eletrônicos
2025-11-29 12:07:17,12928,936,Headset,Sudeste,4,Pix,300,0.12,1200,144.0,1056.0,Periféticos
2025-03-11 07:03:49,12929,909,Teclado,Sudeste,1,Boleto,250,0.06,250,15.0,235.0,Periféricos
2025-03-17 10:10:16,12930,251,Mesa,Sul,3,Pix,1100,0.05,3300,165.0,3135.0,Móveis
2025-08-21 17:04:25,12931,724,Celular,Norte,1,Cartão de débito,2200,0.01,2200,22.0,2178.0,Eletrônicos
2025-02-25 01:06:16,12932,291,Notebook,Sul,5,Pix,3500,0.06,17500,1050.0,16450.0,Eletrônicos
2025-10-25 07:30:22,12933,645,Headset,Centro-Oeste,1,Cartão de crédito,300,0.02,300,6.0,294.0,Periféticos
2025-03-21 20:01:13,12934,201,Tablet,Centro-Oeste,3,Pix,1500,0.04,4500,180.0,4320.0,Eletrônicos
2025-05-25 01:58:47,12935,797,Mouse,Sudeste,2,Cartão de crédito,120,0.13,240,31.200000000000003,208.8,Periféricos
2025-08-26 12:56:25,12936,326,Cadeira,Centro-Oeste,3,Cartão de crédito,850,0.15,2550,382.5,2167.5,Móveis
2025-03-11 11:18:16,12937,511,Impressora,Norte,1,Pix,900,0.14,900,126.00000000000001,774.0,Eletrônicos
2025-07-15 01:16:44,12938,409,Headset,Nordeste,5,Pix,300,0.03,1500,45.0,1455.0,Periféticos
2025-03-20 19:43:03,12939,607,Mesa,Centro-Oeste,4,Pix,1100,0.14,4400,616.0000000000001,3784.0,Móveis
2025-08-03 17:36:23,12940,790,Mesa,Sul,4,Cartão de débito,1100,0.02,4400,88.0,4312.0,Móveis
2025-04-03 09:43:43,12941,962,Mesa,Norte,5,Cartão de débito,1100,0.08,5500,440.0,5060.0,Móveis
2025-04-07 21:54:56,12942,941,Notebook,Centro-Oeste,1,Boleto,3500,0.1,3500,350.0,3150.0,Eletrônicos
2025-05-05 01:19:21,12943,837,Monitor,Centro-Oeste,5,Pix,1200,0.07,6000,420.00000000000006,5580.0,Eletrônicos
2025-10-08 14:44:42,12944,508,Teclado,Norte,1,Boleto,250,0.14,250,35.0,215.0,Periféricos
2025-12-19 08:19:48,12945,731,Mouse,Centro-Oeste,3,Boleto,120,0.05,360,18.0,342.0,Periféricos
2025-09-15 18:32:35,12946,601,Impressora,Nordeste,2,Cartão de crédito,900,0.08,1800,144.0,1656.0,Eletrônicos
2025-03-10 00:43:29,12947,72,Mesa,Sudeste,1,Boleto,1100,0.01,1100,11.0,1089.0,Móveis
2025-09-26 05:09:43,12948,247,Impressora,Norte,4,Pix,900,0.13,3600,468.0,3132.0,Eletrônicos
2025-04-25 10:10:26,12949,641,Celular,Sul,4,Cartão de débito,2200,0.06,8800,528.0,8272.0,Eletrônicos
2025-04-03 14:56:59,12950,724,Notebook,Centro-Oeste,2,Boleto,3500,0.11,7000,770.0,6230.0,Eletrônicos
2025-06-23 08:37:29,12951,940,Mesa,Sudeste,1,Boleto,1100,0.1,1100,110.0,990.0,Móveis
2025-08-29 17:18:16,12952,855,Celular,Sul,2,Cartão de débito,2200,0.1,4400,440.0,3960.0,Eletrônicos
2025-03-30 17:57:37,12953,608,Mouse,Sul,3,Boleto,120,0.08,360,28.8,331.2,Periféricos
2025-02-21 06:11:30,12954,587,Mouse,Nordeste,2,Pix,120,0.04,240,9.6,230.4,Periféricos
2025-11-28 15:47:47,12955,935,Teclado,Sudeste,3,Boleto,250,0.09,750,67.5,682.5,Periféricos
2025-03-04 22:57:13,12956,566,Tablet,Norte,4,Cartão de crédito,1500,0.14,6000,840.0000000000001,5160.0,Eletrônicos
2025-11-17 21:19:28,12957,344,Teclado,Sudeste,3,Boleto,250,0.13,750,97.5,652.5,Periféricos
2025-04-13 21:23:02,12958,971,Monitor,Sudeste,1,Cartão de crédito,1200,0.02,1200,24.0,1176.0,Eletrônicos
2025-02-03 08:29:37,12959,925,Impressora,Sul,1,Cartão de débito,900,0.0,900,0.0,900.0,Eletrônicos
2025-08-14 23:56:52,12960,54,Cadeira,Nordeste,1,Cartão de débito,850,0.07,850,59.50000000000001,790.5,Móveis
2025-07-16 10:34:22,12961,730,Mouse,Nordeste,1,Boleto,120,0.12,120,14.399999999999999,105.6,Periféricos
2025-02-12 18:42:56,12962,528,Cadeira,Sudeste,5,Boleto,850,0.05,4250,212.5,4037.5,Móveis
2025-05-05 05:06:42,12963,611,Notebook,Sudeste,3,Cartão de débito,3500,0.11,10500,1155.0,9345.0,Eletrônicos
2025-04-14 00:08:11,12964,532,Headset,Centro-Oeste,1,Cartão de crédito,300,0.14,300,42.00000000000001,258.0,Periféticos
2025-06-20 02:41:37,12965,558,Mesa,Sul,2,Cartão de débito,1100,0.07,2200,154.00000000000003,2046.0,Móveis
2025-07-25 21:33:20,12966,963,Notebook,Norte,2,Cartão de débito,3500,0.04,7000,280.0,6720.0,Eletrônicos
2025-10-16 10:24:54,12967,193,Mouse,Norte,5,Cartão de crédito,120,0.14,600,84.00000000000001,516.0,Periféricos
2025-07-24 05:09:40,12968,895,Celular,Nordeste,3,Cartão de débito,2200,0.07,6600,462.00000000000006,6138.0,Eletrônicos
2025-04-08 15:48:32,12969,58,Impressora,Sul,3,Boleto,900,0.06,2700,162.0,2538.0,Eletrônicos
2025-11-23 15:28:21,12970,437,Cadeira,Nordeste,3,Boleto,850,0.05,2550,127.5,2422.5,Móveis
2025-01-10 23:54:23,12971,111,Teclado,Norte,5,Cartão de débito,250,0.06,1250,75.0,1175.0,Periféricos
2025-03-08 22:26:22,12972,129,Headset,Sudeste,3,Boleto,300,0.1,900,90.0,810.0,Periféticos
2025-07-03 02:46:58,12973,849,Tablet,Sul,3,Pix,1500,0.07,4500,315.00000000000006,4185.0,Eletrônicos
2025-10-02 23:23:07,12974,706,Notebook,Sul,1,Cartão de débito,3500,0.05,3500,175.0,3325.0,Eletrônicos
2025-06-02 04:06:30,12975,925,Tablet,Centro-Oeste,3,Pix,1500,0.11,4500,495.0,4005.0,Eletrônicos
2025-09-13 22:09:14,12976,852,Cadeira,Sudeste,1,Cartão de débito,850,0.03,850,25.5,824.5,Móveis
2025-09-25 16:04:25,12977,326,Cadeira,Sudeste,1,Cartão de débito,850,0.03,850,25.5,824.5,Móveis
2025-12-09 04:44:56,12978,8,Mesa,Nordeste,3,Pix,1100,0.1,3300,330.0,2970.0,Móveis
2025-01-14 23:14:21,12979,29,Celular,Sul,2,Cartão de débito,2200,0.13,4400,572.0,3828.0,Eletrônicos
2025-12-15 17:47:56,12980,112,Celular,Nordeste,4,Boleto,2200,0.04,8800,352.0,8448.0,Eletrônicos
2025-02-06 02:33:32,12981,947,Monitor,Sudeste,2,Pix,1200,0.03,2400,72.0,2328.0,Eletrônicos
2025-07-07 06:20:40,12982,673,Teclado,Centro-Oeste,3,Cartão de débito,250,0.1,750,75.0,675.0,Periféricos
2025-08-16 15:23:41,12983,131,Mouse,Sul,3,Boleto,120,0.09,360,32.4,327.6,Periféricos
2025-02-27 03:16:40,12984,188,Mouse,Sudeste,2,Pix,120,0.07,240,16.8,223.2,Periféricos
2025-06-19 12:54:25,12985,675,Cadeira,Centro-Oeste,3,Pix,850,0.01,2550,25.5,2524.5,Móveis
2025-02-24 19:38:39,12986,709,Notebook,Norte,1,Boleto,3500,0.01,3500,35.0,3465.0,Eletrônicos
2025-06-30 07:28:34,12987,475,Impressora,Sudeste,5,Cartão de débito,900,0.12,4500,540.0,3960.0,Eletrônicos
2025-06-13 21:22:14,12988,364,Mouse,Norte,3,Cartão de débito,120,0.07,360,25.200000000000003,334.8,Periféricos
2025-07-17 03:54:57,12989,204,Mouse,Nordeste,3,Pix,120,0.13,360,46.800000000000004,313.2,Periféricos
2025-10-20 08:37:22,12990,212,Notebook,Norte,2,Cartão de crédito,3500,0.09,7000,630.0,6370.0,Eletrônicos
2025-09-17 08:04:57,12991,621,Teclado,Sudeste,1,Cartão de débito,250,0.09,250,22.5,227.5,Periféricos
2025-11-11 09:33:41,12992,276,Headset,Norte,2,Cartão de débito,300,0.14,600,84.00000000000001,516.0,Periféticos
2025-01-24 18:46:20,12993,73,Celular,Sul,2,Boleto,2200,0.02,4400,88.0,4312.0,Eletrônicos
2025-11-28 02:00:06,12994,679,Mesa,Sudeste,3,Cartão de crédito,1100,0.08,3300,264.0,3036.0,Móveis
2025-10-14 16:07:04,12995,772,Mesa,Centro-Oeste,1,Cartão de crédito,1100,0.01,1100,11.0,1089.0,Móveis
2025-09-03 09:03:44,12996,243,Mesa,Norte,3,Pix,1100,0.05,3300,165.0,3135.0,Móveis
2025-01-10 17:56:26,12997,787,Notebook,Sul,3,Boleto,3500,0.02,10500,210.0,10290.0,Eletrônicos
2025-12-09 01:20:38,12998,102,Mesa,Nordeste,3,Boleto,1100,0.03,3300,99.0,3201.0,Móveis
2025-09-14 03:12:23,12999,987,Cadeira,Nordeste,3,Cartão de débito,850,0.14,2550,357.00000000000006,2193.0,Móveis
2025-06-18 17:32:43,13000,685,Monitor,Norte,5,Pix,1200,0.09,6000,540.0,5460.0,Eletrônicos
2025-11-05 13:18:37,13001,171,Notebook,Nordeste,4,Cartão de débito,3500,0.13,14000,1820.0,12180.0,Eletrônicos
2025-05-07 14:52:02,13002,653,Notebook,Centro-Oeste,1,Cartão de crédito,3500,0.07,3500,245.00000000000003,3255.0,Eletrônicos
2025-03-24 08:45:55,13003,909,Celular,Sudeste,5,Boleto,2200,0.09,11000,990.0,10010.0,Eletrônicos
2025-10-05 19:43:21,13004,188,Mesa,Sul,4,Pix,1100,0.0,4400,0.0,4400.0,Móveis
2025-03-06 02:35:17,13005,441,Tablet,Norte,4,Cartão de débito,1500,0.07,6000,420.00000000000006,5580.0,Eletrônicos
2025-01-14 00:28:25,13006,86,Headset,Nordeste,4,Cartão de débito,300,0.08,1200,96.0,1104.0,Periféticos
2025-12-19 07:28:31,13007,476,Monitor,Sudeste,5,Cartão de crédito,1200,0.0,6000,0.0,6000.0,Eletrônicos
2025-02-05 22:45:58,13008,52,Notebook,Centro-Oeste,1,Boleto,3500,0.12,3500,420.0,3080.0,Eletrônicos
2025-12-14 20:37:00,13009,111,Monitor,Nordeste,2,Cartão de crédito,1200,0.04,2400,96.0,2304.0,Eletrônicos
2025-03-06 08:14:37,13010,949,Notebook,Nordeste,4,Cartão de débito,3500,0.07,14000,980.0000000000001,13020.0,Eletrônicos
2025-12-19 02:17:07,13011,877,Teclado,Sul,2,Boleto,250,0.08,500,40.0,460.0,Periféricos
2025-08-20 21:21:40,13012,854,Celular,Centro-Oeste,2,Boleto,2200,0.15,4400,660.0,3740.0,Eletrônicos
2025-06-27 06:14:56,13013,43,Cadeira,Centro-Oeste,3,Cartão de crédito,850,0.01,2550,25.5,2524.5,Móveis
2025-04-10 10:57:39,13014,211,Teclado,Norte,2,Boleto,250,0.08,500,40.0,460.0,Periféricos
2025-08-06 02:25:06,13015,968,Impressora,Sul,3,Cartão de crédito,900,0.08,2700,216.0,2484.0,Eletrônicos
2025-05-17 17:22:16,13016,200,Mesa,Norte,1,Boleto,1100,0.01,1100,11.0,1089.0,Móveis
2025-06-02 01:36:07,13017,810,Impressora,Sul,1,Boleto,900,0.1,900,90.0,810.0,Eletrônicos
2025-01-05 16:02:02,13018,858,Headset,Centro-Oeste,3,Pix,300,0.04,900,36.0,864.0,Periféticos
2025-06-20 16:41:12,13019,752,Tablet,Sul,1,Boleto,1500,0.02,1500,30.0,1470.0,Eletrônicos
2025-12-11 04:27:47,13020,627,Cadeira,Sul,4,Cartão de débito,850,0.03,3400,102.0,3298.0,Móveis
2025-09-02 01:46:52,13021,26,Teclado,Sul,1,Pix,250,0.12,250,30.0,220.0,Periféricos
2025-06-20 17:51:44,13022,919,Monitor,Sudeste,3,Cartão de crédito,1200,0.02,3600,72.0,3528.0,Eletrônicos
2025-07-05 19:44:59,13023,299,Monitor,Sudeste,4,Cartão de débito,1200,0.07,4800,336.00000000000006,4464.0,Eletrônicos
2025-09-12 03:31:13,13024,77,Headset,Centro-Oeste,2,Cartão de crédito,300,0.03,600,18.0,582.0,Periféticos
2025-10-03 09:36:59,13025,924,Notebook,Sul,2,Cartão de crédito,3500,0.02,7000,140.0,6860.0,Eletrônicos
2025-06-23 01:36:04,13026,137,Monitor,Centro-Oeste,2,Cartão de débito,1200,0.03,2400,72.0,2328.0,Eletrônicos
2025-12-22 09:47:06,13027,20,Mesa,Sudeste,3,Cartão de crédito,1100,0.07,3300,231.00000000000003,3069.0,Móveis
2025-02-17 04:41:56,13028,440,Tablet,Sul,2,Pix,1500,0.04,3000,120.0,2880.0,Eletrônicos
2025-10-02 12:31:03,13029,211,Celular,Norte,1,Cartão de débito,2200,0.01,2200,22.0,2178.0,Eletrônicos
2025-09-10 11:35:01,13030,752,Mesa,Sudeste,2,Cartão de crédito,1100,0.12,2200,264.0,1936.0,Móveis
2025-12-08 17:35:03,13031,551,Tablet,Sudeste,5,Cartão de crédito,1500,0.08,7500,600.0,6900.0,Eletrônicos
2025-05-02 06:52:33,13032,435,Headset,Sudeste,5,Boleto,300,0.02,1500,30.0,1470.0,Periféticos
2025-01-23 02:13:22,13033,780,Mesa,Sul,2,Boleto,1100,0.07,2200,154.00000000000003,2046.0,Móveis
2025-03-26 21:28:21,13034,207,Celular,Nordeste,2,Cartão de crédito,2200,0.01,4400,44.0,4356.0,Eletrônicos
2025-08-01 02:21:31,13035,991,Celular,Norte,5,Cartão de débito,2200,0.09,11000,990.0,10010.0,Eletrônicos
2025-07-19 21:32:44,13036,439,Mouse,Norte,2,Pix,120,0.05,240,12.0,228.0,Periféricos
2025-07-05 14:24:57,13037,974,Notebook,Centro-Oeste,4,Cartão de crédito,3500,0.02,14000,280.0,13720.0,Eletrônicos
2025-08-31 10:22:58,13038,779,Headset,Sul,5,Cartão de crédito,300,0.03,1500,45.0,1455.0,Periféticos
2025-05-21 10:11:33,13039,666,Mesa,Sudeste,3,Cartão de crédito,1100,0.05,3300,165.0,3135.0,Móveis
2025-09-27 15:37:41,13040,42,Cadeira,Nordeste,5,Boleto,850,0.12,4250,510.0,3740.0,Móveis
2025-09-29 14:38:57,13041,411,Cadeira,Sul,1,Cartão de débito,850,0.03,850,25.5,824.5,Móveis
2025-04-08 00:39:50,13042,523,Headset,Sul,4,Cartão de crédito,300,0.02,1200,24.0,1176.0,Periféticos
2025-06-22 19:31:55,13043,806,Mesa,Nordeste,3,Boleto,1100,0.08,3300,264.0,3036.0,Móveis
2025-10-05 20:09:37,13044,610,Teclado,Sudeste,2,Cartão de crédito,250,0.08,500,40.0,460.0,Periféricos
2025-06-27 10:18:13,13045,427,Teclado,Sul,1,Cartão de crédito,250,0.01,250,2.5,247.5,Periféricos
2025-06-03 21:34:08,13046,275,Notebook,Norte,1,Cartão de débito,3500,0.04,3500,140.0,3360.0,Eletrônicos
2025-06-13 16:41:06,13047,448,Mesa,Norte,4,Boleto,1100,0.04,4400,176.0,4224.0,Móveis
2025-07-23 05:10:57,13048,902,Celular,Nordeste,3,Pix,2200,0.03,6600,198.0,6402.0,Eletrônicos
2025-02-21 16:35:34,13049,942,Monitor,Sudeste,1,Cartão de débito,1200,0.05,1200,60.0,1140.0,Eletrônicos
2025-08-01 04:03:41,13050,884,Cadeira,Nordeste,3,Pix,850,0.01,2550,25.5,2524.5,Móveis
2025-09-28 15:36:19,13051,742,Mesa,Sul,3,Boleto,1100,0.1,3300,330.0,2970.0,Móveis
2025-09-29 03:52:39,13052,369,Mesa,Norte,1,Boleto,1100,0.15,1100,165.0,935.0,Móveis
2025-04-27 19:40:05,13053,938,Monitor,Centro-Oeste,3,Pix,1200,0.1,3600,360.0,3240.0,Eletrônicos
2025-05-21 16:11:37,13054,220,Monitor,Nordeste,4,Boleto,1200,0.05,4800,240.0,4560.0,Eletrônicos
2025-08-12 17:02:27,13055,577,Tablet,Centro-Oeste,1,Cartão de débito,1500,0.1,1500,150.0,1350.0,Eletrônicos
2025-02-06 04:49:08,13056,867,Mouse,Centro-Oeste,4,Cartão de crédito,120,0.09,480,43.199999999999996,436.8,Periféricos
2025-06-20 09:41:32,13057,232,Notebook,Norte,4,Pix,3500,0.13,14000,1820.0,12180.0,Eletrônicos
2025-04-17 18:07:24,13058,328,Cadeira,Nordeste,3,Cartão de crédito,850,0.09,2550,229.5,2320.5,Móveis
2025-05-05 12:27:10,13059,443,Monitor,Centro-Oeste,3,Pix,1200,0.1,3600,360.0,3240.0,Eletrônicos
2025-08-29 11:44:46,13060,52,Teclado,Sul,1,Cartão de crédito,250,0.03,250,7.5,242.5,Periféricos
2025-10-07 10:20:40,13061,886,Headset,Sudeste,2,Cartão de crédito,300,0.06,600,36.0,564.0,Periféticos
2025-11-15 21:55:02,13062,943,Teclado,Sudeste,1,Cartão de débito,250,0.05,250,12.5,237.5,Periféricos
2025-08-16 13:23:27,13063,376,Tablet,Norte,4,Cartão de crédito,1500,0.0,6000,0.0,6000.0,Eletrônicos
2025-06-10 10:58:49,13064,263,Tablet,Nordeste,3,Pix,1500,0.05,4500,225.0,4275.0,Eletrônicos
2025-05-26 11:23:41,13065,267,Monitor,Nordeste,4,Cartão de crédito,1200,0.07,4800,336.00000000000006,4464.0,Eletrônicos
2025-02-10 11:16:45,13066,359,Tablet,Sudeste,5,Boleto,1500,0.09,7500,675.0,6825.0,Eletrônicos
2025-09-09 10:56:56,13067,317,Celular,Sul,5,Cartão de crédito,2200,0.14,11000,1540.0000000000002,9460.0,Eletrônicos
2025-03-16 06:20:38,13068,324,Impressora,Sudeste,4,Cartão de crédito,900,0.04,3600,144.0,3456.0,Eletrônicos
2025-11-03 09:08:31,13069,921,Mesa,Sudeste,2,Boleto,1100,0.02,2200,44.0,2156.0,Móveis
2025-03-03 11:24:59,13070,908,Mesa,Nordeste,2,Boleto,1100,0.13,2200,286.0,1914.0,Móveis
2025-07-09 23:15:28,13071,666,Monitor,Centro-Oeste,1,Pix,1200,0.14,1200,168.00000000000003,1032.0,Eletrônicos
2025-07-17 18:03:59,13072,870,Tablet,Sul,1,Boleto,1500,0.07,1500,105.00000000000001,1395.0,Eletrônicos
2025-02-12 05:09:31,13073,878,Headset,Nordeste,1,Boleto,300,0.02,300,6.0,294.0,Periféticos
2025-08-21 08:08:39,13074,652,Celular,Sudeste,3,Pix,2200,0.07,6600,462.00000000000006,6138.0,Eletrônicos
2025-11-14 12:32:19,13075,939,Notebook,Centro-Oeste,2,Pix,3500,0.02,7000,140.0,6860.0,Eletrônicos
2025-11-02 01:10:26,13076,563,Tablet,Sul,4,Cartão de crédito,1500,0.13,6000,780.0,5220.0,Eletrônicos
2025-09-21 14:30:39,13077,629,Celular,Norte,5,Cartão de débito,2200,0.11,11000,1210.0,9790.0,Eletrônicos
2025-01-14 06:38:36,13078,421,Mouse,Sul,2,Pix,120,0.04,240,9.6,230.4,Periféricos
2025-05-12 07:26:14,13079,46,Notebook,Sul,2,Boleto,3500,0.13,7000,910.0,6090.0,Eletrônicos
2025-02-13 15:59:23,13080,821,Mesa,Sudeste,2,Cartão de crédito,1100,0.1,2200,220.0,1980.0,Móveis
2025-09-27 03:54:26,13081,600,Mouse,Sudeste,1,Boleto,120,0.14,120,16.8,103.2,Periféricos
2025-07-17 18:33:11,13082,720,Monitor,Norte,3,Pix,1200,0.15,3600,540.0,3060.0,Eletrônicos
2025-08-07 19:01:09,13083,889,Cadeira,Norte,4,Cartão de débito,850,0.0,3400,0.0,3400.0,Móveis
2025-01-15 17:08:20,13084,269,Monitor,Norte,1,Cartão de crédito,1200,0.02,1200,24.0,1176.0,Eletrônicos
2025-05-20 10:45:39,13085,601,Headset,Nordeste,3,Pix,300,0.08,900,72.0,828.0,Periféticos
2025-09-12 19:30:47,13086,381,Celular,Nordeste,2,Pix,2200,0.14,4400,616.0000000000001,3784.0,Eletrônicos
2025-05-28 21:04:55,13087,118,Cadeira,Sudeste,3,Boleto,850,0.15,2550,382.5,2167.5,Móveis
2025-02-14 11:20:11,13088,566,Notebook,Sudeste,1,Cartão de débito,3500,0.09,3500,315.0,3185.0,Eletrônicos
2025-03-15 00:50:08,13089,953,Notebook,Norte,2,Pix,3500,0.03,7000,210.0,6790.0,Eletrônicos
2025-10-31 00:34:00,13090,116,Mouse,Nordeste,1,Boleto,120,0.02,120,2.4,117.6,Periféricos
2025-09-23 02:29:40,13091,630,Headset,Centro-Oeste,4,Cartão de crédito,300,0.11,1200,132.0,1068.0,Periféticos
2025-12-14 13:21:23,13092,260,Mesa,Nordeste,2,Boleto,1100,0.09,2200,198.0,2002.0,Móveis
2025-11-15 01:20:05,13093,75,Tablet,Sudeste,3,Cartão de crédito,1500,0.08,4500,360.0,4140.0,Eletrônicos
2025-12-17 07:43:17,13094,480,Tablet,Nordeste,1,Boleto,1500,0.07,1500,105.00000000000001,1395.0,Eletrônicos
2025-06-08 10:09:21,13095,305,Cadeira,Sudeste,5,Cartão de débito,850,0.11,4250,467.5,3782.5,Móveis
2025-11-27 16:07:35,13096,7,Headset,Norte,3,Boleto,300,0.13,900,117.0,783.0,Periféticos
2025-09-19 23:51:02,13097,366,Headset,Norte,3,Cartão de débito,300,0.05,900,45.0,855.0,Periféticos
2025-09-22 00:30:23,13098,634,Notebook,Norte,2,Cartão de débito,3500,0.03,7000,210.0,6790.0,Eletrônicos
2025-05-15 21:18:24,13099,523,Mesa,Centro-Oeste,3,Cartão de crédito,1100,0.1,3300,330.0,2970.0,Móveis
2025-12-11 04:32:52,13100,348,Celular,Centro-Oeste,1,Boleto,2200,0.14,2200,308.00000000000006,1892.0,Eletrônicos
2025-10-14 02:08:15,13101,438,Mesa,Sudeste,5,Boleto,1100,0.05,5500,275.0,5225.0,Móveis
2025-12-06 22:33:47,13102,215,Teclado,Sul,4,Boleto,250,0.04,1000,40.0,960.0,Periféricos
2025-02-08 16:17:41,13103,429,Headset,Centro-Oeste,5,Cartão de débito,300,0.03,1500,45.0,1455.0,Periféticos
2025-06-01 19:35:15,13104,791,Monitor,Sudeste,1,Pix,1200,0.04,1200,48.0,1152.0,Eletrônicos
2025-10-07 08:33:37,13105,498,Impressora,Nordeste,2,Boleto,900,0.02,1800,36.0,1764.0,Eletrônicos
2025-01-31 06:36:44,13106,540,Headset,Norte,1,Boleto,300,0.09,300,27.0,273.0,Periféticos
2025-09-02 02:18:53,13107,747,Cadeira,Norte,3,Pix,850,0.04,2550,102.0,2448.0,Móveis
2025-01-23 22:37:23,13108,367,Monitor,Norte,2,Cartão de crédito,1200,0.09,2400,216.0,2184.0,Eletrônicos
2025-11-07 20:32:32,13109,313,Cadeira,Sudeste,4,Boleto,850,0.01,3400,34.0,3366.0,Móveis
2025-02-09 12:14:14,13110,538,Mouse,Norte,4,Pix,120,0.02,480,9.6,470.4,Periféricos
2025-09-21 11:13:53,13111,921,Impressora,Centro-Oeste,1,Boleto,900,0.08,900,72.0,828.0,Eletrônicos
2025-10-13 04:30:36,13112,54,Impressora,Nordeste,3,Cartão de débito,900,0.08,2700,216.0,2484.0,Eletrônicos
2025-02-07 20:23:29,13113,541,Notebook,Norte,4,Pix,3500,0.04,14000,560.0,13440.0,Eletrônicos
2025-10-21 18:20:24,13114,467,Headset,Sudeste,5,Cartão de débito,300,0.12,1500,180.0,1320.0,Periféticos
2025-03-26 18:26:28,13115,865,Notebook,Nordeste,2,Pix,3500,0.03,7000,210.0,6790.0,Eletrônicos
2025-05-08 20:13:53,13116,164,Tablet,Norte,5,Cartão de crédito,1500,0.05,7500,375.0,7125.0,Eletrônicos
2025-12-28 09:50:18,13117,782,Cadeira,Sul,4,Cartão de débito,850,0.08,3400,272.0,3128.0,Móveis
2025-08-21 15:51:20,13118,334,Teclado,Norte,4,Boleto,250,0.13,1000,130.0,870.0,Periféricos
2025-12-11 08:31:04,13119,547,Teclado,Centro-Oeste,1,Pix,250,0.06,250,15.0,235.0,Periféricos
2025-04-06 00:48:00,13120,798,Tablet,Nordeste,1,Boleto,1500,0.06,1500,90.0,1410.0,Eletrônicos
2025-02-11 14:20:58,13121,348,Mouse,Centro-Oeste,2,Cartão de crédito,120,0.09,240,21.599999999999998,218.4,Periféricos
2025-09-05 05:44:34,13122,273,Teclado,Sul,1,Pix,250,0.05,250,12.5,237.5,Periféricos
2025-11-12 23:37:23,13123,963,Cadeira,Sul,3,Cartão de crédito,850,0.11,2550,280.5,2269.5,Móveis
2025-11-08 11:40:45,13124,720,Teclado,Centro-Oeste,2,Pix,250,0.04,500,20.0,480.0,Periféricos
2025-04-04 22:54:14,13125,750,Tablet,Nordeste,3,Cartão de débito,1500,0.12,4500,540.0,3960.0,Eletrônicos
2025-08-31 22:26:33,13126,414,Monitor,Sul,1,Boleto,1200,0.04,1200,48.0,1152.0,Eletrônicos
2025-12-07 05:36:03,13127,500,Notebook,Sul,2,Cartão de débito,3500,0.15,7000,1050.0,5950.0,Eletrônicos
2025-11-02 16:14:09,13128,93,Celular,Norte,4,Cartão de débito,2200,0.05,8800,440.0,8360.0,Eletrônicos
2025-01-03 16:56:22,13129,685,Cadeira,Sudeste,5,Cartão de débito,850,0.13,4250,552.5,3697.5,Móveis
2025-10-02 02:42:13,13130,79,Notebook,Sul,4,Cartão de débito,3500,0.06,14000,840.0,13160.0,Eletrônicos
2025-09-22 22:18:10,13131,622,Impressora,Nordeste,3,Pix,900,0.04,2700,108.0,2592.0,Eletrônicos
2025-09-07 20:12:05,13132,217,Mesa,Nordeste,4,Boleto,1100,0.03,4400,132.0,4268.0,Móveis
2025-08-26 09:58:02,13133,947,Teclado,Norte,4,Pix,250,0.13,1000,130.0,870.0,Periféricos
2025-08-01 12:07:42,13134,358,Teclado,Nordeste,5,Pix,250,0.05,1250,62.5,1187.5,Periféricos
2025-07-22 14:05:47,13135,618,Mouse,Norte,5,Pix,120,0.05,600,30.0,570.0,Periféricos
2025-01-21 18:24:51,13136,507,Notebook,Sul,4,Cartão de débito,3500,0.03,14000,420.0,13580.0,Eletrônicos
2025-09-25 17:10:01,13137,559,Mesa,Sul,5,Cartão de crédito,1100,0.14,5500,770.0000000000001,4730.0,Móveis
2025-02-27 07:34:35,13138,181,Teclado,Sul,4,Cartão de débito,250,0.04,1000,40.0,960.0,Periféricos
2025-02-15 02:56:46,13139,576,Impressora,Sul,2,Pix,900,0.04,1800,72.0,1728.0,Eletrônicos
2025-11-22 18:57:52,13140,246,Mouse,Sudeste,4,Cartão de débito,120,0.14,480,67.2,412.8,Periféricos
2025-12-14 13:03:37,13141,244,Notebook,Sudeste,1,Boleto,3500,0.14,3500,490.00000000000006,3010.0,Eletrônicos
2025-02-03 07:28:37,13142,506,Mouse,Sul,5,Boleto,120,0.04,600,24.0,576.0,Periféricos
2025-09-04 01:13:53,13143,422,Notebook,Nordeste,5,Cartão de débito,3500,0.13,17500,2275.0,15225.0,Eletrônicos
2025-05-27 15:33:00,13144,320,Headset,Norte,3,Cartão de débito,300,0.04,900,36.0,864.0,Periféticos
2025-10-07 12:50:42,13145,87,Headset,Centro-Oeste,3,Cartão de crédito,300,0.01,900,9.0,891.0,Periféticos
2025-05-01 17:40:45,13146,217,Tablet,Norte,1,Cartão de débito,1500,0.12,1500,180.0,1320.0,Eletrônicos
2025-05-28 20:30:15,13147,490,Cadeira,Centro-Oeste,5,Cartão de débito,850,0.12,4250,510.0,3740.0,Móveis
2025-03-03 04:51:53,13148,519,Mouse,Centro-Oeste,5,Cartão de crédito,120,0.04,600,24.0,576.0,Periféricos
2025-02-13 04:59:09,13149,278,Tablet,Sul,3,Cartão de débito,1500,0.01,4500,45.0,4455.0,Eletrônicos
2025-05-13 19:53:49,13150,849,Mouse,Centro-Oeste,3,Cartão de débito,120,0.03,360,10.799999999999999,349.2,Periféricos
2025-03-03 12:52:21,13151,722,Teclado,Sul,4,Cartão de débito,250,0.12,1000,120.0,880.0,Periféricos
2025-02-02 11:06:42,13152,169,Celular,Sudeste,5,Cartão de débito,2200,0.14,11000,1540.0000000000002,9460.0,Eletrônicos
2025-02-18 02:47:43,13153,330,Mouse,Nordeste,5,Cartão de débito,120,0.04,600,24.0,576.0,Periféricos
2025-02-21 22:43:18,13154,650,Teclado,Centro-Oeste,4,Pix,250,0.12,1000,120.0,880.0,Periféricos
2025-11-06 22:39:09,13155,441,Mesa,Nordeste,5,Cartão de débito,1100,0.03,5500,165.0,5335.0,Móveis
2025-05-19 21:42:32,13156,391,Headset,Sul,1,Cartão de crédito,300,0.1,300,30.0,270.0,Periféticos
2025-04-21 03:10:06,13157,496,Tablet,Centro-Oeste,3,Cartão de débito,1500,0.01,4500,45.0,4455.0,Eletrônicos
2025-08-14 19:37:56,13158,381,Celular,Norte,3,Pix,2200,0.09,6600,594.0,6006.0,Eletrônicos
2025-12-28 08:02:42,13159,306,Impressora,Sudeste,3,Cartão de crédito,900,0.04,2700,108.0,2592.0,Eletrônicos
2025-03-23 23:56:49,13160,742,Headset,Sudeste,2,Cartão de crédito,300,0.14,600,84.00000000000001,516.0,Periféticos
2025-09-24 03:09:14,13161,987,Tablet,Centro-Oeste,1,Cartão de débito,1500,0.04,1500,60.0,1440.0,Eletrônicos
2025-08-30 19:29:38,13162,820,Celular,Sudeste,1,Boleto,2200,0.06,2200,132.0,2068.0,Eletrônicos
2025-04-27 19:19:45,13163,673,Impressora,Norte,4,Pix,900,0.13,3600,468.0,3132.0,Eletrônicos
2025-07-28 16:16:13,13164,513,Monitor,Nordeste,2,Boleto,1200,0.07,2400,168.00000000000003,2232.0,Eletrônicos
2025-12-08 00:32:19,13165,748,Teclado,Norte,5,Cartão de débito,250,0.04,1250,50.0,1200.0,Periféricos
2025-05-16 15:44:17,13166,949,Monitor,Sudeste,1,Pix,1200,0.08,1200,96.0,1104.0,Eletrônicos
2025-01-18 06:04:47,13167,188,Teclado,Nordeste,2,Boleto,250,0.13,500,65.0,435.0,Periféricos
2025-06-01 06:43:21,13168,930,Notebook,Norte,2,Pix,3500,0.06,7000,420.0,6580.0,Eletrônicos
2025-04-18 18:36:08,13169,516,Cadeira,Sul,1,Cartão de débito,850,0.02,850,17.0,833.0,Móveis
2025-08-30 03:17:21,13170,913,Celular,Sul,4,Pix,2200,0.06,8800,528.0,8272.0,Eletrônicos
2025-05-19 18:54:52,13171,644,Monitor,Nordeste,2,Cartão de débito,1200,0.14,2400,336.00000000000006,2064.0,Eletrônicos
2025-05-12 05:01:41,13172,427,Cadeira,Nordeste,3,Boleto,850,0.01,2550,25.5,2524.5,Móveis
2025-03-03 00:41:04,13173,502,Celular,Nordeste,2,Pix,2200,0.06,4400,264.0,4136.0,Eletrônicos
2025-02-13 20:29:23,13174,730,Tablet,Sul,5,Cartão de crédito,1500,0.1,7500,750.0,6750.0,Eletrônicos
2025-08-28 00:42:06,13175,260,Notebook,Norte,1,Cartão de débito,3500,0.01,3500,35.0,3465.0,Eletrônicos
2025-05-14 13:37:17,13176,513,Tablet,Nordeste,5,Pix,1500,0.05,7500,375.0,7125.0,Eletrônicos
2025-11-14 10:13:20,13177,71,Teclado,Sul,4,Cartão de crédito,250,0.14,1000,140.0,860.0,Periféricos
2025-08-22 03:54:21,13178,478,Cadeira,Nordeste,3,Cartão de crédito,850,0.0,2550,0.0,2550.0,Móveis
2025-12-14 20:06:13,13179,178,Celular,Nordeste,1,Cartão de crédito,2200,0.11,2200,242.0,1958.0,Eletrônicos
2025-03-02 00:29:33,13180,457,Mouse,Nordeste,2,Cartão de crédito,120,0.13,240,31.200000000000003,208.8,Periféricos
2025-05-28 07:45:00,13181,189,Cadeira,Sul,3,Cartão de débito,850,0.04,2550,102.0,2448.0,Móveis
2025-09-08 02:45:07,13182,291,Mesa,Norte,2,Pix,1100,0.03,2200,66.0,2134.0,Móveis
2025-05-08 13:26:26,13183,520,Impressora,Sul,4,Cartão de crédito,900,0.14,3600,504.00000000000006,3096.0,Eletrônicos
2025-01-12 05:03:36,13184,765,Monitor,Sul,1,Pix,1200,0.11,1200,132.0,1068.0,Eletrônicos
2025-08-31 23:55:49,13185,920,Celular,Nordeste,4,Pix,2200,0.02,8800,176.0,8624.0,Eletrônicos
2025-10-13 18:48:56,13186,979,Headset,Centro-Oeste,4,Boleto,300,0.03,1200,36.0,1164.0,Periféticos
2025-04-22 13:39:24,13187,292,Headset,Centro-Oeste,4,Pix,300,0.09,1200,108.0,1092.0,Periféticos
2025-01-18 05:53:56,13188,946,Impressora,Centro-Oeste,4,Cartão de débito,900,0.06,3600,216.0,3384.0,Eletrônicos
2025-08-16 09:29:05,13189,756,Teclado,Sul,2,Cartão de débito,250,0.08,500,40.0,460.0,Periféricos
2025-10-09 23:19:35,13190,635,Cadeira,Nordeste,5,Cartão de crédito,850,0.14,4250,595.0,3655.0,Móveis
2025-03-25 02:12:36,13191,811,Cadeira,Centro-Oeste,2,Pix,850,0.06,1700,102.0,1598.0,Móveis
2025-04-29 00:46:25,13192,283,Headset,Sudeste,3,Cartão de débito,300,0.13,900,117.0,783.0,Periféticos
2025-10-31 14:35:47,13193,544,Cadeira,Sudeste,4,Cartão de débito,850,0.1,3400,340.0,3060.0,Móveis
2025-04-28 00:11:04,13194,846,Impressora,Sudeste,3,Cartão de débito,900,0.02,2700,54.0,2646.0,Eletrônicos
2025-10-25 16:58:54,13195,377,Cadeira,Norte,2,Cartão de crédito,850,0.11,1700,187.0,1513.0,Móveis
2025-04-19 05:59:31,13196,658,Teclado,Nordeste,4,Cartão de débito,250,0.08,1000,80.0,920.0,Periféricos
2025-04-02 11:40:28,13197,156,Monitor,Sul,2,Pix,1200,0.03,2400,72.0,2328.0,Eletrônicos
2025-05-12 22:59:07,13198,508,Mesa,Sul,4,Cartão de débito,1100,0.04,4400,176.0,4224.0,Móveis
2025-06-13 08:30:03,13199,413,Monitor,Nordeste,2,Cartão de débito,1200,0.08,2400,192.0,2208.0,Eletrônicos
2025-08-31 19:38:07,13200,528,Mesa,Norte,1,Cartão de crédito,1100,0.09,1100,99.0,1001.0,Móveis
2025-08-29 23:21:35,13201,355,Mouse,Nordeste,5,Pix,120,0.15,600,90.0,510.0,Periféricos
2025-05-20 16:54:55,13202,559,Monitor,Norte,5,Cartão de débito,1200,0.13,6000,780.0,5220.0,Eletrônicos
2025-01-27 21:08:43,13203,763,Impressora,Centro-Oeste,4,Pix,900,0.03,3600,108.0,3492.0,Eletrônicos
2025-12-21 08:47:08,13204,187,Notebook,Centro-Oeste,1,Pix,3500,0.12,3500,420.0,3080.0,Eletrônicos
2025-12-03 02:59:42,13205,31,Mouse,Norte,3,Cartão de débito,120,0.0,360,0.0,360.0,Periféricos
2025-11-02 07:31:25,13206,260,Mesa,Nordeste,1,Cartão de crédito,1100,0.02,1100,22.0,1078.0,Móveis
2025-02-24 22:32:51,13207,421,Mesa,Centro-Oeste,4,Pix,1100,0.03,4400,132.0,4268.0,Móveis
2025-04-11 00:02:25,13208,529,Mouse,Nordeste,1,Boleto,120,0.09,120,10.799999999999999,109.2,Periféricos
2025-08-03 12:09:00,13209,551,Mesa,Centro-Oeste,3,Cartão de débito,1100,0.03,3300,99.0,3201.0,Móveis
2025-07-23 22:05:47,13210,304,Celular,Nordeste,4,Pix,2200,0.05,8800,440.0,8360.0,Eletrônicos
2025-01-11 00:10:45,13211,942,Notebook,Nordeste,5,Pix,3500,0.04,17500,700.0,16800.0,Eletrônicos
2025-01-17 12:42:07,13212,986,Impressora,Sudeste,1,Pix,900,0.05,900,45.0,855.0,Eletrônicos
2025-09-11 13:21:32,13213,944,Celular,Norte,5,Cartão de débito,2200,0.14,11000,1540.0000000000002,9460.0,Eletrônicos
2025-04-13 13:01:30,13214,39,Mesa,Sul,5,Boleto,1100,0.15,5500,825.0,4675.0,Móveis
2025-04-30 07:51:25,13215,489,Monitor,Norte,2,Pix,1200,0.1,2400,240.0,2160.0,Eletrônicos
2025-02-19 05:54:09,13216,644,Celular,Nordeste,3,Pix,2200,0.09,6600,594.0,6006.0,Eletrônicos
2025-03-29 16:03:07,13217,542,Monitor,Nordeste,1,Cartão de crédito,1200,0.11,1200,132.0,1068.0,Eletrônicos
2025-09-27 14:09:26,13218,670,Mouse,Norte,5,Cartão de débito,120,0.12,600,72.0,528.0,Periféricos
2025-06-28 07:52:50,13219,278,Cadeira,Nordeste,5,Cartão de débito,850,0.11,4250,467.5,3782.5,Móveis
2025-07-01 08:38:54,13220,203,Tablet,Centro-Oeste,3,Pix,1500,0.01,4500,45.0,4455.0,Eletrônicos
2025-11-28 04:13:38,13221,66,Mesa,Nordeste,5,Cartão de crédito,1100,0.05,5500,275.0,5225.0,Móveis
2025-04-07 11:48:20,13222,108,Tablet,Norte,5,Pix,1500,0.05,7500,375.0,7125.0,Eletrônicos
2025-12-31 01:58:42,13223,268,Notebook,Norte,5,Pix,3500,0.06,17500,1050.0,16450.0,Eletrônicos
2025-08-01 21:09:53,13224,222,Monitor,Norte,5,Cartão de débito,1200,0.05,6000,300.0,5700.0,Eletrônicos
2025-11-28 20:05:29,13225,804,Celular,Sudeste,2,Cartão de crédito,2200,0.12,4400,528.0,3872.0,Eletrônicos
2025-02-10 15:44:24,13226,530,Tablet,Sudeste,2,Pix,1500,0.11,3000,330.0,2670.0,Eletrônicos
2025-06-22 19:22:41,13227,90,Teclado,Sudeste,4,Cartão de débito,250,0.0,1000,0.0,1000.0,Periféricos
2025-01-12 06:19:41,13228,693,Mesa,Sudeste,1,Pix,1100,0.04,1100,44.0,1056.0,Móveis
2025-05-14 03:56:58,13229,255,Tablet,Sudeste,3,Pix,1500,0.09,4500,405.0,4095.0,Eletrônicos
2025-07-31 10:40:49,13230,455,Celular,Sudeste,4,Cartão de crédito,2200,0.02,8800,176.0,8624.0,Eletrônicos
2025-06-03 18:10:04,13231,253,Celular,Sudeste,2,Cartão de crédito,2200,0.01,4400,44.0,4356.0,Eletrônicos
2025-04-25 20:14:22,13232,257,Notebook,Norte,2,Cartão de crédito,3500,0.12,7000,840.0,6160.0,Eletrônicos
2025-01-24 20:42:54,13233,383,Headset,Sul,2,Pix,300,0.07,600,42.00000000000001,558.0,Periféticos
2025-12-20 18:13:28,13234,442,Impressora,Sudeste,4,Boleto,900,0.13,3600,468.0,3132.0,Eletrônicos
2025-02-02 07:05:58,13235,858,Teclado,Norte,2,Cartão de crédito,250,0.12,500,60.0,440.0,Periféricos
2025-08-27 20:42:58,13236,599,Tablet,Sul,4,Boleto,1500,0.13,6000,780.0,5220.0,Eletrônicos
2025-11-25 04:48:08,13237,90,Impressora,Sudeste,2,Boleto,900,0.01,1800,18.0,1782.0,Eletrônicos
2025-03-22 17:56:50,13238,749,Teclado,Sul,5,Boleto,250,0.03,1250,37.5,1212.5,Periféricos
2025-08-03 14:45:40,13239,390,Headset,Sul,5,Cartão de débito,300,0.04,1500,60.0,1440.0,Periféticos
2025-07-28 15:44:08,13240,582,Tablet,Centro-Oeste,1,Pix,1500,0.02,1500,30.0,1470.0,Eletrônicos
2025-03-13 21:11:55,13241,44,Teclado,Nordeste,2,Cartão de crédito,250,0.07,500,35.0,465.0,Periféricos
2025-11-15 03:40:45,13242,712,Impressora,Centro-Oeste,1,Pix,900,0.12,900,108.0,792.0,Eletrônicos
2025-12-29 16:14:42,13243,664,Monitor,Sul,4,Pix,1200,0.14,4800,672.0000000000001,4128.0,Eletrônicos
2025-10-20 20:41:42,13244,598,Celular,Norte,1,Cartão de débito,2200,0.13,2200,286.0,1914.0,Eletrônicos
2025-08-20 17:11:43,13245,19,Cadeira,Sudeste,2,Cartão de débito,850,0.07,1700,119.00000000000001,1581.0,Móveis
2025-07-24 17:02:07,13246,101,Mouse,Nordeste,4,Cartão de débito,120,0.1,480,48.0,432.0,Periféricos
2025-02-12 22:59:44,13247,914,Mesa,Sudeste,4,Pix,1100,0.03,4400,132.0,4268.0,Móveis
2025-03-22 00:21:23,13248,607,Cadeira,Norte,5,Boleto,850,0.06,4250,255.0,3995.0,Móveis
2025-01-19 17:55:15,13249,766,Tablet,Nordeste,4,Pix,1500,0.13,6000,780.0,5220.0,Eletrônicos
2025-08-13 03:52:06,13250,357,Tablet,Centro-Oeste,4,Cartão de débito,1500,0.0,6000,0.0,6000.0,Eletrônicos
2025-04-26 22:18:15,13251,542,Teclado,Sul,1,Pix,250,0.08,250,20.0,230.0,Periféricos
2025-03-15 02:06:08,13252,761,Celular,Norte,4,Cartão de débito,2200,0.13,8800,1144.0,7656.0,Eletrônicos
2025-10-30 09:20:36,13253,938,Headset,Sul,3,Cartão de débito,300,0.02,900,18.0,882.0,Periféticos
2025-10-18 12:41:10,13254,33,Notebook,Sul,5,Cartão de crédito,3500,0.15,17500,2625.0,14875.0,Eletrônicos
2025-04-13 00:53:15,13255,970,Teclado,Sudeste,5,Boleto,250,0.0,1250,0.0,1250.0,Periféricos
2025-03-19 20:27:31,13256,229,Notebook,Norte,4,Cartão de débito,3500,0.13,14000,1820.0,12180.0,Eletrônicos
2025-04-04 08:03:40,13257,524,Mouse,Sul,1,Cartão de crédito,120,0.05,120,6.0,114.0,Periféricos
2025-11-30 11:21:23,13258,630,Impressora,Centro-Oeste,5,Boleto,900,0.02,4500,90.0,4410.0,Eletrônicos
2025-12-29 04:44:19,13259,862,Teclado,Nordeste,5,Cartão de débito,250,0.02,1250,25.0,1225.0,Periféricos
2025-06-29 03:41:47,13260,155,Mouse,Norte,3,Boleto,120,0.11,360,39.6,320.4,Periféricos
2025-08-01 01:23:49,13261,423,Mesa,Sudeste,4,Boleto,1100,0.13,4400,572.0,3828.0,Móveis
2025-07-29 04:47:34,13262,905,Teclado,Norte,5,Pix,250,0.1,1250,125.0,1125.0,Periféricos
2025-10-04 18:15:13,13263,246,Celular,Sudeste,5,Cartão de crédito,2200,0.14,11000,1540.0000000000002,9460.0,Eletrônicos
2025-10-11 20:44:46,13264,405,Celular,Nordeste,5,Boleto,2200,0.13,11000,1430.0,9570.0,Eletrônicos
2025-05-31 16:16:36,13265,844,Tablet,Centro-Oeste,5,Pix,1500,0.0,7500,0.0,7500.0,Eletrônicos
2025-07-08 11:41:39,13266,759,Mesa,Sul,1,Boleto,1100,0.1,1100,110.0,990.0,Móveis
2025-11-13 04:53:18,13267,541,Tablet,Norte,2,Pix,1500,0.05,3000,150.0,2850.0,Eletrônicos
2025-08-11 07:29:01,13268,161,Notebook,Sudeste,3,Cartão de débito,3500,0.07,10500,735.0000000000001,9765.0,Eletrônicos
2025-10-08 06:45:19,13269,747,Cadeira,Nordeste,1,Cartão de débito,850,0.01,850,8.5,841.5,Móveis
2025-12-21 01:29:32,13270,702,Headset,Sul,3,Pix,300,0.04,900,36.0,864.0,Periféticos
2025-05-13 21:53:38,13271,117,Mesa,Nordeste,5,Cartão de débito,1100,0.09,5500,495.0,5005.0,Móveis
2025-01-29 10:14:30,13272,271,Impressora,Centro-Oeste,3,Cartão de débito,900,0.03,2700,81.0,2619.0,Eletrônicos
2025-04-13 18:10:34,13273,770,Headset,Sul,4,Cartão de débito,300,0.1,1200,120.0,1080.0,Periféticos
2025-01-04 08:14:19,13274,692,Headset,Sul,4,Boleto,300,0.14,1200,168.00000000000003,1032.0,Periféticos
2025-09-10 03:32:37,13275,487,Monitor,Sul,2,Pix,1200,0.0,2400,0.0,2400.0,Eletrônicos
2025-12-26 04:14:05,13276,885,Teclado,Sudeste,2,Cartão de crédito,250,0.12,500,60.0,440.0,Periféricos
2025-09-07 03:43:02,13277,172,Impressora,Sul,3,Cartão de crédito,900,0.1,2700,270.0,2430.0,Eletrônicos
2025-12-17 13:13:08,13278,950,Mesa,Nordeste,1,Pix,1100,0.01,1100,11.0,1089.0,Móveis
2025-08-01 01:50:52,13279,274,Tablet,Sudeste,1,Boleto,1500,0.12,1500,180.0,1320.0,Eletrônicos
2025-07-02 22:16:53,13280,259,Notebook,Sul,5,Cartão de débito,3500,0.03,17500,525.0,16975.0,Eletrônicos
2025-05-24 09:40:20,13281,135,Teclado,Nordeste,1,Cartão de débito,250,0.04,250,10.0,240.0,Periféricos
2025-06-10 00:08:29,13282,683,Monitor,Nordeste,2,Boleto,1200,0.01,2400,24.0,2376.0,Eletrônicos
2025-11-14 18:51:34,13283,722,Notebook,Norte,1,Cartão de crédito,3500,0.08,3500,280.0,3220.0,Eletrônicos
2025-04-14 23:15:13,13284,748,Mesa,Nordeste,5,Pix,1100,0.07,5500,385.00000000000006,5115.0,Móveis
2025-02-19 06:35:41,13285,422,Cadeira,Centro-Oeste,4,Pix,850,0.05,3400,170.0,3230.0,Móveis
2025-08-26 16:44:10,13286,421,Headset,Sul,1,Boleto,300,0.03,300,9.0,291.0,Periféticos
2025-08-13 14:20:04,13287,186,Monitor,Sul,1,Cartão de débito,1200,0.13,1200,156.0,1044.0,Eletrônicos
2025-06-27 07:55:33,13288,929,Notebook,Sul,2,Cartão de débito,3500,0.13,7000,910.0,6090.0,Eletrônicos
2025-03-05 09:24:53,13289,364,Tablet,Nordeste,3,Cartão de débito,1500,0.08,4500,360.0,4140.0,Eletrônicos
2025-04-10 10:56:14,13290,955,Monitor,Nordeste,4,Pix,1200,0.04,4800,192.0,4608.0,Eletrônicos
2025-07-19 23:53:56,13291,607,Notebook,Sul,3,Cartão de crédito,3500,0.01,10500,105.0,10395.0,Eletrônicos
2025-05-04 03:33:29,13292,378,Monitor,Sudeste,5,Pix,1200,0.13,6000,780.0,5220.0,Eletrônicos
2025-03-05 23:50:46,13293,523,Tablet,Sudeste,5,Boleto,1500,0.01,7500,75.0,7425.0,Eletrônicos
2025-08-02 14:46:17,13294,580,Tablet,Centro-Oeste,3,Pix,1500,0.0,4500,0.0,4500.0,Eletrônicos
2025-04-20 02:33:27,13295,891,Impressora,Norte,2,Boleto,900,0.07,1800,126.00000000000001,1674.0,Eletrônicos
2025-07-21 19:55:18,13296,722,Celular,Centro-Oeste,2,Pix,2200,0.11,4400,484.0,3916.0,Eletrônicos
2025-03-29 12:35:16,13297,196,Headset,Sul,2,Cartão de crédito,300,0.07,600,42.00000000000001,558.0,Periféticos
2025-07-31 23:35:28,13298,881,Teclado,Sul,4,Boleto,250,0.01,1000,10.0,990.0,Periféricos
2025-06-08 11:18:36,13299,98,Teclado,Sul,5,Cartão de débito,250,0.1,1250,125.0,1125.0,Periféricos
2025-08-03 03:58:12,13300,605,Mesa,Norte,5,Cartão de débito,1100,0.1,5500,550.0,4950.0,Móveis
2025-11-04 03:04:57,13301,984,Mouse,Nordeste,5,Pix,120,0.1,600,60.0,540.0,Periféricos
2025-12-06 08:16:49,13302,22,Mesa,Norte,4,Pix,1100,0.03,4400,132.0,4268.0,Móveis
2025-08-02 16:40:12,13303,450,Mouse,Centro-Oeste,5,Cartão de crédito,120,0.12,600,72.0,528.0,Periféricos
2025-12-21 02:58:28,13304,172,Monitor,Nordeste,3,Cartão de crédito,1200,0.07,3600,252.00000000000003,3348.0,Eletrônicos
2025-06-26 03:53:24,13305,383,Mouse,Nordeste,1,Cartão de débito,120,0.08,120,9.6,110.4,Periféricos
2025-08-20 18:07:13,13306,134,Celular,Centro-Oeste,4,Pix,2200,0.08,8800,704.0,8096.0,Eletrônicos
2025-04-16 05:17:24,13307,426,Celular,Nordeste,1,Boleto,2200,0.04,2200,88.0,2112.0,Eletrônicos
2025-11-17 17:06:52,13308,25,Headset,Sudeste,3,Cartão de crédito,300,0.04,900,36.0,864.0,Periféticos
2025-06-27 12:01:35,13309,503,Notebook,Centro-Oeste,2,Boleto,3500,0.0,7000,0.0,7000.0,Eletrônicos
2025-06-22 22:39:31,13310,185,Teclado,Centro-Oeste,2,Boleto,250,0.06,500,30.0,470.0,Periféricos
2025-07-29 19:56:00,13311,85,Headset,Sudeste,2,Cartão de crédito,300,0.07,600,42.00000000000001,558.0,Periféticos
2025-01-18 22:55:30,13312,567,Celular,Norte,4,Pix,2200,0.11,8800,968.0,7832.0,Eletrônicos
2025-01-12 05:47:28,13313,763,Notebook,Norte,2,Boleto,3500,0.01,7000,70.0,6930.0,Eletrônicos
2025-02-23 21:50:51,13314,144,Mesa,Norte,4,Pix,1100,0.14,4400,616.0000000000001,3784.0,Móveis
2025-09-29 16:08:42,13315,863,Teclado,Nordeste,4,Boleto,250,0.04,1000,40.0,960.0,Periféricos
2025-03-04 06:05:50,13316,910,Impressora,Sudeste,1,Pix,900,0.06,900,54.0,846.0,Eletrônicos
2025-12-22 05:54:28,13317,679,Teclado,Centro-Oeste,2,Pix,250,0.01,500,5.0,495.0,Periféricos
2025-01-31 04:16:51,13318,412,Monitor,Centro-Oeste,5,Pix,1200,0.1,6000,600.0,5400.0,Eletrônicos
2025-01-20 14:23:59,13319,224,Cadeira,Centro-Oeste,2,Pix,850,0.11,1700,187.0,1513.0,Móveis
2025-08-04 08:58:30,13320,220,Teclado,Nordeste,2,Cartão de crédito,250,0.14,500,70.0,430.0,Periféricos
2025-02-09 18:46:12,13321,179,Celular,Nordeste,2,Boleto,2200,0.05,4400,220.0,4180.0,Eletrônicos
2025-07-12 04:29:13,13322,631,Monitor,Norte,5,Pix,1200,0.04,6000,240.0,5760.0,Eletrônicos
2025-04-20 08:25:33,13323,433,Tablet,Nordeste,5,Cartão de débito,1500,0.11,7500,825.0,6675.0,Eletrônicos
2025-03-22 02:11:15,13324,265,Mouse,Norte,4,Boleto,120,0.11,480,52.8,427.2,Periféricos
2025-09-20 17:42:57,13325,954,Mesa,Norte,5,Boleto,1100,0.14,5500,770.0000000000001,4730.0,Móveis
2025-08-05 21:46:27,13326,429,Impressora,Centro-Oeste,4,Pix,900,0.03,3600,108.0,3492.0,Eletrônicos
2025-03-06 03:35:11,13327,662,Mesa,Nordeste,1,Boleto,1100,0.11,1100,121.0,979.0,Móveis
2025-05-29 05:45:31,13328,416,Tablet,Norte,4,Cartão de débito,1500,0.01,6000,60.0,5940.0,Eletrônicos
2025-06-12 17:01:05,13329,453,Cadeira,Sudeste,2,Cartão de débito,850,0.07,1700,119.00000000000001,1581.0,Móveis
2025-12-28 07:12:39,13330,727,Teclado,Sudeste,3,Cartão de débito,250,0.02,750,15.0,735.0,Periféricos
2025-10-26 04:24:02,13331,197,Headset,Nordeste,3,Boleto,300,0.1,900,90.0,810.0,Periféticos
2025-02-14 03:45:44,13332,554,Monitor,Centro-Oeste,2,Boleto,1200,0.09,2400,216.0,2184.0,Eletrônicos
2025-08-22 22:51:08,13333,53,Impressora,Centro-Oeste,4,Pix,900,0.01,3600,36.0,3564.0,Eletrônicos
2025-07-11 10:45:07,13334,480,Tablet,Norte,2,Boleto,1500,0.05,3000,150.0,2850.0,Eletrônicos
2025-01-10 10:57:32,13335,443,Cadeira,Nordeste,5,Boleto,850,0.06,4250,255.0,3995.0,Móveis
2025-11-11 06:09:41,13336,330,Mesa,Sudeste,4,Pix,1100,0.04,4400,176.0,4224.0,Móveis
2025-03-29 22:09:45,13337,251,Tablet,Norte,2,Cartão de débito,1500,0.01,3000,30.0,2970.0,Eletrônicos
2025-07-07 05:39:32,13338,807,Impressora,Norte,5,Pix,900,0.05,4500,225.0,4275.0,Eletrônicos
2025-06-03 23:05:13,13339,890,Impressora,Sul,5,Cartão de crédito,900,0.12,4500,540.0,3960.0,Eletrônicos
2025-03-14 13:28:44,13340,783,Cadeira,Nordeste,4,Boleto,850,0.05,3400,170.0,3230.0,Móveis
2025-01-17 12:41:20,13341,967,Mesa,Norte,1,Boleto,1100,0.05,1100,55.0,1045.0,Móveis
2025-04-20 20:15:36,13342,925,Celular,Sudeste,1,Cartão de crédito,2200,0.14,2200,308.00000000000006,1892.0,Eletrônicos
2025-01-30 04:21:19,13343,123,Impressora,Sul,5,Cartão de crédito,900,0.01,4500,45.0,4455.0,Eletrônicos
2025-10-09 00:45:04,13344,879,Monitor,Sudeste,1,Cartão de crédito,1200,0.12,1200,144.0,1056.0,Eletrônicos
2025-05-02 09:35:51,13345,387,Monitor,Centro-Oeste,5,Pix,1200,0.07,6000,420.00000000000006,5580.0,Eletrônicos
2025-05-25 12:03:20,13346,339,Mouse,Sul,1,Cartão de débito,120,0.14,120,16.8,103.2,Periféricos
2025-09-23 00:17:44,13347,778,Mesa,Sul,5,Pix,1100,0.06,5500,330.0,5170.0,Móveis
2025-02-01 13:13:36,13348,348,Tablet,Norte,5,Cartão de crédito,1500,0.11,7500,825.0,6675.0,Eletrônicos
2025-07-28 13:58:25,13349,29,Monitor,Centro-Oeste,5,Pix,1200,0.01,6000,60.0,5940.0,Eletrônicos
2025-01-06 03:02:19,13350,975,Cadeira,Norte,5,Boleto,850,0.14,4250,595.0,3655.0,Móveis
2025-10-31 10:47:11,13351,35,Tablet,Nordeste,3,Pix,1500,0.05,4500,225.0,4275.0,Eletrônicos
2025-08-21 04:16:28,13352,518,Mesa,Sudeste,1,Cartão de crédito,1100,0.08,1100,88.0,1012.0,Móveis
2025-10-22 19:00:48,13353,396,Cadeira,Sudeste,5,Boleto,850,0.02,4250,85.0,4165.0,Móveis
2025-09-03 06:34:49,13354,623,Teclado,Norte,2,Cartão de débito,250,0.14,500,70.0,430.0,Periféricos
2025-02-01 09:16:33,13355,294,Notebook,Sudeste,4,Pix,3500,0.1,14000,1400.0,12600.0,Eletrônicos
2025-12-23 17:43:21,13356,589,Monitor,Sudeste,2,Pix,1200,0.01,2400,24.0,2376.0,Eletrônicos
2025-06-02 00:51:11,13357,349,Monitor,Nordeste,2,Cartão de crédito,1200,0.02,2400,48.0,2352.0,Eletrônicos
2025-06-15 06:16:27,13358,147,Mouse,Centro-Oeste,3,Cartão de débito,120,0.06,360,21.599999999999998,338.4,Periféricos
2025-01-27 20:12:04,13359,67,Celular,Sul,1,Boleto,2200,0.03,2200,66.0,2134.0,Eletrônicos
2025-08-28 14:07:23,13360,904,Mouse,Norte,3,Cartão de crédito,120,0.05,360,18.0,342.0,Periféricos
2025-08-07 04:15:06,13361,520,Mesa,Norte,1,Cartão de crédito,1100,0.15,1100,165.0,935.0,Móveis
2025-06-12 06:49:26,13362,122,Mouse,Nordeste,5,Pix,120,0.1,600,60.0,540.0,Periféricos
2025-06-04 07:07:13,13363,340,Celular,Nordeste,3,Cartão de débito,2200,0.14,6600,924.0000000000001,5676.0,Eletrônicos
2025-06-25 19:05:43,13364,175,Celular,Sul,4,Cartão de crédito,2200,0.07,8800,616.0000000000001,8184.0,Eletrônicos
2025-08-12 08:03:06,13365,900,Impressora,Centro-Oeste,1,Pix,900,0.11,900,99.0,801.0,Eletrônicos
2025-08-28 04:51:33,13366,691,Impressora,Norte,3,Boleto,900,0.07,2700,189.00000000000003,2511.0,Eletrônicos
2025-07-11 17:47:51,13367,597,Notebook,Nordeste,4,Cartão de crédito,3500,0.05,14000,700.0,13300.0,Eletrônicos
2025-01-20 23:50:08,13368,451,Cadeira,Norte,2,Boleto,850,0.08,1700,136.0,1564.0,Móveis
2025-08-15 14:35:58,13369,557,Teclado,Sudeste,5,Boleto,250,0.06,1250,75.0,1175.0,Periféricos
2025-11-24 00:21:36,13370,136,Celular,Norte,5,Pix,2200,0.15,11000,1650.0,9350.0,Eletrônicos
2025-07-26 09:34:51,13371,855,Teclado,Centro-Oeste,2,Cartão de débito,250,0.07,500,35.0,465.0,Periféricos
2025-09-21 19:41:10,13372,16,Monitor,Centro-Oeste,3,Boleto,1200,0.12,3600,432.0,3168.0,Eletrônicos
2025-05-19 08:16:23,13373,333,Headset,Norte,2,Cartão de crédito,300,0.1,600,60.0,540.0,Periféticos
2025-03-28 01:45:54,13374,195,Notebook,Sudeste,4,Cartão de débito,3500,0.07,14000,980.0000000000001,13020.0,Eletrônicos
2025-07-25 08:26:44,13375,496,Mesa,Centro-Oeste,1,Cartão de débito,1100,0.07,1100,77.00000000000001,1023.0,Móveis
2025-06-02 01:15:11,13376,9,Tablet,Nordeste,3,Pix,1500,0.05,4500,225.0,4275.0,Eletrônicos
2025-07-13 21:12:11,13377,828,Teclado,Norte,1,Cartão de crédito,250,0.02,250,5.0,245.0,Periféricos
2025-08-08 04:38:24,13378,334,Mouse,Sudeste,2,Cartão de crédito,120,0.11,240,26.4,213.6,Periféricos
2025-10-14 23:33:42,13379,333,Celular,Nordeste,5,Pix,2200,0.14,11000,1540.0000000000002,9460.0,Eletrônicos
2025-01-27 20:34:44,13380,327,Teclado,Norte,1,Pix,250,0.03,250,7.5,242.5,Periféricos
2025-02-17 12:20:23,13381,15,Tablet,Sudeste,1,Cartão de débito,1500,0.14,1500,210.00000000000003,1290.0,Eletrônicos
2025-05-10 18:19:56,13382,839,Celular,Nordeste,5,Boleto,2200,0.03,11000,330.0,10670.0,Eletrônicos
2025-12-03 15:07:51,13383,614,Mesa,Centro-Oeste,1,Boleto,1100,0.08,1100,88.0,1012.0,Móveis
2025-11-28 10:03:36,13384,226,Headset,Norte,1,Boleto,300,0.05,300,15.0,285.0,Periféticos
2025-07-19 19:45:26,13385,425,Mouse,Norte,5,Boleto,120,0.02,600,12.0,588.0,Periféricos
2025-09-25 17:36:42,13386,790,Teclado,Centro-Oeste,5,Cartão de crédito,250,0.01,1250,12.5,1237.5,Periféricos
2025-05-19 11:16:16,13387,408,Impressora,Sul,2,Cartão de crédito,900,0.05,1800,90.0,1710.0,Eletrônicos
2025-03-30 01:52:44,13388,113,Notebook,Nordeste,2,Pix,3500,0.01,7000,70.0,6930.0,Eletrônicos
2025-09-19 06:07:46,13389,997,Teclado,Centro-Oeste,1,Pix,250,0.02,250,5.0,245.0,Periféricos
2025-02-16 22:30:47,13390,428,Teclado,Norte,3,Boleto,250,0.02,750,15.0,735.0,Periféricos
2025-07-09 03:34:58,13391,1,Tablet,Nordeste,2,Pix,1500,0.0,3000,0.0,3000.0,Eletrônicos
2025-08-02 13:18:15,13392,266,Tablet,Nordeste,2,Cartão de crédito,1500,0.02,3000,60.0,2940.0,Eletrônicos
2025-08-03 18:59:28,13393,491,Notebook,Sul,3,Boleto,3500,0.09,10500,945.0,9555.0,Eletrônicos
2025-06-17 20:11:48,13394,208,Teclado,Norte,3,Boleto,250,0.12,750,90.0,660.0,Periféricos
2025-02-08 02:48:51,13395,622,Cadeira,Sudeste,5,Cartão de crédito,850,0.03,4250,127.5,4122.5,Móveis
2025-06-05 18:14:44,13396,712,Mesa,Sul,2,Cartão de débito,1100,0.01,2200,22.0,2178.0,Móveis
2025-08-26 18:01:11,13397,952,Tablet,Sul,4,Boleto,1500,0.11,6000,660.0,5340.0,Eletrônicos
2025-03-25 22:56:57,13398,369,Tablet,Sudeste,4,Pix,1500,0.0,6000,0.0,6000.0,Eletrônicos
2025-02-20 04:18:38,13399,985,Cadeira,Sudeste,1,Cartão de débito,850,0.11,850,93.5,756.5,Móveis
2025-12-25 13:55:47,13400,306,Celular,Sul,2,Cartão de crédito,2200,0.02,4400,88.0,4312.0,Eletrônicos
2025-10-23 22:28:26,13401,12,Teclado,Nordeste,4,Cartão de débito,250,0.03,1000,30.0,970.0,Periféricos
2025-04-10 10:02:27,13402,345,Notebook,Centro-Oeste,2,Cartão de débito,3500,0.02,7000,140.0,6860.0,Eletrônicos
2025-03-02 10:46:38,13403,465,Tablet,Centro-Oeste,2,Boleto,1500,0.04,3000,120.0,2880.0,Eletrônicos
2025-08-28 08:58:58,13404,700,Notebook,Sul,4,Cartão de débito,3500,0.12,14000,1680.0,12320.0,Eletrônicos
2025-09-12 13:07:18,13405,666,Notebook,Nordeste,2,Pix,3500,0.02,7000,140.0,6860.0,Eletrônicos
2025-05-09 21:11:14,13406,494,Mesa,Sudeste,3,Boleto,1100,0.15,3300,495.0,2805.0,Móveis
2025-10-01 19:23:07,13407,368,Impressora,Sul,1,Cartão de crédito,900,0.05,900,45.0,855.0,Eletrônicos
2025-06-12 23:50:10,13408,846,Tablet,Norte,5,Pix,1500,0.14,7500,1050.0,6450.0,Eletrônicos
2025-04-22 01:39:54,13409,937,Mouse,Nordeste,4,Boleto,120,0.03,480,14.399999999999999,465.6,Periféricos
2025-10-20 08:13:45,13410,420,Celular,Norte,5,Cartão de débito,2200,0.03,11000,330.0,10670.0,Eletrônicos
2025-08-19 22:28:20,13411,889,Notebook,Norte,1,Pix,3500,0.08,3500,280.0,3220.0,Eletrônicos
2025-05-17 06:11:16,13412,791,Tablet,Sul,3,Boleto,1500,0.01,4500,45.0,4455.0,Eletrônicos
2025-07-21 11:05:01,13413,171,Celular,Nordeste,3,Boleto,2200,0.12,6600,792.0,5808.0,Eletrônicos
2025-04-30 18:35:33,13414,134,Mouse,Norte,3,Cartão de crédito,120,0.07,360,25.200000000000003,334.8,Periféricos
2025-11-23 02:35:11,13415,965,Tablet,Nordeste,3,Boleto,1500,0.1,4500,450.0,4050.0,Eletrônicos
2025-11-05 20:11:51,13416,427,Teclado,Centro-Oeste,4,Cartão de crédito,250,0.03,1000,30.0,970.0,Periféricos
2025-12-26 14:25:03,13417,25,Notebook,Norte,4,Cartão de débito,3500,0.1,14000,1400.0,12600.0,Eletrônicos
2025-05-01 09:25:29,13418,530,Mouse,Norte,2,Boleto,120,0.09,240,21.599999999999998,218.4,Periféricos
2025-09-22 10:57:41,13419,190,Teclado,Nordeste,2,Boleto,250,0.11,500,55.0,445.0,Periféricos
2025-08-12 07:57:34,13420,141,Notebook,Centro-Oeste,1,Cartão de débito,3500,0.04,3500,140.0,3360.0,Eletrônicos
2025-07-21 03:51:59,13421,555,Monitor,Norte,2,Boleto,1200,0.14,2400,336.00000000000006,2064.0,Eletrônicos
2025-12-07 06:30:07,13422,846,Headset,Sul,1,Boleto,300,0.14,300,42.00000000000001,258.0,Periféticos
2025-12-11 02:54:19,13423,796,Cadeira,Nordeste,1,Pix,850,0.13,850,110.5,739.5,Móveis
2025-01-24 00:46:08,13424,658,Notebook,Nordeste,1,Cartão de crédito,3500,0.09,3500,315.0,3185.0,Eletrônicos
2025-11-14 06:21:18,13425,315,Mouse,Norte,3,Boleto,120,0.06,360,21.599999999999998,338.4,Periféricos
2025-03-03 09:19:03,13426,444,Mouse,Centro-Oeste,5,Boleto,120,0.01,600,6.0,594.0,Periféricos
2025-06-28 20:45:51,13427,319,Headset,Norte,5,Cartão de crédito,300,0.14,1500,210.00000000000003,1290.0,Periféticos
2025-03-05 14:59:51,13428,441,Tablet,Sudeste,4,Pix,1500,0.14,6000,840.0000000000001,5160.0,Eletrônicos
2025-12-26 22:40:08,13429,92,Cadeira,Norte,1,Cartão de crédito,850,0.0,850,0.0,850.0,Móveis
2025-12-11 23:18:25,13430,179,Celular,Sudeste,3,Boleto,2200,0.05,6600,330.0,6270.0,Eletrônicos
2025-06-13 10:37:02,13431,56,Notebook,Sul,2,Cartão de débito,3500,0.13,7000,910.0,6090.0,Eletrônicos
2025-05-08 08:54:09,13432,155,Tablet,Nordeste,2,Cartão de débito,1500,0.01,3000,30.0,2970.0,Eletrônicos
2025-05-11 00:03:14,13433,672,Teclado,Nordeste,4,Pix,250,0.03,1000,30.0,970.0,Periféricos
2025-07-28 17:30:24,13434,111,Celular,Centro-Oeste,4,Pix,2200,0.15,8800,1320.0,7480.0,Eletrônicos
2025-09-27 02:32:03,13435,137,Cadeira,Norte,1,Boleto,850,0.13,850,110.5,739.5,Móveis
2025-10-08 06:21:49,13436,232,Tablet,Sul,1,Pix,1500,0.14,1500,210.00000000000003,1290.0,Eletrônicos
2025-05-25 04:46:59,13437,992,Impressora,Sudeste,2,Boleto,900,0.02,1800,36.0,1764.0,Eletrônicos
2025-03-01 11:13:17,13438,468,Celular,Centro-Oeste,2,Cartão de débito,2200,0.03,4400,132.0,4268.0,Eletrônicos
2025-12-02 18:11:52,13439,732,Mesa,Sul,2,Pix,1100,0.09,2200,198.0,2002.0,Móveis
2025-06-13 00:17:44,13440,481,Mesa,Sul,2,Boleto,1100,0.08,2200,176.0,2024.0,Móveis
2025-11-30 03:13:28,13441,68,Notebook,Sudeste,5,Cartão de crédito,3500,0.04,17500,700.0,16800.0,Eletrônicos
2025-12-08 05:49:45,13442,814,Notebook,Sudeste,1,Pix,3500,0.13,3500,455.0,3045.0,Eletrônicos
2025-03-26 03:35:18,13443,249,Notebook,Nordeste,1,Boleto,3500,0.14,3500,490.00000000000006,3010.0,Eletrônicos
2025-05-24 14:22:53,13444,994,Cadeira,Norte,2,Boleto,850,0.04,1700,68.0,1632.0,Móveis
2025-09-15 23:25:50,13445,323,Impressora,Centro-Oeste,3,Cartão de crédito,900,0.02,2700,54.0,2646.0,Eletrônicos
2025-04-05 14:22:01,13446,922,Tablet,Norte,2,Cartão de débito,1500,0.02,3000,60.0,2940.0,Eletrônicos
2025-04-02 10:14:44,13447,904,Teclado,Centro-Oeste,4,Cartão de crédito,250,0.07,1000,70.0,930.0,Periféricos
2025-01-12 14:39:31,13448,518,Monitor,Sul,3,Boleto,1200,0.02,3600,72.0,3528.0,Eletrônicos
2025-07-06 21:18:03,13449,976,Mouse,Sudeste,4,Cartão de crédito,120,0.07,480,33.6,446.4,Periféricos
2025-10-05 16:29:14,13450,792,Teclado,Sudeste,3,Cartão de crédito,250,0.07,750,52.50000000000001,697.5,Periféricos
2025-06-19 09:41:59,13451,432,Tablet,Sul,4,Boleto,1500,0.13,6000,780.0,5220.0,Eletrônicos
2025-08-16 18:05:53,13452,487,Impressora,Sul,2,Cartão de débito,900,0.04,1800,72.0,1728.0,Eletrônicos
2025-01-16 20:41:25,13453,606,Cadeira,Centro-Oeste,2,Cartão de crédito,850,0.08,1700,136.0,1564.0,Móveis
2025-03-23 13:11:40,13454,429,Celular,Sul,3,Cartão de crédito,2200,0.11,6600,726.0,5874.0,Eletrônicos
2025-08-02 15:18:12,13455,269,Teclado,Centro-Oeste,4,Pix,250,0.09,1000,90.0,910.0,Periféricos
2025-11-06 22:15:59,13456,709,Celular,Norte,5,Pix,2200,0.14,11000,1540.0000000000002,9460.0,Eletrônicos
2025-10-20 13:53:34,13457,537,Monitor,Sudeste,3,Boleto,1200,0.09,3600,324.0,3276.0,Eletrônicos
2025-09-13 16:00:15,13458,148,Tablet,Sudeste,3,Boleto,1500,0.14,4500,630.0000000000001,3870.0,Eletrônicos
2025-12-19 01:30:07,13459,118,Impressora,Sudeste,1,Boleto,900,0.04,900,36.0,864.0,Eletrônicos
2025-12-21 04:07:59,13460,850,Tablet,Norte,3,Pix,1500,0.08,4500,360.0,4140.0,Eletrônicos
2025-01-12 08:44:43,13461,367,Mouse,Norte,5,Boleto,120,0.08,600,48.0,552.0,Periféricos
2025-01-20 07:25:21,13462,850,Cadeira,Nordeste,2,Cartão de crédito,850,0.15,1700,255.0,1445.0,Móveis
2025-06-03 21:22:18,13463,66,Mouse,Centro-Oeste,4,Cartão de crédito,120,0.03,480,14.399999999999999,465.6,Periféricos
2025-08-21 07:15:21,13464,970,Tablet,Centro-Oeste,1,Cartão de débito,1500,0.02,1500,30.0,1470.0,Eletrônicos
2025-04-26 19:48:30,13465,813,Mouse,Nordeste,4,Boleto,120,0.09,480,43.199999999999996,436.8,Periféricos
2025-03-13 05:35:12,13466,370,Headset,Sudeste,2,Cartão de crédito,300,0.03,600,18.0,582.0,Periféticos
2025-11-05 15:11:35,13467,175,Tablet,Centro-Oeste,3,Cartão de crédito,1500,0.1,4500,450.0,4050.0,Eletrônicos
2025-08-26 16:38:41,13468,831,Impressora,Centro-Oeste,5,Cartão de débito,900,0.15,4500,675.0,3825.0,Eletrônicos
2025-10-19 13:57:10,13469,588,Teclado,Sudeste,1,Cartão de crédito,250,0.14,250,35.0,215.0,Periféricos
2025-03-04 17:15:52,13470,495,Impressora,Sul,5,Cartão de débito,900,0.03,4500,135.0,4365.0,Eletrônicos
2025-09-05 12:48:24,13471,973,Headset,Sul,5,Cartão de débito,300,0.03,1500,45.0,1455.0,Periféticos
2025-02-19 08:33:43,13472,114,Teclado,Nordeste,5,Pix,250,0.08,1250,100.0,1150.0,Periféricos
2025-04-29 18:38:50,13473,111,Headset,Norte,5,Cartão de crédito,300,0.09,1500,135.0,1365.0,Periféticos
2025-06-09 21:57:33,13474,761,Teclado,Centro-Oeste,2,Pix,250,0.1,500,50.0,450.0,Periféricos
2025-04-05 16:44:43,13475,439,Impressora,Centro-Oeste,5,Cartão de crédito,900,0.11,4500,495.0,4005.0,Eletrônicos
2025-10-18 07:44:57,13476,715,Tablet,Nordeste,5,Pix,1500,0.09,7500,675.0,6825.0,Eletrônicos
2025-06-27 04:43:04,13477,147,Notebook,Nordeste,2,Cartão de débito,3500,0.02,7000,140.0,6860.0,Eletrônicos
2025-10-05 04:14:13,13478,35,Mesa,Centro-Oeste,4,Cartão de débito,1100,0.12,4400,528.0,3872.0,Móveis
2025-01-18 14:06:43,13479,999,Mesa,Sudeste,2,Cartão de débito,1100,0.01,2200,22.0,2178.0,Móveis
2025-11-11 01:19:25,13480,309,Headset,Sudeste,3,Cartão de débito,300,0.0,900,0.0,900.0,Periféticos
2025-11-17 06:14:43,13481,538,Mesa,Norte,2,Cartão de crédito,1100,0.12,2200,264.0,1936.0,Móveis
2025-08-03 10:39:16,13482,750,Impressora,Centro-Oeste,4,Boleto,900,0.08,3600,288.0,3312.0,Eletrônicos
2025-07-24 04:10:19,13483,14,Celular,Centro-Oeste,3,Cartão de crédito,2200,0.1,6600,660.0,5940.0,Eletrônicos
2025-04-18 06:35:11,13484,374,Headset,Centro-Oeste,3,Pix,300,0.06,900,54.0,846.0,Periféticos
2025-07-11 21:33:38,13485,557,Teclado,Centro-Oeste,1,Cartão de crédito,250,0.0,250,0.0,250.0,Periféricos
2025-07-24 10:17:17,13486,428,Cadeira,Nordeste,5,Cartão de crédito,850,0.05,4250,212.5,4037.5,Móveis
2025-09-01 16:46:40,13487,728,Mouse,Sul,3,Pix,120,0.09,360,32.4,327.6,Periféricos
2025-09-15 18:54:47,13488,233,Impressora,Centro-Oeste,3,Cartão de débito,900,0.03,2700,81.0,2619.0,Eletrônicos
2025-01-12 07:53:56,13489,705,Teclado,Sul,4,Pix,250,0.1,1000,100.0,900.0,Periféricos
2025-08-20 11:45:38,13490,563,Celular,Sudeste,3,Pix,2200,0.12,6600,792.0,5808.0,Eletrônicos
2025-06-21 08:21:51,13491,939,Cadeira,Norte,4,Boleto,850,0.07,3400,238.00000000000003,3162.0,Móveis
2025-08-08 20:13:17,13492,887,Mesa,Sudeste,5,Boleto,1100,0.13,5500,715.0,4785.0,Móveis
2025-04-10 04:07:18,13493,726,Celular,Centro-Oeste,1,Cartão de débito,2200,0.13,2200,286.0,1914.0,Eletrônicos
2025-08-01 04:42:14,13494,663,Headset,Sudeste,1,Pix,300,0.13,300,39.0,261.0,Periféticos
2025-05-18 09:59:12,13495,440,Monitor,Nordeste,5,Pix,1200,0.1,6000,600.0,5400.0,Eletrônicos
2025-01-31 18:38:03,13496,502,Monitor,Sul,5,Pix,1200,0.05,6000,300.0,5700.0,Eletrônicos
2025-08-30 19:00:56,13497,275,Mesa,Centro-Oeste,2,Cartão de crédito,1100,0.07,2200,154.00000000000003,2046.0,Móveis
2025-09-04 06:26:54,13498,850,Monitor,Nordeste,3,Boleto,1200,0.11,3600,396.0,3204.0,Eletrônicos
2025-04-22 09:38:25,13499,76,Monitor,Sul,3,Boleto,1200,0.03,3600,108.0,3492.0,Eletrônicos
2025-06-11 23:15:32,13500,439,Teclado,Nordeste,3,Cartão de débito,250,0.11,750,82.5,667.5,Periféricos
2025-09-08 15:15:24,13501,732,Teclado,Sudeste,4,Boleto,250,0.08,1000,80.0,920.0,Periféricos
2025-04-25 23:57:49,13502,860,Mouse,Centro-Oeste,2,Boleto,120,0.01,240,2.4,237.6,Periféricos
2025-04-02 04:58:37,13503,956,Tablet,Sudeste,3,Cartão de débito,1500,0.08,4500,360.0,4140.0,Eletrônicos
2025-10-29 07:06:47,13504,699,Mesa,Norte,4,Pix,1100,0.01,4400,44.0,4356.0,Móveis
2025-10-26 11:31:57,13505,289,Monitor,Centro-Oeste,4,Cartão de crédito,1200,0.0,4800,0.0,4800.0,Eletrônicos
2025-04-06 20:24:07,13506,915,Mouse,Sudeste,1,Cartão de débito,120,0.13,120,15.600000000000001,104.4,Periféricos
2025-06-05 09:07:57,13507,540,Mesa,Centro-Oeste,4,Boleto,1100,0.07,4400,308.00000000000006,4092.0,Móveis
2025-05-30 15:00:22,13508,891,Monitor,Sul,5,Cartão de débito,1200,0.08,6000,480.0,5520.0,Eletrônicos
2025-02-15 02:12:38,13509,692,Impressora,Centro-Oeste,4,Boleto,900,0.04,3600,144.0,3456.0,Eletrônicos
2025-12-14 03:17:51,13510,253,Notebook,Centro-Oeste,5,Pix,3500,0.08,17500,1400.0,16100.0,Eletrônicos
2025-10-04 01:54:18,13511,126,Impressora,Sul,5,Pix,900,0.03,4500,135.0,4365.0,Eletrônicos
2025-10-24 11:49:41,13512,177,Cadeira,Sudeste,1,Pix,850,0.11,850,93.5,756.5,Móveis
2025-06-08 10:38:13,13513,37,Mesa,Centro-Oeste,1,Boleto,1100,0.12,1100,132.0,968.0,Móveis
2025-01-15 15:38:18,13514,410,Tablet,Nordeste,4,Cartão de débito,1500,0.13,6000,780.0,5220.0,Eletrônicos
2025-07-04 05:47:04,13515,611,Cadeira,Centro-Oeste,1,Boleto,850,0.02,850,17.0,833.0,Móveis
2025-01-25 13:02:19,13516,610,Mouse,Sudeste,1,Pix,120,0.08,120,9.6,110.4,Periféricos
2025-07-24 08:53:48,13517,127,Mouse,Sul,3,Pix,120,0.12,360,43.199999999999996,316.8,Periféricos
2025-03-10 19:59:08,13518,483,Monitor,Sudeste,4,Pix,1200,0.02,4800,96.0,4704.0,Eletrônicos
2025-02-07 09:33:05,13519,168,Cadeira,Norte,4,Boleto,850,0.01,3400,34.0,3366.0,Móveis
2025-11-14 05:05:05,13520,592,Monitor,Centro-Oeste,4,Cartão de crédito,1200,0.12,4800,576.0,4224.0,Eletrônicos
2025-12-01 11:44:28,13521,294,Mesa,Centro-Oeste,1,Pix,1100,0.12,1100,132.0,968.0,Móveis
2025-10-06 21:36:20,13522,845,Mouse,Sul,1,Cartão de débito,120,0.07,120,8.4,111.6,Periféricos
2025-12-26 09:37:18,13523,638,Notebook,Centro-Oeste,5,Pix,3500,0.02,17500,350.0,17150.0,Eletrônicos
2025-10-22 22:48:19,13524,343,Mouse,Nordeste,2,Boleto,120,0.08,240,19.2,220.8,Periféricos
2025-09-20 17:38:34,13525,310,Teclado,Nordeste,2,Cartão de débito,250,0.06,500,30.0,470.0,Periféricos
2025-07-28 09:32:33,13526,662,Celular,Sudeste,2,Boleto,2200,0.08,4400,352.0,4048.0,Eletrônicos
2025-05-08 22:44:46,13527,528,Tablet,Sul,3,Cartão de crédito,1500,0.07,4500,315.00000000000006,4185.0,Eletrônicos
2025-07-19 19:00:30,13528,540,Cadeira,Norte,1,Cartão de crédito,850,0.09,850,76.5,773.5,Móveis
2025-10-18 22:32:18,13529,419,Monitor,Sudeste,5,Boleto,1200,0.11,6000,660.0,5340.0,Eletrônicos
2025-04-22 06:45:42,13530,444,Celular,Sul,5,Pix,2200,0.12,11000,1320.0,9680.0,Eletrônicos
2025-08-25 21:29:59,13531,685,Celular,Sul,2,Cartão de débito,2200,0.1,4400,440.0,3960.0,Eletrônicos
2025-11-17 10:32:11,13532,558,Impressora,Sudeste,3,Pix,900,0.03,2700,81.0,2619.0,Eletrônicos
2025-11-07 03:28:12,13533,840,Headset,Sudeste,3,Boleto,300,0.06,900,54.0,846.0,Periféticos
2025-12-23 05:54:29,13534,236,Impressora,Centro-Oeste,2,Boleto,900,0.01,1800,18.0,1782.0,Eletrônicos
2025-06-07 19:34:02,13535,439,Impressora,Norte,2,Pix,900,0.07,1800,126.00000000000001,1674.0,Eletrônicos
2025-01-19 12:25:08,13536,214,Tablet,Nordeste,1,Cartão de débito,1500,0.15,1500,225.0,1275.0,Eletrônicos
2025-08-08 05:33:48,13537,85,Teclado,Centro-Oeste,3,Cartão de débito,250,0.1,750,75.0,675.0,Periféricos
2025-03-03 10:56:32,13538,794,Mouse,Sul,5,Cartão de débito,120,0.02,600,12.0,588.0,Periféricos
2025-01-28 05:50:47,13539,744,Impressora,Norte,2,Cartão de débito,900,0.04,1800,72.0,1728.0,Eletrônicos
2025-05-08 12:45:54,13540,85,Mesa,Norte,1,Cartão de débito,1100,0.01,1100,11.0,1089.0,Móveis
2025-02-03 11:27:58,13541,921,Mouse,Sudeste,5,Cartão de crédito,120,0.03,600,18.0,582.0,Periféricos
2025-08-06 03:28:53,13542,489,Teclado,Norte,3,Cartão de crédito,250,0.07,750,52.50000000000001,697.5,Periféricos
2025-05-06 08:51:30,13543,65,Monitor,Norte,2,Boleto,1200,0.05,2400,120.0,2280.0,Eletrônicos
2025-06-05 16:28:06,13544,646,Headset,Sul,2,Cartão de crédito,300,0.03,600,18.0,582.0,Periféticos
2025-03-10 20:44:12,13545,663,Mouse,Centro-Oeste,1,Cartão de débito,120,0.02,120,2.4,117.6,Periféricos
2025-01-01 08:15:25,13546,627,Cadeira,Norte,1,Cartão de débito,850,0.1,850,85.0,765.0,Móveis
2025-11-01 23:49:58,13547,64,Tablet,Sudeste,3,Cartão de débito,1500,0.08,4500,360.0,4140.0,Eletrônicos
2025-12-08 00:38:03,13548,343,Celular,Centro-Oeste,2,Boleto,2200,0.13,4400,572.0,3828.0,Eletrônicos
2025-06-22 22:25:50,13549,939,Monitor,Sudeste,1,Boleto,1200,0.03,1200,36.0,1164.0,Eletrônicos
2025-04-17 07:15:36,13550,875,Teclado,Norte,2,Pix,250,0.13,500,65.0,435.0,Periféricos
2025-06-14 11:50:23,13551,919,Impressora,Centro-Oeste,3,Cartão de crédito,900,0.09,2700,243.0,2457.0,Eletrônicos
2025-07-24 11:00:52,13552,352,Mesa,Norte,2,Cartão de crédito,1100,0.04,2200,88.0,2112.0,Móveis
2025-07-09 23:23:26,13553,158,Mesa,Sul,5,Pix,1100,0.04,5500,220.0,5280.0,Móveis
2025-08-17 13:49:59,13554,589,Headset,Centro-Oeste,2,Pix,300,0.06,600,36.0,564.0,Periféticos
2025-01-31 19:39:21,13555,491,Teclado,Sudeste,4,Cartão de crédito,250,0.07,1000,70.0,930.0,Periféricos
2025-06-16 18:28:09,13556,658,Monitor,Sul,4,Cartão de débito,1200,0.01,4800,48.0,4752.0,Eletrônicos
2025-03-17 12:22:39,13557,855,Cadeira,Nordeste,3,Cartão de crédito,850,0.13,2550,331.5,2218.5,Móveis
2025-12-18 04:32:07,13558,463,Celular,Sudeste,3,Cartão de débito,2200,0.02,6600,132.0,6468.0,Eletrônicos
2025-08-12 06:24:00,13559,225,Impressora,Norte,3,Boleto,900,0.07,2700,189.00000000000003,2511.0,Eletrônicos
2025-12-31 17:27:07,13560,917,Tablet,Sudeste,5,Cartão de crédito,1500,0.06,7500,450.0,7050.0,Eletrônicos
2025-11-17 16:04:18,13561,313,Notebook,Nordeste,5,Cartão de crédito,3500,0.08,17500,1400.0,16100.0,Eletrônicos
2025-08-10 22:28:19,13562,615,Notebook,Sudeste,2,Boleto,3500,0.13,7000,910.0,6090.0,Eletrônicos
2025-09-27 19:58:31,13563,919,Impressora,Sul,1,Boleto,900,0.15,900,135.0,765.0,Eletrônicos
2025-11-17 19:45:38,13564,859,Monitor,Sudeste,4,Boleto,1200,0.0,4800,0.0,4800.0,Eletrônicos
2025-06-01 22:55:27,13565,813,Impressora,Centro-Oeste,4,Boleto,900,0.06,3600,216.0,3384.0,Eletrônicos
2025-08-28 10:17:35,13566,940,Teclado,Nordeste,4,Boleto,250,0.12,1000,120.0,880.0,Periféricos
2025-06-08 20:56:09,13567,466,Notebook,Sudeste,2,Pix,3500,0.05,7000,350.0,6650.0,Eletrônicos
2025-03-07 03:15:45,13568,88,Headset,Nordeste,2,Pix,300,0.1,600,60.0,540.0,Periféticos
2025-02-15 06:25:46,13569,883,Teclado,Sul,3,Boleto,250,0.15,750,112.5,637.5,Periféricos
2025-11-07 06:19:04,13570,303,Notebook,Centro-Oeste,1,Boleto,3500,0.1,3500,350.0,3150.0,Eletrônicos
2025-01-20 18:10:17,13571,680,Cadeira,Norte,3,Boleto,850,0.02,2550,51.0,2499.0,Móveis
2025-01-08 23:32:36,13572,435,Celular,Sudeste,2,Boleto,2200,0.13,4400,572.0,3828.0,Eletrônicos
2025-11-20 13:17:51,13573,682,Mesa,Sul,5,Cartão de débito,1100,0.14,5500,770.0000000000001,4730.0,Móveis
2025-05-11 03:51:09,13574,135,Teclado,Nordeste,3,Cartão de débito,250,0.11,750,82.5,667.5,Periféricos
2025-11-25 14:34:14,13575,50,Mesa,Nordeste,2,Boleto,1100,0.06,2200,132.0,2068.0,Móveis
2025-10-06 12:55:54,13576,432,Mesa,Sul,2,Boleto,1100,0.14,2200,308.00000000000006,1892.0,Móveis
2025-01-27 02:02:02,13577,340,Notebook,Sudeste,5,Cartão de crédito,3500,0.15,17500,2625.0,14875.0,Eletrônicos
2025-01-20 02:15:29,13578,347,Teclado,Norte,5,Boleto,250,0.14,1250,175.00000000000003,1075.0,Periféricos
2025-07-09 23:54:16,13579,646,Celular,Sudeste,5,Boleto,2200,0.06,11000,660.0,10340.0,Eletrônicos
2025-01-13 22:04:31,13580,347,Cadeira,Centro-Oeste,1,Pix,850,0.12,850,102.0,748.0,Móveis
2025-05-07 08:27:56,13581,649,Mouse,Sudeste,2,Cartão de débito,120,0.1,240,24.0,216.0,Periféricos
2025-02-05 20:59:15,13582,245,Headset,Centro-Oeste,5,Boleto,300,0.03,1500,45.0,1455.0,Periféticos
2025-09-17 23:10:13,13583,109,Mesa,Nordeste,1,Cartão de débito,1100,0.08,1100,88.0,1012.0,Móveis
2025-08-02 15:27:37,13584,825,Celular,Centro-Oeste,4,Cartão de débito,2200,0.11,8800,968.0,7832.0,Eletrônicos
2025-06-07 23:48:41,13585,799,Tablet,Norte,4,Cartão de crédito,1500,0.13,6000,780.0,5220.0,Eletrônicos
2025-07-20 03:47:05,13586,533,Tablet,Sul,4,Cartão de débito,1500,0.13,6000,780.0,5220.0,Eletrônicos
2025-07-21 21:23:01,13587,90,Mouse,Centro-Oeste,2,Cartão de débito,120,0.02,240,4.8,235.2,Periféricos
2025-08-15 10:52:59,13588,296,Mouse,Sudeste,1,Boleto,120,0.07,120,8.4,111.6,Periféricos
2025-06-26 06:53:04,13589,112,Mouse,Centro-Oeste,1,Pix,120,0.07,120,8.4,111.6,Periféricos
2025-06-10 00:33:17,13590,813,Headset,Nordeste,4,Boleto,300,0.13,1200,156.0,1044.0,Periféticos
2025-12-23 07:49:33,13591,589,Headset,Centro-Oeste,3,Boleto,300,0.0,900,0.0,900.0,Periféticos
2025-09-03 23:45:37,13592,177,Cadeira,Norte,4,Pix,850,0.11,3400,374.0,3026.0,Móveis
2025-02-12 22:39:48,13593,343,Mesa,Centro-Oeste,2,Pix,1100,0.09,2200,198.0,2002.0,Móveis
2025-02-07 10:39:52,13594,660,Monitor,Norte,4,Cartão de crédito,1200,0.14,4800,672.0000000000001,4128.0,Eletrônicos
2025-11-20 07:21:55,13595,101,Tablet,Sudeste,4,Pix,1500,0.07,6000,420.00000000000006,5580.0,Eletrônicos
2025-11-26 00:54:34,13596,758,Notebook,Nordeste,1,Boleto,3500,0.1,3500,350.0,3150.0,Eletrônicos
2025-11-08 10:01:51,13597,629,Notebook,Sul,4,Pix,3500,0.15,14000,2100.0,11900.0,Eletrônicos
2025-01-23 09:31:30,13598,604,Mouse,Sudeste,5,Pix,120,0.11,600,66.0,534.0,Periféricos
2025-10-27 21:30:06,13599,401,Impressora,Sudeste,5,Pix,900,0.01,4500,45.0,4455.0,Eletrônicos
2025-02-15 13:41:10,13600,28,Tablet,Sul,3,Cartão de débito,1500,0.03,4500,135.0,4365.0,Eletrônicos
2025-03-19 23:56:53,13601,937,Monitor,Centro-Oeste,2,Cartão de crédito,1200,0.12,2400,288.0,2112.0,Eletrônicos
2025-03-24 01:26:15,13602,962,Monitor,Centro-Oeste,2,Cartão de débito,1200,0.05,2400,120.0,2280.0,Eletrônicos
2025-04-12 21:59:46,13603,537,Notebook,Centro-Oeste,1,Cartão de débito,3500,0.11,3500,385.0,3115.0,Eletrônicos
2025-07-26 03:22:12,13604,58,Impressora,Nordeste,2,Cartão de crédito,900,0.1,1800,180.0,1620.0,Eletrônicos
2025-02-25 18:37:55,13605,498,Monitor,Sudeste,3,Cartão de débito,1200,0.15,3600,540.0,3060.0,Eletrônicos
2025-05-08 10:14:06,13606,297,Tablet,Norte,5,Pix,1500,0.07,7500,525.0,6975.0,Eletrônicos
2025-06-13 22:49:32,13607,134,Mesa,Sul,1,Cartão de crédito,1100,0.11,1100,121.0,979.0,Móveis
2025-05-17 05:09:23,13608,331,Celular,Sudeste,5,Cartão de débito,2200,0.01,11000,110.0,10890.0,Eletrônicos
2025-06-15 02:01:55,13609,249,Impressora,Centro-Oeste,3,Boleto,900,0.07,2700,189.00000000000003,2511.0,Eletrônicos
2025-12-13 02:18:49,13610,550,Monitor,Sul,1,Cartão de débito,1200,0.03,1200,36.0,1164.0,Eletrônicos
2025-06-18 04:24:55,13611,902,Impressora,Norte,4,Boleto,900,0.13,3600,468.0,3132.0,Eletrônicos
2025-11-08 18:18:29,13612,941,Impressora,Sudeste,2,Pix,900,0.13,1800,234.0,1566.0,Eletrônicos
2025-12-20 06:46:58,13613,75,Mesa,Sudeste,3,Boleto,1100,0.04,3300,132.0,3168.0,Móveis
2025-09-07 01:38:33,13614,654,Tablet,Nordeste,1,Cartão de débito,1500,0.05,1500,75.0,1425.0,Eletrônicos
2025-02-14 18:34:12,13615,834,Notebook,Sudeste,5,Cartão de débito,3500,0.11,17500,1925.0,15575.0,Eletrônicos
2025-12-04 15:10:29,13616,168,Mesa,Sudeste,1,Cartão de débito,1100,0.11,1100,121.0,979.0,Móveis
2025-11-13 17:54:28,13617,771,Monitor,Norte,4,Cartão de crédito,1200,0.1,4800,480.0,4320.0,Eletrônicos
2025-04-04 10:47:17,13618,503,Mouse,Norte,3,Cartão de crédito,120,0.15,360,54.0,306.0,Periféricos
2025-01-16 04:39:03,13619,885,Mesa,Sul,1,Cartão de débito,1100,0.13,1100,143.0,957.0,Móveis
2025-11-19 23:55:18,13620,355,Mouse,Centro-Oeste,3,Cartão de débito,120,0.06,360,21.599999999999998,338.4,Periféricos
2025-06-09 23:32:36,13621,225,Teclado,Norte,3,Pix,250,0.05,750,37.5,712.5,Periféricos
2025-10-08 01:28:41,13622,664,Notebook,Sul,5,Cartão de crédito,3500,0.09,17500,1575.0,15925.0,Eletrônicos
2025-04-30 09:30:13,13623,531,Tablet,Sudeste,2,Cartão de crédito,1500,0.12,3000,360.0,2640.0,Eletrônicos
2025-05-21 07:30:53,13624,146,Celular,Sul,4,Cartão de crédito,2200,0.07,8800,616.0000000000001,8184.0,Eletrônicos
2025-07-15 09:16:51,13625,960,Impressora,Sul,1,Boleto,900,0.11,900,99.0,801.0,Eletrônicos
2025-03-23 02:47:23,13626,241,Mouse,Sul,2,Cartão de débito,120,0.0,240,0.0,240.0,Periféricos
2025-09-13 06:05:44,13627,884,Celular,Sul,5,Pix,2200,0.14,11000,1540.0000000000002,9460.0,Eletrônicos
2025-08-30 15:30:52,13628,893,Celular,Norte,2,Pix,2200,0.12,4400,528.0,3872.0,Eletrônicos
2025-12-17 14:43:31,13629,344,Mouse,Centro-Oeste,3,Cartão de débito,120,0.06,360,21.599999999999998,338.4,Periféricos
2025-07-13 08:30:08,13630,749,Celular,Sul,3,Cartão de débito,2200,0.06,6600,396.0,6204.0,Eletrônicos
2025-04-23 13:58:14,13631,35,Impressora,Nordeste,4,Pix,900,0.02,3600,72.0,3528.0,Eletrônicos
2025-12-18 16:45:58,13632,702,Cadeira,Sudeste,1,Boleto,850,0.12,850,102.0,748.0,Móveis
2025-08-08 05:47:47,13633,1,Teclado,Sudeste,1,Pix,250,0.12,250,30.0,220.0,Periféricos
2025-04-25 04:41:00,13634,996,Mouse,Sudeste,5,Boleto,120,0.09,600,54.0,546.0,Periféricos
2025-03-26 12:48:13,13635,153,Impressora,Sudeste,4,Boleto,900,0.02,3600,72.0,3528.0,Eletrônicos
2025-08-20 09:21:06,13636,429,Notebook,Sudeste,1,Cartão de crédito,3500,0.04,3500,140.0,3360.0,Eletrônicos
2025-04-27 23:57:11,13637,945,Mouse,Sul,3,Cartão de débito,120,0.07,360,25.200000000000003,334.8,Periféricos
2025-05-08 23:55:16,13638,508,Impressora,Centro-Oeste,4,Cartão de crédito,900,0.04,3600,144.0,3456.0,Eletrônicos
2025-04-03 09:37:19,13639,126,Impressora,Nordeste,2,Boleto,900,0.07,1800,126.00000000000001,1674.0,Eletrônicos
2025-11-29 11:59:53,13640,491,Mesa,Norte,4,Pix,1100,0.03,4400,132.0,4268.0,Móveis
2025-12-04 21:14:30,13641,482,Cadeira,Nordeste,4,Cartão de crédito,850,0.05,3400,170.0,3230.0,Móveis
2025-10-24 21:34:59,13642,345,Mouse,Norte,1,Pix,120,0.1,120,12.0,108.0,Periféricos
2025-10-22 17:31:35,13643,912,Tablet,Norte,5,Boleto,1500,0.13,7500,975.0,6525.0,Eletrônicos
2025-04-06 16:49:01,13644,738,Impressora,Nordeste,5,Pix,900,0.06,4500,270.0,4230.0,Eletrônicos
2025-04-21 11:44:23,13645,221,Teclado,Sul,1,Cartão de crédito,250,0.1,250,25.0,225.0,Periféricos
2025-08-17 07:34:57,13646,915,Mesa,Sudeste,1,Boleto,1100,0.02,1100,22.0,1078.0,Móveis
2025-10-07 07:41:17,13647,919,Impressora,Sul,1,Cartão de débito,900,0.08,900,72.0,828.0,Eletrônicos
2025-01-15 23:42:09,13648,723,Mouse,Sudeste,5,Cartão de crédito,120,0.14,600,84.00000000000001,516.0,Periféricos
2025-01-29 23:43:14,13649,25,Monitor,Centro-Oeste,1,Cartão de crédito,1200,0.0,1200,0.0,1200.0,Eletrônicos
2025-07-28 13:41:50,13650,528,Impressora,Norte,2,Cartão de débito,900,0.04,1800,72.0,1728.0,Eletrônicos
2025-12-30 06:33:31,13651,182,Headset,Nordeste,2,Boleto,300,0.02,600,12.0,588.0,Periféticos
2025-08-24 11:21:31,13652,499,Monitor,Centro-Oeste,3,Cartão de débito,1200,0.08,3600,288.0,3312.0,Eletrônicos
2025-03-31 06:07:14,13653,841,Impressora,Sudeste,2,Cartão de crédito,900,0.1,1800,180.0,1620.0,Eletrônicos
2025-10-29 15:37:20,13654,641,Celular,Sul,4,Boleto,2200,0.01,8800,88.0,8712.0,Eletrônicos
2025-07-02 20:12:46,13655,42,Impressora,Nordeste,3,Pix,900,0.01,2700,27.0,2673.0,Eletrônicos
2025-12-02 08:01:49,13656,915,Notebook,Norte,2,Cartão de crédito,3500,0.13,7000,910.0,6090.0,Eletrônicos
2025-01-28 22:46:42,13657,481,Celular,Centro-Oeste,4,Pix,2200,0.07,8800,616.0000000000001,8184.0,Eletrônicos
2025-07-12 01:15:01,13658,930,Mouse,Norte,2,Cartão de débito,120,0.07,240,16.8,223.2,Periféricos
2025-01-06 03:03:51,13659,848,Teclado,Sudeste,4,Boleto,250,0.14,1000,140.0,860.0,Periféricos
2025-10-31 21:28:12,13660,748,Monitor,Norte,1,Cartão de débito,1200,0.05,1200,60.0,1140.0,Eletrônicos
2025-07-05 19:15:23,13661,872,Tablet,Sul,4,Pix,1500,0.13,6000,780.0,5220.0,Eletrônicos
2025-07-01 07:00:45,13662,439,Mesa,Centro-Oeste,1,Cartão de crédito,1100,0.15,1100,165.0,935.0,Móveis
2025-09-26 18:26:01,13663,402,Teclado,Centro-Oeste,4,Boleto,250,0.04,1000,40.0,960.0,Periféricos
2025-08-15 11:26:29,13664,546,Celular,Sul,4,Cartão de débito,2200,0.08,8800,704.0,8096.0,Eletrônicos
2025-11-30 21:41:08,13665,345,Mesa,Norte,2,Pix,1100,0.08,2200,176.0,2024.0,Móveis
2025-08-28 12:17:39,13666,893,Monitor,Sul,4,Pix,1200,0.13,4800,624.0,4176.0,Eletrônicos
2025-03-23 17:26:23,13667,45,Tablet,Nordeste,2,Cartão de crédito,1500,0.05,3000,150.0,2850.0,Eletrônicos
2025-08-21 05:24:34,13668,646,Headset,Sul,4,Pix,300,0.12,1200,144.0,1056.0,Periféticos
2025-05-15 04:01:51,13669,21,Headset,Norte,5,Boleto,300,0.15,1500,225.0,1275.0,Periféticos
2025-11-08 22:29:00,13670,634,Tablet,Sul,3,Pix,1500,0.13,4500,585.0,3915.0,Eletrônicos
2025-12-06 09:33:23,13671,70,Mesa,Sudeste,2,Cartão de crédito,1100,0.14,2200,308.00000000000006,1892.0,Móveis
2025-09-15 23:01:49,13672,864,Mouse,Sul,2,Cartão de débito,120,0.11,240,26.4,213.6,Periféricos
2025-01-04 08:49:58,13673,873,Mesa,Sul,1,Boleto,1100,0.14,1100,154.00000000000003,946.0,Móveis
2025-02-26 04:52:00,13674,48,Impressora,Norte,5,Cartão de débito,900,0.02,4500,90.0,4410.0,Eletrônicos
2025-08-04 08:07:18,13675,491,Mesa,Nordeste,1,Cartão de débito,1100,0.11,1100,121.0,979.0,Móveis
2025-03-15 16:48:32,13676,551,Mouse,Nordeste,5,Pix,120,0.11,600,66.0,534.0,Periféricos
2025-05-13 09:00:01,13677,287,Teclado,Norte,5,Pix,250,0.07,1250,87.50000000000001,1162.5,Periféricos
2025-07-30 11:57:50,13678,10,Monitor,Norte,4,Cartão de crédito,1200,0.01,4800,48.0,4752.0,Eletrônicos
2025-04-03 13:24:03,13679,542,Mesa,Norte,1,Pix,1100,0.09,1100,99.0,1001.0,Móveis
2025-01-03 02:22:40,13680,756,Monitor,Sudeste,3,Pix,1200,0.01,3600,36.0,3564.0,Eletrônicos
2025-08-11 11:14:02,13681,274,Celular,Centro-Oeste,5,Cartão de débito,2200,0.06,11000,660.0,10340.0,Eletrônicos
2025-08-12 07:03:55,13682,956,Headset,Sul,5,Boleto,300,0.06,1500,90.0,1410.0,Periféticos
2025-03-06 00:46:50,13683,600,Headset,Norte,2,Pix,300,0.15,600,90.0,510.0,Periféticos
2025-02-17 21:31:26,13684,756,Mouse,Norte,4,Boleto,120,0.04,480,19.2,460.8,Periféricos
2025-11-03 05:10:34,13685,381,Celular,Norte,3,Pix,2200,0.12,6600,792.0,5808.0,Eletrônicos
2025-12-17 14:56:56,13686,329,Headset,Nordeste,5,Pix,300,0.01,1500,15.0,1485.0,Periféticos
2025-06-20 07:10:51,13687,479,Mouse,Norte,2,Cartão de crédito,120,0.08,240,19.2,220.8,Periféricos
2025-05-08 16:21:09,13688,15,Mesa,Sul,1,Pix,1100,0.08,1100,88.0,1012.0,Móveis
2025-04-07 10:45:00,13689,516,Celular,Norte,5,Cartão de crédito,2200,0.09,11000,990.0,10010.0,Eletrônicos
2025-03-21 18:55:28,13690,191,Impressora,Sul,2,Cartão de débito,900,0.12,1800,216.0,1584.0,Eletrônicos
2025-12-24 04:41:52,13691,168,Impressora,Sudeste,1,Boleto,900,0.11,900,99.0,801.0,Eletrônicos
2025-08-24 15:56:53,13692,521,Impressora,Centro-Oeste,4,Pix,900,0.11,3600,396.0,3204.0,Eletrônicos
2025-06-17 06:26:11,13693,621,Teclado,Nordeste,1,Cartão de crédito,250,0.06,250,15.0,235.0,Periféricos
2025-07-17 18:59:31,13694,137,Impressora,Sul,5,Cartão de débito,900,0.11,4500,495.0,4005.0,Eletrônicos
2025-08-07 19:20:15,13695,154,Celular,Sudeste,3,Pix,2200,0.07,6600,462.00000000000006,6138.0,Eletrônicos
2025-11-14 00:37:02,13696,388,Notebook,Centro-Oeste,1,Cartão de crédito,3500,0.01,3500,35.0,3465.0,Eletrônicos
2025-02-27 02:26:34,13697,209,Headset,Centro-Oeste,3,Cartão de crédito,300,0.13,900,117.0,783.0,Periféticos
2025-11-06 09:14:54,13698,272,Impressora,Centro-Oeste,3,Cartão de débito,900,0.13,2700,351.0,2349.0,Eletrônicos
2025-07-01 16:26:45,13699,143,Celular,Sul,1,Pix,2200,0.05,2200,110.0,2090.0,Eletrônicos
2025-12-02 14:46:06,13700,611,Cadeira,Sudeste,4,Pix,850,0.14,3400,476.00000000000006,2924.0,Móveis
2025-07-12 02:51:57,13701,889,Mesa,Norte,1,Boleto,1100,0.11,1100,121.0,979.0,Móveis
2025-09-08 03:31:07,13702,820,Teclado,Sudeste,2,Pix,250,0.06,500,30.0,470.0,Periféricos
2025-02-20 17:26:34,13703,69,Monitor,Sudeste,3,Cartão de crédito,1200,0.05,3600,180.0,3420.0,Eletrônicos
2025-10-06 22:38:30,13704,247,Mouse,Sudeste,5,Boleto,120,0.15,600,90.0,510.0,Periféricos
2025-03-19 12:52:24,13705,261,Cadeira,Sul,3,Boleto,850,0.11,2550,280.5,2269.5,Móveis
2025-09-06 13:32:09,13706,788,Cadeira,Sul,5,Pix,850,0.06,4250,255.0,3995.0,Móveis
2025-04-02 01:29:51,13707,79,Teclado,Sul,2,Boleto,250,0.1,500,50.0,450.0,Periféricos
2025-08-27 01:12:24,13708,658,Mouse,Sudeste,2,Cartão de crédito,120,0.09,240,21.599999999999998,218.4,Periféricos
2025-06-01 14:45:07,13709,623,Teclado,Sul,2,Cartão de crédito,250,0.08,500,40.0,460.0,Periféricos
2025-05-23 04:38:20,13710,770,Impressora,Centro-Oeste,1,Cartão de débito,900,0.1,900,90.0,810.0,Eletrônicos
2025-06-03 07:36:41,13711,605,Monitor,Sul,3,Cartão de crédito,1200,0.08,3600,288.0,3312.0,Eletrônicos
2025-11-14 11:08:33,13712,525,Mouse,Nordeste,5,Cartão de débito,120,0.1,600,60.0,540.0,Periféricos
2025-03-03 05:22:10,13713,772,Celular,Sul,2,Boleto,2200,0.14,4400,616.0000000000001,3784.0,Eletrônicos
2025-05-18 03:51:40,13714,938,Headset,Sul,2,Cartão de débito,300,0.15,600,90.0,510.0,Periféticos
2025-09-03 13:00:26,13715,621,Teclado,Sul,5,Pix,250,0.11,1250,137.5,1112.5,Periféricos
2025-02-07 11:52:16,13716,330,Monitor,Sul,3,Cartão de débito,1200,0.14,3600,504.00000000000006,3096.0,Eletrônicos
2025-06-27 13:37:01,13717,189,Mesa,Nordeste,3,Pix,1100,0.13,3300,429.0,2871.0,Móveis
2025-01-27 22:08:53,13718,95,Notebook,Norte,5,Boleto,3500,0.04,17500,700.0,16800.0,Eletrônicos
2025-04-28 05:21:09,13719,617,Mesa,Sul,4,Cartão de débito,1100,0.14,4400,616.0000000000001,3784.0,Móveis
2025-05-02 23:27:12,13720,8,Notebook,Centro-Oeste,3,Cartão de crédito,3500,0.01,10500,105.0,10395.0,Eletrônicos
2025-04-02 23:49:00,13721,67,Tablet,Nordeste,5,Pix,1500,0.05,7500,375.0,7125.0,Eletrônicos
2025-03-08 05:03:46,13722,496,Celular,Norte,5,Boleto,2200,0.1,11000,1100.0,9900.0,Eletrônicos
2025-06-08 00:59:32,13723,191,Tablet,Sul,2,Cartão de crédito,1500,0.08,3000,240.0,2760.0,Eletrônicos
2025-03-14 00:15:14,13724,366,Teclado,Norte,5,Pix,250,0.08,1250,100.0,1150.0,Periféricos
2025-03-15 18:47:05,13725,768,Teclado,Centro-Oeste,1,Boleto,250,0.12,250,30.0,220.0,Periféricos
2025-02-27 22:30:58,13726,521,Notebook,Nordeste,2,Boleto,3500,0.03,7000,210.0,6790.0,Eletrônicos
2025-12-04 14:22:17,13727,990,Mouse,Nordeste,2,Cartão de crédito,120,0.15,240,36.0,204.0,Periféricos
2025-10-03 12:45:38,13728,117,Monitor,Norte,3,Boleto,1200,0.07,3600,252.00000000000003,3348.0,Eletrônicos
2025-04-06 03:40:52,13729,267,Impressora,Sul,4,Cartão de débito,900,0.14,3600,504.00000000000006,3096.0,Eletrônicos
2025-10-26 01:35:24,13730,611,Cadeira,Sudeste,3,Boleto,850,0.06,2550,153.0,2397.0,Móveis
2025-02-09 12:51:11,13731,485,Teclado,Nordeste,1,Pix,250,0.09,250,22.5,227.5,Periféricos
2025-11-15 20:05:56,13732,509,Tablet,Sudeste,2,Pix,1500,0.07,3000,210.00000000000003,2790.0,Eletrônicos
2025-08-04 21:59:47,13733,298,Tablet,Nordeste,2,Pix,1500,0.1,3000,300.0,2700.0,Eletrônicos
2025-10-14 17:51:44,13734,909,Mesa,Sul,5,Cartão de débito,1100,0.03,5500,165.0,5335.0,Móveis
2025-10-01 01:17:08,13735,164,Celular,Sul,4,Cartão de crédito,2200,0.06,8800,528.0,8272.0,Eletrônicos
2025-09-09 15:03:37,13736,376,Notebook,Nordeste,4,Cartão de débito,3500,0.01,14000,140.0,13860.0,Eletrônicos
2025-11-15 11:05:40,13737,653,Cadeira,Norte,5,Cartão de débito,850,0.09,4250,382.5,3867.5,Móveis
2025-05-24 20:41:07,13738,268,Notebook,Sul,1,Cartão de débito,3500,0.14,3500,490.00000000000006,3010.0,Eletrônicos
2025-02-03 04:19:17,13739,549,Teclado,Sul,4,Boleto,250,0.01,1000,10.0,990.0,Periféricos
2025-11-03 17:52:25,13740,74,Headset,Centro-Oeste,2,Cartão de crédito,300,0.1,600,60.0,540.0,Periféticos
2025-05-04 02:35:47,13741,508,Cadeira,Sul,1,Boleto,850,0.12,850,102.0,748.0,Móveis
2025-05-28 11:48:13,13742,73,Mesa,Centro-Oeste,3,Cartão de débito,1100,0.03,3300,99.0,3201.0,Móveis
2025-03-10 10:35:18,13743,308,Tablet,Sul,3,Pix,1500,0.04,4500,180.0,4320.0,Eletrônicos
2025-09-30 04:55:02,13744,199,Mesa,Sul,1,Cartão de débito,1100,0.03,1100,33.0,1067.0,Móveis
2025-08-01 10:39:45,13745,130,Teclado,Norte,2,Cartão de crédito,250,0.04,500,20.0,480.0,Periféricos
2025-06-06 02:23:30,13746,758,Headset,Norte,3,Pix,300,0.02,900,18.0,882.0,Periféticos
2025-12-23 02:01:36,13747,824,Impressora,Sul,2,Cartão de crédito,900,0.06,1800,108.0,1692.0,Eletrônicos
2025-12-03 19:33:43,13748,572,Cadeira,Nordeste,5,Cartão de débito,850,0.06,4250,255.0,3995.0,Móveis
2025-05-27 10:23:52,13749,791,Notebook,Nordeste,4,Cartão de crédito,3500,0.12,14000,1680.0,12320.0,Eletrônicos
2025-12-16 10:09:39,13750,615,Cadeira,Sul,1,Boleto,850,0.12,850,102.0,748.0,Móveis
2025-05-09 21:16:24,13751,808,Tablet,Nordeste,4,Pix,1500,0.12,6000,720.0,5280.0,Eletrônicos
2025-05-13 03:19:17,13752,832,Notebook,Sul,5,Cartão de crédito,3500,0.09,17500,1575.0,15925.0,Eletrônicos
2025-11-18 19:25:33,13753,487,Impressora,Norte,3,Pix,900,0.05,2700,135.0,2565.0,Eletrônicos
2025-02-12 06:16:27,13754,853,Impressora,Sudeste,2,Pix,900,0.06,1800,108.0,1692.0,Eletrônicos
2025-11-12 15:08:27,13755,151,Celular,Centro-Oeste,2,Cartão de débito,2200,0.05,4400,220.0,4180.0,Eletrônicos
2025-05-07 08:13:47,13756,669,Notebook,Nordeste,5,Cartão de débito,3500,0.09,17500,1575.0,15925.0,Eletrônicos
2025-01-20 19:27:52,13757,206,Monitor,Nordeste,1,Pix,1200,0.14,1200,168.00000000000003,1032.0,Eletrônicos
2025-03-10 08:32:30,13758,986,Headset,Norte,4,Cartão de crédito,300,0.04,1200,48.0,1152.0,Periféticos
2025-02-07 04:28:03,13759,179,Monitor,Nordeste,3,Pix,1200,0.07,3600,252.00000000000003,3348.0,Eletrônicos
2025-02-05 01:17:11,13760,197,Impressora,Sul,1,Cartão de débito,900,0.1,900,90.0,810.0,Eletrônicos
2025-06-14 13:30:00,13761,735,Notebook,Sul,5,Cartão de crédito,3500,0.13,17500,2275.0,15225.0,Eletrônicos
2025-06-23 11:16:51,13762,89,Celular,Sudeste,5,Pix,2200,0.04,11000,440.0,10560.0,Eletrônicos
2025-10-05 21:17:08,13763,799,Cadeira,Sudeste,2,Cartão de débito,850,0.04,1700,68.0,1632.0,Móveis
2025-11-18 00:43:09,13764,434,Cadeira,Sudeste,3,Pix,850,0.13,2550,331.5,2218.5,Móveis
2025-03-16 08:25:59,13765,788,Cadeira,Sul,1,Pix,850,0.01,850,8.5,841.5,Móveis
2025-04-28 16:12:27,13766,748,Celular,Sudeste,2,Pix,2200,0.09,4400,396.0,4004.0,Eletrônicos
2025-10-03 00:25:13,13767,183,Teclado,Sudeste,3,Cartão de crédito,250,0.13,750,97.5,652.5,Periféricos
2025-02-16 13:58:53,13768,209,Notebook,Sul,4,Cartão de débito,3500,0.14,14000,1960.0000000000002,12040.0,Eletrônicos
2025-09-08 10:07:17,13769,493,Monitor,Norte,4,Cartão de débito,1200,0.0,4800,0.0,4800.0,Eletrônicos
2025-07-13 12:45:15,13770,130,Headset,Nordeste,2,Boleto,300,0.06,600,36.0,564.0,Periféticos
2025-04-24 10:57:10,13771,665,Impressora,Centro-Oeste,1,Pix,900,0.04,900,36.0,864.0,Eletrônicos
2025-08-27 04:14:26,13772,13,Headset,Sul,3,Pix,300,0.09,900,81.0,819.0,Periféticos
2025-04-19 02:40:54,13773,634,Impressora,Sul,4,Boleto,900,0.09,3600,324.0,3276.0,Eletrônicos
2025-01-01 05:27:55,13774,871,Notebook,Centro-Oeste,4,Pix,3500,0.15,14000,2100.0,11900.0,Eletrônicos
2025-10-20 03:03:41,13775,732,Notebook,Centro-Oeste,1,Cartão de crédito,3500,0.08,3500,280.0,3220.0,Eletrônicos
2025-10-30 11:16:25,13776,106,Mesa,Sudeste,2,Boleto,1100,0.08,2200,176.0,2024.0,Móveis
2025-11-11 09:41:35,13777,375,Monitor,Centro-Oeste,5,Cartão de débito,1200,0.06,6000,360.0,5640.0,Eletrônicos
2025-07-19 19:33:35,13778,582,Tablet,Nordeste,3,Pix,1500,0.02,4500,90.0,4410.0,Eletrônicos
2025-03-20 19:53:25,13779,707,Impressora,Nordeste,4,Cartão de débito,900,0.05,3600,180.0,3420.0,Eletrônicos
2025-12-15 13:30:06,13780,698,Mouse,Nordeste,5,Pix,120,0.04,600,24.0,576.0,Periféricos
2025-08-09 02:01:13,13781,99,Tablet,Nordeste,1,Boleto,1500,0.12,1500,180.0,1320.0,Eletrônicos
2025-02-21 16:05:44,13782,594,Cadeira,Nordeste,2,Cartão de débito,850,0.08,1700,136.0,1564.0,Móveis
2025-06-12 16:54:36,13783,587,Headset,Sudeste,3,Pix,300,0.04,900,36.0,864.0,Periféticos
2025-05-05 23:20:37,13784,886,Notebook,Sul,1,Cartão de crédito,3500,0.07,3500,245.00000000000003,3255.0,Eletrônicos
2025-05-23 11:27:39,13785,852,Mouse,Centro-Oeste,2,Boleto,120,0.03,240,7.199999999999999,232.8,Periféricos
2025-01-07 13:14:48,13786,192,Impressora,Sul,1,Pix,900,0.03,900,27.0,873.0,Eletrônicos
2025-06-08 21:12:12,13787,325,Teclado,Centro-Oeste,4,Pix,250,0.13,1000,130.0,870.0,Periféricos
2025-03-17 21:55:47,13788,979,Impressora,Sudeste,4,Pix,900,0.14,3600,504.00000000000006,3096.0,Eletrônicos
2025-04-28 11:53:27,13789,726,Headset,Sudeste,5,Boleto,300,0.01,1500,15.0,1485.0,Periféticos
2025-01-08 14:46:43,13790,827,Impressora,Norte,1,Pix,900,0.11,900,99.0,801.0,Eletrônicos
2025-05-05 20:51:29,13791,956,Impressora,Norte,4,Pix,900,0.07,3600,252.00000000000003,3348.0,Eletrônicos
2025-01-10 07:38:33,13792,467,Celular,Sudeste,2,Cartão de débito,2200,0.06,4400,264.0,4136.0,Eletrônicos
2025-12-30 03:37:14,13793,894,Monitor,Sudeste,5,Cartão de débito,1200,0.1,6000,600.0,5400.0,Eletrônicos
2025-11-16 18:43:04,13794,367,Tablet,Centro-Oeste,3,Boleto,1500,0.04,4500,180.0,4320.0,Eletrônicos
2025-04-18 21:26:44,13795,318,Teclado,Sudeste,1,Boleto,250,0.0,250,0.0,250.0,Periféricos
2025-02-28 04:40:35,13796,144,Notebook,Sul,4,Cartão de crédito,3500,0.03,14000,420.0,13580.0,Eletrônicos
2025-05-14 16:43:29,13797,384,Impressora,Centro-Oeste,2,Pix,900,0.03,1800,54.0,1746.0,Eletrônicos
2025-08-29 21:01:20,13798,216,Teclado,Sudeste,1,Cartão de débito,250,0.01,250,2.5,247.5,Periféricos
2025-11-06 19:56:10,13799,361,Mesa,Centro-Oeste,2,Cartão de débito,1100,0.05,2200,110.0,2090.0,Móveis
2025-06-28 15:00:22,13800,324,Impressora,Centro-Oeste,5,Pix,900,0.07,4500,315.00000000000006,4185.0,Eletrônicos
2025-01-25 05:08:21,13801,15,Celular,Nordeste,4,Pix,2200,0.11,8800,968.0,7832.0,Eletrônicos
2025-03-11 09:18:54,13802,217,Celular,Norte,4,Boleto,2200,0.05,8800,440.0,8360.0,Eletrônicos
2025-04-30 18:25:18,13803,492,Mouse,Centro-Oeste,5,Cartão de crédito,120,0.03,600,18.0,582.0,Periféricos
2025-11-05 02:58:25,13804,951,Cadeira,Centro-Oeste,2,Cartão de crédito,850,0.03,1700,51.0,1649.0,Móveis
2025-10-20 14:33:03,13805,547,Headset,Nordeste,1,Boleto,300,0.13,300,39.0,261.0,Periféticos
2025-03-13 20:38:34,13806,183,Tablet,Sudeste,2,Boleto,1500,0.03,3000,90.0,2910.0,Eletrônicos
2025-05-03 03:14:27,13807,270,Mesa,Centro-Oeste,1,Cartão de débito,1100,0.13,1100,143.0,957.0,Móveis
2025-05-29 13:04:23,13808,945,Headset,Nordeste,5,Boleto,300,0.07,1500,105.00000000000001,1395.0,Periféticos
2025-09-30 10:42:22,13809,467,Headset,Sul,3,Cartão de crédito,300,0.14,900,126.00000000000001,774.0,Periféticos
2025-12-21 17:06:55,13810,870,Mouse,Nordeste,1,Cartão de débito,120,0.06,120,7.199999999999999,112.8,Periféricos
2025-12-21 16:20:22,13811,612,Celular,Norte,4,Cartão de crédito,2200,0.03,8800,264.0,8536.0,Eletrônicos
2025-05-21 07:47:32,13812,519,Monitor,Norte,4,Pix,1200,0.08,4800,384.0,4416.0,Eletrônicos
2025-09-25 14:01:13,13813,542,Teclado,Sudeste,4,Cartão de crédito,250,0.09,1000,90.0,910.0,Periféricos
2025-08-24 04:04:59,13814,467,Notebook,Sudeste,2,Cartão de débito,3500,0.1,7000,700.0,6300.0,Eletrônicos
2025-11-18 06:40:55,13815,305,Monitor,Norte,2,Cartão de crédito,1200,0.06,2400,144.0,2256.0,Eletrônicos
2025-04-27 14:02:39,13816,985,Monitor,Norte,2,Cartão de débito,1200,0.01,2400,24.0,2376.0,Eletrônicos
2025-12-26 19:12:13,13817,144,Cadeira,Centro-Oeste,4,Cartão de débito,850,0.09,3400,306.0,3094.0,Móveis
2025-07-31 16:32:56,13818,111,Cadeira,Norte,1,Boleto,850,0.14,850,119.00000000000001,731.0,Móveis
2025-04-25 00:24:04,13819,232,Monitor,Sudeste,4,Cartão de crédito,1200,0.14,4800,672.0000000000001,4128.0,Eletrônicos
2025-08-24 08:35:05,13820,691,Celular,Norte,1,Boleto,2200,0.09,2200,198.0,2002.0,Eletrônicos
2025-05-29 13:13:56,13821,584,Headset,Sudeste,2,Boleto,300,0.0,600,0.0,600.0,Periféticos
2025-11-21 14:40:17,13822,722,Teclado,Sul,3,Cartão de crédito,250,0.02,750,15.0,735.0,Periféricos
2025-08-04 17:54:12,13823,732,Headset,Norte,2,Cartão de débito,300,0.13,600,78.0,522.0,Periféticos
2025-10-13 04:37:22,13824,592,Headset,Sudeste,5,Pix,300,0.12,1500,180.0,1320.0,Periféticos
2025-11-15 10:20:06,13825,500,Headset,Nordeste,1,Cartão de crédito,300,0.14,300,42.00000000000001,258.0,Periféticos
2025-05-19 10:47:53,13826,595,Teclado,Centro-Oeste,3,Boleto,250,0.08,750,60.0,690.0,Periféricos
2025-07-03 11:10:28,13827,554,Teclado,Sudeste,2,Boleto,250,0.13,500,65.0,435.0,Periféricos
2025-05-21 16:37:43,13828,273,Mouse,Norte,3,Cartão de débito,120,0.12,360,43.199999999999996,316.8,Periféricos
2025-04-26 14:33:20,13829,703,Tablet,Norte,4,Boleto,1500,0.09,6000,540.0,5460.0,Eletrônicos
2025-05-29 21:09:38,13830,173,Monitor,Sul,1,Pix,1200,0.12,1200,144.0,1056.0,Eletrônicos
2025-07-19 09:35:46,13831,973,Impressora,Nordeste,5,Boleto,900,0.02,4500,90.0,4410.0,Eletrônicos
2025-06-11 19:45:28,13832,7,Mouse,Sudeste,4,Cartão de débito,120,0.1,480,48.0,432.0,Periféricos
2025-03-27 16:12:04,13833,155,Mouse,Nordeste,3,Cartão de crédito,120,0.14,360,50.400000000000006,309.6,Periféricos
2025-12-13 05:17:51,13834,522,Notebook,Sul,2,Cartão de débito,3500,0.02,7000,140.0,6860.0,Eletrônicos
2025-11-16 01:46:51,13835,546,Impressora,Centro-Oeste,1,Boleto,900,0.11,900,99.0,801.0,Eletrônicos
2025-10-14 03:37:28,13836,548,Cadeira,Nordeste,5,Cartão de débito,850,0.05,4250,212.5,4037.5,Móveis
2025-06-15 10:23:56,13837,921,Notebook,Sul,2,Boleto,3500,0.12,7000,840.0,6160.0,Eletrônicos
2025-08-23 16:07:04,13838,518,Cadeira,Sudeste,5,Cartão de débito,850,0.1,4250,425.0,3825.0,Móveis
2025-11-15 15:37:04,13839,920,Tablet,Centro-Oeste,1,Cartão de crédito,1500,0.14,1500,210.00000000000003,1290.0,Eletrônicos
2025-05-20 15:39:29,13840,914,Mesa,Norte,3,Boleto,1100,0.11,3300,363.0,2937.0,Móveis
2025-03-04 12:54:12,13841,215,Cadeira,Sul,5,Pix,850,0.06,4250,255.0,3995.0,Móveis
2025-11-23 10:38:59,13842,134,Headset,Norte,1,Pix,300,0.0,300,0.0,300.0,Periféticos
2025-07-15 05:37:02,13843,285,Cadeira,Centro-Oeste,5,Pix,850,0.12,4250,510.0,3740.0,Móveis
2025-02-18 01:16:25,13844,126,Impressora,Sul,2,Pix,900,0.06,1800,108.0,1692.0,Eletrônicos
2025-05-25 07:06:32,13845,921,Teclado,Sul,5,Boleto,250,0.1,1250,125.0,1125.0,Periféricos
2025-12-08 07:31:18,13846,439,Impressora,Centro-Oeste,2,Boleto,900,0.02,1800,36.0,1764.0,Eletrônicos
2025-07-22 03:39:01,13847,849,Tablet,Sudeste,2,Cartão de crédito,1500,0.13,3000,390.0,2610.0,Eletrônicos
2025-11-21 20:54:14,13848,686,Mouse,Sul,1,Cartão de débito,120,0.07,120,8.4,111.6,Periféricos
2025-10-28 09:36:32,13849,152,Headset,Centro-Oeste,4,Boleto,300,0.14,1200,168.00000000000003,1032.0,Periféticos
2025-07-16 13:41:43,13850,331,Mesa,Nordeste,5,Pix,1100,0.11,5500,605.0,4895.0,Móveis
2025-09-26 03:08:44,13851,538,Tablet,Norte,3,Boleto,1500,0.02,4500,90.0,4410.0,Eletrônicos
2025-02-12 02:30:20,13852,383,Mouse,Sul,2,Pix,120,0.09,240,21.599999999999998,218.4,Periféricos
2025-02-08 00:18:41,13853,115,Celular,Nordeste,4,Cartão de crédito,2200,0.14,8800,1232.0000000000002,7568.0,Eletrônicos
2025-10-03 09:55:39,13854,894,Impressora,Sul,2,Cartão de débito,900,0.12,1800,216.0,1584.0,Eletrônicos
2025-07-22 00:54:17,13855,482,Tablet,Sudeste,4,Boleto,1500,0.06,6000,360.0,5640.0,Eletrônicos
2025-06-23 03:44:42,13856,284,Impressora,Centro-Oeste,4,Cartão de débito,900,0.14,3600,504.00000000000006,3096.0,Eletrônicos
2025-09-14 22:05:28,13857,899,Mesa,Sul,3,Pix,1100,0.04,3300,132.0,3168.0,Móveis
2025-05-12 02:38:30,13858,75,Mouse,Centro-Oeste,4,Pix,120,0.06,480,28.799999999999997,451.2,Periféricos
2025-08-23 03:21:57,13859,166,Impressora,Sul,3,Cartão de débito,900,0.11,2700,297.0,2403.0,Eletrônicos
2025-04-08 14:44:00,13860,189,Teclado,Sudeste,1,Cartão de crédito,250,0.03,250,7.5,242.5,Periféricos
2025-08-11 11:44:16,13861,78,Cadeira,Sudeste,2,Cartão de débito,850,0.08,1700,136.0,1564.0,Móveis
2025-06-25 05:40:49,13862,947,Notebook,Nordeste,3,Cartão de débito,3500,0.11,10500,1155.0,9345.0,Eletrônicos
2025-06-28 23:22:45,13863,602,Mesa,Sudeste,2,Boleto,1100,0.1,2200,220.0,1980.0,Móveis
2025-09-15 06:46:29,13864,688,Notebook,Centro-Oeste,5,Boleto,3500,0.02,17500,350.0,17150.0,Eletrônicos
2025-06-07 12:26:09,13865,21,Monitor,Sudeste,1,Pix,1200,0.09,1200,108.0,1092.0,Eletrônicos
2025-01-16 23:18:24,13866,566,Cadeira,Sul,5,Boleto,850,0.09,4250,382.5,3867.5,Móveis
2025-12-02 19:40:57,13867,184,Mesa,Sudeste,5,Cartão de crédito,1100,0.08,5500,440.0,5060.0,Móveis
2025-03-27 02:32:52,13868,871,Tablet,Centro-Oeste,4,Cartão de crédito,1500,0.12,6000,720.0,5280.0,Eletrônicos
2025-01-17 15:13:08,13869,222,Teclado,Sul,4,Cartão de crédito,250,0.03,1000,30.0,970.0,Periféricos
2025-01-20 04:05:21,13870,827,Tablet,Nordeste,5,Pix,1500,0.11,7500,825.0,6675.0,Eletrônicos
2025-01-07 05:37:25,13871,328,Celular,Nordeste,4,Cartão de crédito,2200,0.11,8800,968.0,7832.0,Eletrônicos
2025-11-06 11:09:35,13872,179,Monitor,Nordeste,2,Cartão de crédito,1200,0.11,2400,264.0,2136.0,Eletrônicos
2025-09-14 03:42:48,13873,788,Teclado,Sul,4,Boleto,250,0.08,1000,80.0,920.0,Periféricos
2025-09-04 13:18:57,13874,112,Impressora,Nordeste,5,Pix,900,0.06,4500,270.0,4230.0,Eletrônicos
2025-07-09 12:30:01,13875,736,Impressora,Sudeste,4,Cartão de débito,900,0.06,3600,216.0,3384.0,Eletrônicos
2025-03-09 12:13:21,13876,726,Headset,Sul,4,Cartão de crédito,300,0.11,1200,132.0,1068.0,Periféticos
2025-05-10 20:07:43,13877,59,Impressora,Sul,3,Boleto,900,0.07,2700,189.00000000000003,2511.0,Eletrônicos
2025-10-02 04:17:51,13878,327,Mouse,Sul,3,Cartão de débito,120,0.05,360,18.0,342.0,Periféricos
2025-12-16 19:46:58,13879,905,Monitor,Norte,5,Cartão de crédito,1200,0.09,6000,540.0,5460.0,Eletrônicos
2025-05-07 01:31:40,13880,621,Mouse,Centro-Oeste,2,Cartão de débito,120,0.13,240,31.200000000000003,208.8,Periféricos
2025-12-19 18:06:30,13881,897,Cadeira,Norte,1,Cartão de débito,850,0.01,850,8.5,841.5,Móveis
2025-11-13 14:57:25,13882,669,Headset,Norte,1,Pix,300,0.15,300,45.0,255.0,Periféticos
2025-03-17 19:28:11,13883,191,Headset,Norte,5,Pix,300,0.01,1500,15.0,1485.0,Periféticos
2025-10-12 08:23:10,13884,200,Impressora,Centro-Oeste,2,Cartão de crédito,900,0.08,1800,144.0,1656.0,Eletrônicos
2025-08-22 03:33:59,13885,312,Teclado,Norte,2,Cartão de crédito,250,0.08,500,40.0,460.0,Periféricos
2025-05-08 07:17:57,13886,708,Cadeira,Nordeste,2,Pix,850,0.02,1700,34.0,1666.0,Móveis
2025-03-27 07:24:43,13887,35,Celular,Sul,3,Cartão de crédito,2200,0.14,6600,924.0000000000001,5676.0,Eletrônicos
2025-08-08 06:22:50,13888,379,Monitor,Sul,5,Cartão de crédito,1200,0.07,6000,420.00000000000006,5580.0,Eletrônicos
2025-10-31 23:19:37,13889,387,Monitor,Sudeste,1,Pix,1200,0.02,1200,24.0,1176.0,Eletrônicos
2025-03-16 12:45:22,13890,758,Mesa,Nordeste,2,Cartão de débito,1100,0.11,2200,242.0,1958.0,Móveis
2025-09-10 14:33:35,13891,237,Tablet,Centro-Oeste,5,Cartão de crédito,1500,0.1,7500,750.0,6750.0,Eletrônicos
2025-09-02 22:23:46,13892,616,Impressora,Sul,1,Boleto,900,0.14,900,126.00000000000001,774.0,Eletrônicos
2025-09-07 22:52:46,13893,519,Mesa,Norte,3,Pix,1100,0.07,3300,231.00000000000003,3069.0,Móveis
2025-09-09 22:52:32,13894,283,Celular,Sudeste,4,Cartão de crédito,2200,0.04,8800,352.0,8448.0,Eletrônicos
2025-10-28 19:27:59,13895,1,Headset,Sudeste,1,Cartão de crédito,300,0.01,300,3.0,297.0,Periféticos
2025-07-10 21:16:15,13896,731,Notebook,Sul,1,Pix,3500,0.11,3500,385.0,3115.0,Eletrônicos
2025-02-10 04:22:30,13897,464,Celular,Nordeste,1,Boleto,2200,0.09,2200,198.0,2002.0,Eletrônicos
2025-09-03 23:26:12,13898,230,Celular,Sudeste,4,Boleto,2200,0.15,8800,1320.0,7480.0,Eletrônicos
2025-02-02 00:08:51,13899,967,Teclado,Sul,2,Pix,250,0.11,500,55.0,445.0,Periféricos
2025-10-15 14:05:13,13900,172,Teclado,Nordeste,4,Boleto,250,0.14,1000,140.0,860.0,Periféricos
2025-04-14 21:32:46,13901,87,Teclado,Sul,1,Cartão de crédito,250,0.15,250,37.5,212.5,Periféricos
2025-01-31 10:45:23,13902,553,Teclado,Sul,3,Boleto,250,0.06,750,45.0,705.0,Periféricos
2025-12-02 14:51:25,13903,123,Tablet,Nordeste,1,Cartão de crédito,1500,0.02,1500,30.0,1470.0,Eletrônicos
2025-07-24 04:39:15,13904,843,Impressora,Nordeste,3,Cartão de débito,900,0.03,2700,81.0,2619.0,Eletrônicos
2025-07-06 22:53:09,13905,298,Monitor,Nordeste,5,Boleto,1200,0.05,6000,300.0,5700.0,Eletrônicos
2025-04-26 08:40:46,13906,885,Impressora,Sul,3,Cartão de débito,900,0.08,2700,216.0,2484.0,Eletrônicos
2025-03-29 07:19:19,13907,929,Impressora,Sudeste,1,Pix,900,0.02,900,18.0,882.0,Eletrônicos
2025-03-04 07:48:55,13908,690,Monitor,Centro-Oeste,4,Boleto,1200,0.05,4800,240.0,4560.0,Eletrônicos
2025-05-21 16:24:52,13909,575,Teclado,Centro-Oeste,1,Cartão de crédito,250,0.05,250,12.5,237.5,Periféricos
2025-06-17 23:44:14,13910,484,Impressora,Sul,1,Boleto,900,0.0,900,0.0,900.0,Eletrônicos
2025-08-16 18:22:13,13911,165,Tablet,Sul,5,Pix,1500,0.05,7500,375.0,7125.0,Eletrônicos
2025-09-24 22:25:55,13912,699,Teclado,Sudeste,2,Pix,250,0.02,500,10.0,490.0,Periféricos
2025-06-18 13:32:11,13913,383,Tablet,Nordeste,1,Cartão de crédito,1500,0.06,1500,90.0,1410.0,Eletrônicos
2025-10-01 01:49:01,13914,209,Mesa,Sul,5,Boleto,1100,0.03,5500,165.0,5335.0,Móveis
2025-08-08 18:42:34,13915,739,Impressora,Norte,4,Cartão de débito,900,0.12,3600,432.0,3168.0,Eletrônicos
2025-03-07 21:19:56,13916,432,Mouse,Nordeste,5,Pix,120,0.01,600,6.0,594.0,Periféricos
2025-10-22 14:59:52,13917,389,Tablet,Sul,5,Pix,1500,0.13,7500,975.0,6525.0,Eletrônicos
2025-10-01 03:29:43,13918,560,Mesa,Norte,3,Cartão de crédito,1100,0.09,3300,297.0,3003.0,Móveis
2025-01-31 13:18:49,13919,224,Cadeira,Sudeste,2,Boleto,850,0.07,1700,119.00000000000001,1581.0,Móveis
2025-02-06 06:20:11,13920,3,Cadeira,Norte,2,Cartão de débito,850,0.08,1700,136.0,1564.0,Móveis
2025-11-14 12:33:29,13921,372,Mesa,Sul,4,Boleto,1100,0.06,4400,264.0,4136.0,Móveis
2025-06-13 16:59:28,13922,687,Headset,Centro-Oeste,5,Boleto,300,0.02,1500,30.0,1470.0,Periféticos
2025-07-05 09:58:22,13923,446,Headset,Sul,4,Cartão de débito,300,0.11,1200,132.0,1068.0,Periféticos
2025-10-08 07:07:45,13924,611,Teclado,Centro-Oeste,4,Cartão de crédito,250,0.14,1000,140.0,860.0,Periféricos
2025-05-15 10:42:32,13925,116,Headset,Sudeste,2,Pix,300,0.14,600,84.00000000000001,516.0,Periféticos
2025-01-20 23:29:59,13926,270,Cadeira,Sudeste,2,Cartão de crédito,850,0.1,1700,170.0,1530.0,Móveis
2025-05-29 19:50:21,13927,447,Headset,Nordeste,2,Cartão de crédito,300,0.06,600,36.0,564.0,Periféticos
2025-05-28 15:35:35,13928,368,Mouse,Nordeste,1,Boleto,120,0.07,120,8.4,111.6,Periféricos
2025-02-28 16:51:55,13929,253,Cadeira,Centro-Oeste,5,Cartão de débito,850,0.1,4250,425.0,3825.0,Móveis
2025-01-06 03:19:05,13930,317,Tablet,Centro-Oeste,4,Pix,1500,0.12,6000,720.0,5280.0,Eletrônicos
2025-10-07 14:53:39,13931,415,Celular,Sudeste,5,Boleto,2200,0.06,11000,660.0,10340.0,Eletrônicos
2025-03-15 00:48:34,13932,95,Headset,Norte,4,Pix,300,0.14,1200,168.00000000000003,1032.0,Periféticos
2025-07-14 10:14:29,13933,785,Headset,Centro-Oeste,4,Boleto,300,0.05,1200,60.0,1140.0,Periféticos
2025-08-24 21:12:06,13934,892,Impressora,Centro-Oeste,4,Cartão de débito,900,0.08,3600,288.0,3312.0,Eletrônicos
2025-01-27 08:26:27,13935,24,Monitor,Norte,4,Pix,1200,0.14,4800,672.0000000000001,4128.0,Eletrônicos
2025-11-14 08:47:18,13936,628,Mouse,Nordeste,3,Pix,120,0.14,360,50.400000000000006,309.6,Periféricos
2025-03-31 00:20:40,13937,663,Cadeira,Nordeste,3,Cartão de crédito,850,0.1,2550,255.0,2295.0,Móveis
2025-12-02 20:41:30,13938,850,Cadeira,Centro-Oeste,1,Boleto,850,0.05,850,42.5,807.5,Móveis
2025-09-27 10:19:29,13939,50,Notebook,Nordeste,2,Boleto,3500,0.03,7000,210.0,6790.0,Eletrônicos
2025-04-19 02:06:10,13940,502,Monitor,Nordeste,4,Boleto,1200,0.01,4800,48.0,4752.0,Eletrônicos
2025-06-27 13:44:36,13941,718,Headset,Nordeste,5,Cartão de crédito,300,0.11,1500,165.0,1335.0,Periféticos
2025-06-25 22:22:42,13942,498,Mesa,Sudeste,3,Cartão de crédito,1100,0.08,3300,264.0,3036.0,Móveis
2025-01-15 18:03:54,13943,335,Impressora,Sul,2,Pix,900,0.09,1800,162.0,1638.0,Eletrônicos
2025-02-01 21:17:43,13944,79,Tablet,Centro-Oeste,1,Boleto,1500,0.07,1500,105.00000000000001,1395.0,Eletrônicos
2025-12-16 18:01:47,13945,582,Impressora,Centro-Oeste,2,Boleto,900,0.07,1800,126.00000000000001,1674.0,Eletrônicos
2025-01-15 05:20:07,13946,27,Headset,Sudeste,4,Pix,300,0.09,1200,108.0,1092.0,Periféticos
2025-10-20 16:36:39,13947,271,Notebook,Sul,2,Pix,3500,0.14,7000,980.0000000000001,6020.0,Eletrônicos
2025-09-11 22:38:51,13948,562,Celular,Sul,4,Pix,2200,0.0,8800,0.0,8800.0,Eletrônicos
2025-07-08 11:56:11,13949,804,Cadeira,Sudeste,3,Cartão de débito,850,0.12,2550,306.0,2244.0,Móveis
2025-12-28 22:24:35,13950,247,Tablet,Norte,3,Cartão de débito,1500,0.06,4500,270.0,4230.0,Eletrônicos
2025-05-30 08:08:04,13951,776,Monitor,Norte,4,Pix,1200,0.11,4800,528.0,4272.0,Eletrônicos
2025-03-29 23:35:48,13952,591,Headset,Sul,5,Cartão de crédito,300,0.14,1500,210.00000000000003,1290.0,Periféticos
2025-02-21 15:45:58,13953,387,Mouse,Norte,3,Cartão de crédito,120,0.05,360,18.0,342.0,Periféricos
2025-04-12 21:20:08,13954,702,Mesa,Norte,5,Boleto,1100,0.01,5500,55.0,5445.0,Móveis
2025-09-23 17:23:58,13955,559,Impressora,Norte,4,Cartão de débito,900,0.03,3600,108.0,3492.0,Eletrônicos
2025-01-27 06:17:50,13956,973,Notebook,Sul,4,Cartão de débito,3500,0.03,14000,420.0,13580.0,Eletrônicos
2025-02-21 01:55:59,13957,361,Celular,Norte,3,Pix,2200,0.11,6600,726.0,5874.0,Eletrônicos
2025-11-11 19:28:45,13958,866,Teclado,Centro-Oeste,5,Pix,250,0.01,1250,12.5,1237.5,Periféricos
2025-03-30 10:16:07,13959,984,Mesa,Sul,4,Pix,1100,0.01,4400,44.0,4356.0,Móveis
2025-08-15 22:53:05,13960,488,Headset,Sudeste,3,Pix,300,0.1,900,90.0,810.0,Periféticos
2025-03-26 17:55:53,13961,352,Celular,Norte,4,Pix,2200,0.08,8800,704.0,8096.0,Eletrônicos
2025-04-24 20:36:11,13962,701,Mesa,Nordeste,2,Cartão de crédito,1100,0.06,2200,132.0,2068.0,Móveis
2025-01-30 03:51:47,13963,928,Mesa,Sul,2,Cartão de crédito,1100,0.09,2200,198.0,2002.0,Móveis
2025-06-05 17:26:29,13964,256,Cadeira,Sudeste,3,Pix,850,0.11,2550,280.5,2269.5,Móveis
2025-07-28 17:25:31,13965,222,Mesa,Centro-Oeste,4,Cartão de crédito,1100,0.02,4400,88.0,4312.0,Móveis
2025-04-09 00:27:45,13966,884,Mouse,Sudeste,3,Pix,120,0.08,360,28.8,331.2,Periféricos
2025-07-31 20:22:30,13967,753,Celular,Norte,1,Pix,2200,0.12,2200,264.0,1936.0,Eletrônicos
2025-07-23 17:15:59,13968,781,Headset,Nordeste,3,Cartão de débito,300,0.05,900,45.0,855.0,Periféticos
2025-10-07 05:02:58,13969,1,Headset,Norte,3,Cartão de crédito,300,0.11,900,99.0,801.0,Periféticos
2025-07-05 04:58:20,13970,546,Mouse,Sudeste,2,Cartão de crédito,120,0.13,240,31.200000000000003,208.8,Periféricos
2025-11-23 03:59:22,13971,446,Monitor,Sul,2,Cartão de débito,1200,0.12,2400,288.0,2112.0,Eletrônicos
2025-06-22 08:16:49,13972,79,Celular,Nordeste,4,Cartão de crédito,2200,0.1,8800,880.0,7920.0,Eletrônicos
2025-08-27 04:43:22,13973,236,Mesa,Nordeste,3,Cartão de débito,1100,0.11,3300,363.0,2937.0,Móveis
2025-12-12 22:22:31,13974,334,Notebook,Sudeste,3,Boleto,3500,0.12,10500,1260.0,9240.0,Eletrônicos
2025-12-17 12:17:41,13975,889,Tablet,Norte,4,Cartão de crédito,1500,0.11,6000,660.0,5340.0,Eletrônicos
2025-01-05 07:13:36,13976,349,Celular,Sudeste,5,Pix,2200,0.07,11000,770.0000000000001,10230.0,Eletrônicos
2025-08-05 20:49:31,13977,98,Teclado,Nordeste,4,Cartão de débito,250,0.02,1000,20.0,980.0,Periféricos
2025-11-30 05:11:28,13978,82,Notebook,Sudeste,2,Pix,3500,0.05,7000,350.0,6650.0,Eletrônicos
2025-04-17 01:29:26,13979,502,Mouse,Nordeste,2,Pix,120,0.03,240,7.199999999999999,232.8,Periféricos
2025-08-14 13:15:43,13980,967,Mesa,Norte,3,Cartão de crédito,1100,0.05,3300,165.0,3135.0,Móveis
2025-08-03 15:43:03,13981,477,Monitor,Sul,2,Cartão de débito,1200,0.07,2400,168.00000000000003,2232.0,Eletrônicos
2025-06-17 06:15:00,13982,927,Teclado,Sul,4,Boleto,250,0.14,1000,140.0,860.0,Periféricos
2025-10-29 21:03:27,13983,704,Monitor,Sudeste,3,Pix,1200,0.14,3600,504.00000000000006,3096.0,Eletrônicos
2025-10-19 01:20:59,13984,765,Monitor,Nordeste,4,Pix,1200,0.12,4800,576.0,4224.0,Eletrônicos
2025-01-04 05:33:35,13985,921,Impressora,Sul,4,Boleto,900,0.15,3600,540.0,3060.0,Eletrônicos
2025-07-02 06:38:34,13986,550,Cadeira,Nordeste,3,Cartão de débito,850,0.15,2550,382.5,2167.5,Móveis
2025-02-02 21:47:16,13987,14,Teclado,Norte,5,Cartão de crédito,250,0.13,1250,162.5,1087.5,Periféricos
2025-05-21 08:27:47,13988,392,Tablet,Sudeste,2,Pix,1500,0.01,3000,30.0,2970.0,Eletrônicos
2025-03-27 09:58:53,13989,347,Cadeira,Nordeste,1,Cartão de crédito,850,0.06,850,51.0,799.0,Móveis
2025-10-22 10:26:13,13990,310,Teclado,Sudeste,1,Cartão de débito,250,0.08,250,20.0,230.0,Periféricos
2025-12-05 22:38:37,13991,386,Monitor,Nordeste,1,Boleto,1200,0.02,1200,24.0,1176.0,Eletrônicos
2025-09-23 09:46:29,13992,209,Cadeira,Nordeste,2,Cartão de crédito,850,0.12,1700,204.0,1496.0,Móveis
2025-09-22 00:47:14,13993,357,Teclado,Norte,5,Cartão de débito,250,0.02,1250,25.0,1225.0,Periféricos
2025-01-23 16:36:24,13994,974,Tablet,Sudeste,4,Cartão de crédito,1500,0.06,6000,360.0,5640.0,Eletrônicos
2025-12-01 11:27:07,13995,601,Notebook,Centro-Oeste,3,Cartão de crédito,3500,0.01,10500,105.0,10395.0,Eletrônicos
2025-09-24 05:09:30,13996,568,Celular,Nordeste,5,Pix,2200,0.08,11000,880.0,10120.0,Eletrônicos
2025-09-16 19:55:25,13997,94,Mesa,Nordeste,1,Cartão de crédito,1100,0.09,1100,99.0,1001.0,Móveis
2025-12-23 06:21:42,13998,93,Teclado,Sul,2,Pix,250,0.11,500,55.0,445.0,Periféricos
2025-11-04 15:53:51,13999,340,Tablet,Sudeste,2,Cartão de débito,1500,0.05,3000,150.0,2850.0,Eletrônicos
2025-07-20 21:05:04,14000,597,Celular,Centro-Oeste,3,Cartão de débito,2200,0.09,6600,594.0,6006.0,Eletrônicos
2025-07-03 20:27:42,14001,445,Cadeira,Norte,4,Pix,850,0.11,3400,374.0,3026.0,Móveis
2025-02-18 21:55:56,14002,757,Teclado,Centro-Oeste,5,Boleto,250,0.11,1250,137.5,1112.5,Periféricos
2025-09-18 19:11:48,14003,22,Teclado,Norte,5,Cartão de crédito,250,0.05,1250,62.5,1187.5,Periféricos
2025-07-11 18:10:28,14004,291,Mouse,Centro-Oeste,5,Cartão de débito,120,0.01,600,6.0,594.0,Periféricos
2025-11-16 21:54:37,14005,485,Teclado,Centro-Oeste,4,Cartão de débito,250,0.01,1000,10.0,990.0,Periféricos
2025-04-03 09:36:12,14006,784,Mesa,Sudeste,4,Boleto,1100,0.12,4400,528.0,3872.0,Móveis
2025-05-15 03:40:17,14007,306,Mouse,Sul,4,Cartão de débito,120,0.06,480,28.799999999999997,451.2,Periféricos
2025-04-05 01:42:27,14008,634,Celular,Centro-Oeste,3,Pix,2200,0.02,6600,132.0,6468.0,Eletrônicos
2025-09-01 02:46:51,14009,128,Cadeira,Nordeste,2,Boleto,850,0.03,1700,51.0,1649.0,Móveis
2025-12-11 09:07:49,14010,625,Cadeira,Nordeste,1,Cartão de débito,850,0.11,850,93.5,756.5,Móveis
2025-06-10 01:33:45,14011,939,Headset,Nordeste,4,Boleto,300,0.09,1200,108.0,1092.0,Periféticos
2025-10-07 02:35:10,14012,273,Headset,Sul,2,Boleto,300,0.08,600,48.0,552.0,Periféticos
2025-10-25 10:29:10,14013,848,Celular,Centro-Oeste,4,Cartão de débito,2200,0.09,8800,792.0,8008.0,Eletrônicos
2025-08-28 22:11:11,14014,442,Impressora,Norte,1,Cartão de débito,900,0.02,900,18.0,882.0,Eletrônicos
2025-08-27 08:40:58,14015,503,Tablet,Norte,4,Cartão de débito,1500,0.05,6000,300.0,5700.0,Eletrônicos
2025-12-23 14:18:44,14016,130,Impressora,Sudeste,2,Boleto,900,0.06,1800,108.0,1692.0,Eletrônicos
2025-09-09 22:35:04,14017,132,Tablet,Sul,3,Pix,1500,0.05,4500,225.0,4275.0,Eletrônicos
2025-12-19 14:15:30,14018,597,Mouse,Centro-Oeste,1,Pix,120,0.13,120,15.600000000000001,104.4,Periféricos
2025-07-16 22:59:44,14019,935,Celular,Nordeste,2,Cartão de crédito,2200,0.09,4400,396.0,4004.0,Eletrônicos
2025-10-22 14:46:27,14020,482,Tablet,Sul,5,Cartão de débito,1500,0.11,7500,825.0,6675.0,Eletrônicos
2025-01-31 00:08:56,14021,862,Headset,Sul,5,Pix,300,0.04,1500,60.0,1440.0,Periféticos
2025-05-12 12:44:03,14022,390,Headset,Centro-Oeste,5,Cartão de crédito,300,0.04,1500,60.0,1440.0,Periféticos
2025-11-26 11:27:21,14023,593,Monitor,Sudeste,3,Cartão de crédito,1200,0.03,3600,108.0,3492.0,Eletrônicos
2025-03-05 16:59:41,14024,999,Tablet,Sudeste,4,Cartão de débito,1500,0.1,6000,600.0,5400.0,Eletrônicos
2025-07-20 04:33:01,14025,985,Celular,Sudeste,4,Cartão de crédito,2200,0.05,8800,440.0,8360.0,Eletrônicos
2025-09-03 06:28:20,14026,325,Notebook,Nordeste,4,Pix,3500,0.06,14000,840.0,13160.0,Eletrônicos
2025-08-23 00:08:02,14027,69,Mouse,Nordeste,3,Cartão de crédito,120,0.11,360,39.6,320.4,Periféricos
2025-02-14 21:19:23,14028,660,Teclado,Centro-Oeste,5,Cartão de crédito,250,0.15,1250,187.5,1062.5,Periféricos
2025-11-25 19:28:28,14029,448,Teclado,Sudeste,4,Pix,250,0.02,1000,20.0,980.0,Periféricos
2025-11-23 06:34:27,14030,528,Tablet,Centro-Oeste,3,Cartão de crédito,1500,0.01,4500,45.0,4455.0,Eletrônicos
2025-07-26 01:46:13,14031,819,Impressora,Sudeste,3,Cartão de crédito,900,0.03,2700,81.0,2619.0,Eletrônicos
2025-03-28 01:28:17,14032,617,Mouse,Sul,2,Boleto,120,0.11,240,26.4,213.6,Periféricos
2025-03-10 06:34:45,14033,165,Cadeira,Norte,4,Cartão de crédito,850,0.03,3400,102.0,3298.0,Móveis
2025-12-20 19:51:46,14034,488,Mesa,Norte,5,Cartão de crédito,1100,0.09,5500,495.0,5005.0,Móveis
2025-03-29 23:35:23,14035,713,Teclado,Sudeste,1,Boleto,250,0.09,250,22.5,227.5,Periféricos
2025-04-02 23:15:55,14036,709,Headset,Centro-Oeste,3,Boleto,300,0.04,900,36.0,864.0,Periféticos
2025-07-03 11:01:12,14037,426,Mouse,Nordeste,2,Boleto,120,0.01,240,2.4,237.6,Periféricos
2025-05-01 04:39:38,14038,697,Impressora,Sudeste,1,Cartão de débito,900,0.06,900,54.0,846.0,Eletrônicos
2025-05-23 02:19:45,14039,834,Celular,Sudeste,3,Cartão de débito,2200,0.03,6600,198.0,6402.0,Eletrônicos
2025-03-07 20:03:58,14040,265,Impressora,Nordeste,2,Pix,900,0.03,1800,54.0,1746.0,Eletrônicos
2025-06-10 14:02:19,14041,875,Mouse,Sudeste,4,Cartão de crédito,120,0.08,480,38.4,441.6,Periféricos
2025-11-02 05:32:27,14042,612,Cadeira,Sul,2,Pix,850,0.1,1700,170.0,1530.0,Móveis
2025-03-19 14:06:00,14043,342,Teclado,Nordeste,3,Cartão de débito,250,0.01,750,7.5,742.5,Periféricos
2025-11-06 23:33:40,14044,832,Headset,Sul,4,Cartão de crédito,300,0.09,1200,108.0,1092.0,Periféticos
2025-08-03 20:19:35,14045,726,Notebook,Norte,5,Cartão de crédito,3500,0.04,17500,700.0,16800.0,Eletrônicos
2025-04-11 15:50:57,14046,278,Celular,Nordeste,2,Boleto,2200,0.1,4400,440.0,3960.0,Eletrônicos
2025-12-02 19:09:09,14047,674,Headset,Nordeste,1,Cartão de débito,300,0.12,300,36.0,264.0,Periféticos
2025-01-07 04:13:54,14048,439,Cadeira,Centro-Oeste,4,Cartão de crédito,850,0.12,3400,408.0,2992.0,Móveis
2025-08-28 16:46:03,14049,157,Mesa,Centro-Oeste,4,Boleto,1100,0.06,4400,264.0,4136.0,Móveis
2025-12-19 02:24:27,14050,422,Cadeira,Nordeste,5,Cartão de crédito,850,0.09,4250,382.5,3867.5,Móveis
2025-04-10 07:00:45,14051,251,Cadeira,Norte,2,Cartão de débito,850,0.12,1700,204.0,1496.0,Móveis
2025-04-04 18:47:53,14052,878,Teclado,Sudeste,1,Pix,250,0.01,250,2.5,247.5,Periféricos
2025-04-17 23:57:35,14053,609,Mouse,Centro-Oeste,5,Pix,120,0.09,600,54.0,546.0,Periféricos
2025-02-23 12:20:36,14054,530,Mouse,Norte,2,Cartão de crédito,120,0.13,240,31.200000000000003,208.8,Periféricos
2025-06-27 09:02:19,14055,327,Headset,Norte,1,Boleto,300,0.06,300,18.0,282.0,Periféticos
2025-10-09 15:27:51,14056,961,Mesa,Centro-Oeste,1,Boleto,1100,0.07,1100,77.00000000000001,1023.0,Móveis
2025-03-03 17:43:53,14057,895,Mesa,Sudeste,3,Boleto,1100,0.1,3300,330.0,2970.0,Móveis
2025-12-09 09:05:01,14058,97,Impressora,Centro-Oeste,1,Cartão de débito,900,0.01,900,9.0,891.0,Eletrônicos
2025-01-17 06:39:28,14059,513,Notebook,Norte,2,Pix,3500,0.06,7000,420.0,6580.0,Eletrônicos
2025-10-01 08:41:56,14060,216,Cadeira,Sul,5,Pix,850,0.04,4250,170.0,4080.0,Móveis
2025-10-29 01:21:38,14061,132,Notebook,Centro-Oeste,5,Cartão de crédito,3500,0.0,17500,0.0,17500.0,Eletrônicos
2025-03-08 23:01:07,14062,260,Monitor,Norte,3,Pix,1200,0.03,3600,108.0,3492.0,Eletrônicos
2025-12-11 02:42:41,14063,125,Tablet,Centro-Oeste,2,Boleto,1500,0.06,3000,180.0,2820.0,Eletrônicos
2025-07-28 08:32:40,14064,82,Cadeira,Norte,1,Cartão de débito,850,0.03,850,25.5,824.5,Móveis
2025-09-21 06:44:02,14065,283,Notebook,Sudeste,3,Boleto,3500,0.09,10500,945.0,9555.0,Eletrônicos
2025-09-08 11:08:30,14066,683,Teclado,Norte,4,Boleto,250,0.07,1000,70.0,930.0,Periféricos
2025-07-06 22:21:05,14067,59,Tablet,Nordeste,2,Pix,1500,0.01,3000,30.0,2970.0,Eletrônicos
2025-11-27 00:26:33,14068,544,Mesa,Sul,3,Cartão de débito,1100,0.04,3300,132.0,3168.0,Móveis
2025-08-07 20:17:14,14069,161,Cadeira,Norte,5,Cartão de débito,850,0.0,4250,0.0,4250.0,Móveis
2025-05-15 17:15:36,14070,284,Cadeira,Centro-Oeste,3,Boleto,850,0.05,2550,127.5,2422.5,Móveis
2025-10-17 05:05:26,14071,106,Mesa,Centro-Oeste,4,Cartão de crédito,1100,0.04,4400,176.0,4224.0,Móveis
2025-07-05 23:15:59,14072,105,Impressora,Norte,2,Pix,900,0.1,1800,180.0,1620.0,Eletrônicos
2025-12-11 20:26:39,14073,439,Teclado,Nordeste,3,Cartão de crédito,250,0.05,750,37.5,712.5,Periféricos
2025-02-10 09:17:09,14074,228,Cadeira,Norte,1,Boleto,850,0.06,850,51.0,799.0,Móveis
2025-07-03 15:15:28,14075,700,Notebook,Sudeste,2,Pix,3500,0.11,7000,770.0,6230.0,Eletrônicos
2025-10-01 21:44:36,14076,582,Cadeira,Nordeste,3,Cartão de crédito,850,0.07,2550,178.50000000000003,2371.5,Móveis
2025-03-16 23:34:03,14077,318,Tablet,Norte,3,Cartão de crédito,1500,0.08,4500,360.0,4140.0,Eletrônicos
2025-05-07 02:57:14,14078,464,Cadeira,Sul,2,Cartão de crédito,850,0.13,1700,221.0,1479.0,Móveis
2025-05-07 09:14:54,14079,802,Notebook,Nordeste,5,Pix,3500,0.03,17500,525.0,16975.0,Eletrônicos
2025-07-17 14:12:42,14080,599,Celular,Norte,1,Cartão de crédito,2200,0.15,2200,330.0,1870.0,Eletrônicos
2025-03-08 02:19:14,14081,882,Tablet,Sul,2,Cartão de débito,1500,0.14,3000,420.00000000000006,2580.0,Eletrônicos
2025-03-04 20:53:39,14082,874,Headset,Norte,1,Boleto,300,0.04,300,12.0,288.0,Periféticos
2025-09-02 13:28:28,14083,472,Headset,Sudeste,1,Pix,300,0.13,300,39.0,261.0,Periféticos
2025-08-02 21:09:35,14084,56,Tablet,Centro-Oeste,2,Cartão de débito,1500,0.11,3000,330.0,2670.0,Eletrônicos
2025-08-26 16:13:21,14085,625,Teclado,Norte,3,Cartão de crédito,250,0.14,750,105.00000000000001,645.0,Periféricos
2025-08-27 04:29:53,14086,13,Celular,Nordeste,5,Boleto,2200,0.1,11000,1100.0,9900.0,Eletrônicos
2025-05-01 06:40:34,14087,440,Tablet,Norte,1,Cartão de crédito,1500,0.1,1500,150.0,1350.0,Eletrônicos
2025-11-27 01:28:07,14088,18,Notebook,Norte,1,Cartão de débito,3500,0.0,3500,0.0,3500.0,Eletrônicos
2025-07-09 18:01:27,14089,694,Monitor,Norte,3,Cartão de crédito,1200,0.07,3600,252.00000000000003,3348.0,Eletrônicos
2025-12-21 23:43:23,14090,973,Mouse,Norte,2,Pix,120,0.03,240,7.199999999999999,232.8,Periféricos
2025-04-09 12:35:58,14091,113,Cadeira,Nordeste,5,Cartão de débito,850,0.05,4250,212.5,4037.5,Móveis
2025-05-30 10:49:10,14092,229,Impressora,Nordeste,1,Pix,900,0.15,900,135.0,765.0,Eletrônicos
2025-06-02 14:03:49,14093,171,Celular,Norte,1,Boleto,2200,0.01,2200,22.0,2178.0,Eletrônicos
2025-07-27 12:40:40,14094,295,Notebook,Centro-Oeste,2,Pix,3500,0.11,7000,770.0,6230.0,Eletrônicos
2025-12-07 06:17:55,14095,189,Impressora,Norte,3,Pix,900,0.03,2700,81.0,2619.0,Eletrônicos
2025-01-31 16:10:35,14096,426,Headset,Nordeste,4,Cartão de crédito,300,0.0,1200,0.0,1200.0,Periféticos
2025-02-24 20:40:39,14097,977,Tablet,Sudeste,3,Cartão de crédito,1500,0.08,4500,360.0,4140.0,Eletrônicos
2025-04-28 05:39:02,14098,79,Celular,Norte,1,Cartão de débito,2200,0.02,2200,44.0,2156.0,Eletrônicos
2025-10-18 05:42:46,14099,658,Mesa,Norte,1,Boleto,1100,0.14,1100,154.00000000000003,946.0,Móveis
2025-12-03 07:34:23,14100,919,Cadeira,Norte,5,Cartão de débito,850,0.03,4250,127.5,4122.5,Móveis
2025-04-23 04:36:14,14101,182,Mouse,Norte,3,Boleto,120,0.03,360,10.799999999999999,349.2,Periféricos
2025-08-09 20:12:50,14102,499,Headset,Sul,4,Boleto,300,0.0,1200,0.0,1200.0,Periféticos
2025-11-27 14:26:11,14103,798,Tablet,Norte,5,Pix,1500,0.05,7500,375.0,7125.0,Eletrônicos
2025-12-15 13:03:53,14104,762,Cadeira,Nordeste,4,Cartão de crédito,850,0.0,3400,0.0,3400.0,Móveis
2025-08-29 17:02:16,14105,866,Headset,Nordeste,5,Boleto,300,0.07,1500,105.00000000000001,1395.0,Periféticos
2025-08-17 06:54:38,14106,826,Mesa,Sul,3,Cartão de crédito,1100,0.08,3300,264.0,3036.0,Móveis
2025-01-31 23:28:37,14107,708,Impressora,Norte,1,Boleto,900,0.01,900,9.0,891.0,Eletrônicos
2025-02-19 20:24:46,14108,835,Mouse,Centro-Oeste,4,Cartão de crédito,120,0.04,480,19.2,460.8,Periféricos
2025-03-26 20:23:26,14109,71,Mouse,Norte,3,Cartão de débito,120,0.12,360,43.199999999999996,316.8,Periféricos
2025-10-26 12:44:04,14110,248,Cadeira,Nordeste,4,Cartão de crédito,850,0.07,3400,238.00000000000003,3162.0,Móveis
2025-04-07 09:44:02,14111,146,Notebook,Sudeste,3,Pix,3500,0.07,10500,735.0000000000001,9765.0,Eletrônicos
2025-09-23 14:12:08,14112,618,Cadeira,Sudeste,5,Boleto,850,0.1,4250,425.0,3825.0,Móveis
2025-12-18 12:30:44,14113,775,Headset,Centro-Oeste,3,Pix,300,0.11,900,99.0,801.0,Periféticos
2025-04-13 05:18:44,14114,296,Notebook,Norte,5,Boleto,3500,0.11,17500,1925.0,15575.0,Eletrônicos
2025-08-23 21:29:17,14115,582,Mouse,Sul,1,Pix,120,0.12,120,14.399999999999999,105.6,Periféricos
2025-03-13 09:29:23,14116,470,Monitor,Norte,5,Boleto,1200,0.03,6000,180.0,5820.0,Eletrônicos
2025-02-10 00:10:53,14117,506,Mouse,Centro-Oeste,2,Cartão de crédito,120,0.01,240,2.4,237.6,Periféricos
2025-09-15 00:27:15,14118,193,Cadeira,Centro-Oeste,1,Boleto,850,0.06,850,51.0,799.0,Móveis
2025-07-19 16:26:51,14119,68,Headset,Centro-Oeste,3,Pix,300,0.13,900,117.0,783.0,Periféticos
2025-11-05 05:39:28,14120,494,Notebook,Sudeste,3,Pix,3500,0.01,10500,105.0,10395.0,Eletrônicos
2025-01-22 20:40:06,14121,817,Tablet,Norte,2,Boleto,1500,0.09,3000,270.0,2730.0,Eletrônicos
2025-05-15 15:23:52,14122,52,Notebook,Norte,3,Boleto,3500,0.11,10500,1155.0,9345.0,Eletrônicos
2025-12-24 18:45:54,14123,882,Mesa,Sul,1,Cartão de débito,1100,0.07,1100,77.00000000000001,1023.0,Móveis
2025-08-08 01:01:47,14124,363,Teclado,Centro-Oeste,1,Cartão de débito,250,0.04,250,10.0,240.0,Periféricos
2025-02-15 20:27:56,14125,797,Teclado,Centro-Oeste,5,Cartão de crédito,250,0.05,1250,62.5,1187.5,Periféricos
2025-01-21 09:01:02,14126,917,Celular,Nordeste,4,Cartão de crédito,2200,0.01,8800,88.0,8712.0,Eletrônicos
2025-05-04 00:01:21,14127,474,Impressora,Nordeste,3,Cartão de crédito,900,0.04,2700,108.0,2592.0,Eletrônicos
2025-04-26 21:02:42,14128,846,Celular,Sudeste,2,Cartão de crédito,2200,0.01,4400,44.0,4356.0,Eletrônicos
2025-02-16 23:27:28,14129,521,Celular,Norte,1,Cartão de crédito,2200,0.11,2200,242.0,1958.0,Eletrônicos
2025-12-16 22:07:01,14130,763,Notebook,Sul,1,Boleto,3500,0.13,3500,455.0,3045.0,Eletrônicos
2025-11-28 13:24:10,14131,431,Headset,Sul,1,Cartão de débito,300,0.1,300,30.0,270.0,Periféticos
2025-01-10 08:46:18,14132,844,Celular,Centro-Oeste,4,Boleto,2200,0.1,8800,880.0,7920.0,Eletrônicos
2025-10-13 23:45:26,14133,298,Cadeira,Sul,4,Cartão de débito,850,0.07,3400,238.00000000000003,3162.0,Móveis
2025-09-07 11:23:38,14134,435,Notebook,Centro-Oeste,3,Cartão de débito,3500,0.02,10500,210.0,10290.0,Eletrônicos
2025-03-22 06:08:26,14135,696,Headset,Norte,2,Pix,300,0.0,600,0.0,600.0,Periféticos
2025-12-12 07:57:21,14136,691,Teclado,Sul,4,Pix,250,0.05,1000,50.0,950.0,Periféricos
2025-03-28 15:32:07,14137,198,Monitor,Centro-Oeste,5,Cartão de débito,1200,0.11,6000,660.0,5340.0,Eletrônicos
2025-08-12 20:10:21,14138,128,Cadeira,Norte,4,Boleto,850,0.14,3400,476.00000000000006,2924.0,Móveis
2025-12-26 13:37:41,14139,532,Tablet,Norte,1,Cartão de débito,1500,0.06,1500,90.0,1410.0,Eletrônicos
2025-01-09 08:17:17,14140,984,Impressora,Centro-Oeste,2,Cartão de crédito,900,0.05,1800,90.0,1710.0,Eletrônicos
2025-09-15 22:14:59,14141,411,Tablet,Centro-Oeste,3,Boleto,1500,0.07,4500,315.00000000000006,4185.0,Eletrônicos
2025-11-25 16:21:08,14142,934,Headset,Sudeste,4,Boleto,300,0.06,1200,72.0,1128.0,Periféticos
2025-07-11 07:41:49,14143,840,Mesa,Norte,1,Cartão de débito,1100,0.09,1100,99.0,1001.0,Móveis
2025-09-26 11:06:10,14144,65,Headset,Centro-Oeste,5,Cartão de crédito,300,0.11,1500,165.0,1335.0,Periféticos
2025-11-20 16:04:34,14145,694,Monitor,Norte,5,Cartão de débito,1200,0.12,6000,720.0,5280.0,Eletrônicos
2025-01-12 19:44:29,14146,241,Teclado,Sul,3,Cartão de crédito,250,0.1,750,75.0,675.0,Periféricos
2025-09-30 09:06:06,14147,369,Mouse,Nordeste,3,Boleto,120,0.07,360,25.200000000000003,334.8,Periféricos
2025-03-08 21:21:17,14148,536,Headset,Nordeste,4,Cartão de débito,300,0.14,1200,168.00000000000003,1032.0,Periféticos
2025-05-05 15:38:34,14149,384,Teclado,Centro-Oeste,3,Cartão de crédito,250,0.11,750,82.5,667.5,Periféricos
2025-02-03 11:26:11,14150,431,Tablet,Centro-Oeste,1,Pix,1500,0.06,1500,90.0,1410.0,Eletrônicos
2025-04-29 01:35:44,14151,967,Headset,Norte,1,Boleto,300,0.07,300,21.000000000000004,279.0,Periféticos
2025-05-28 06:00:56,14152,83,Headset,Centro-Oeste,1,Boleto,300,0.12,300,36.0,264.0,Periféticos
2025-10-02 20:30:15,14153,982,Celular,Norte,4,Pix,2200,0.07,8800,616.0000000000001,8184.0,Eletrônicos
2025-07-05 19:01:33,14154,831,Tablet,Centro-Oeste,4,Cartão de crédito,1500,0.08,6000,480.0,5520.0,Eletrônicos
2025-07-19 12:56:57,14155,697,Impressora,Norte,3,Boleto,900,0.04,2700,108.0,2592.0,Eletrônicos
2025-09-21 18:11:49,14156,951,Impressora,Centro-Oeste,4,Cartão de crédito,900,0.13,3600,468.0,3132.0,Eletrônicos
2025-11-25 01:54:30,14157,828,Cadeira,Sudeste,1,Pix,850,0.08,850,68.0,782.0,Móveis
2025-05-02 23:41:09,14158,611,Mesa,Norte,2,Cartão de débito,1100,0.08,2200,176.0,2024.0,Móveis
2025-12-03 23:52:15,14159,574,Mouse,Sudeste,1,Boleto,120,0.13,120,15.600000000000001,104.4,Periféricos
2025-08-15 20:15:52,14160,286,Headset,Sudeste,2,Boleto,300,0.14,600,84.00000000000001,516.0,Periféticos
2025-06-06 20:55:46,14161,989,Headset,Sudeste,3,Cartão de crédito,300,0.12,900,108.0,792.0,Periféticos
2025-07-20 03:35:09,14162,534,Cadeira,Sudeste,5,Boleto,850,0.01,4250,42.5,4207.5,Móveis
2025-08-13 16:45:38,14163,459,Mesa,Sul,4,Cartão de débito,1100,0.07,4400,308.00000000000006,4092.0,Móveis
2025-10-12 16:02:10,14164,212,Tablet,Nordeste,4,Pix,1500,0.05,6000,300.0,5700.0,Eletrônicos
2025-07-16 22:43:53,14165,126,Headset,Sul,1,Boleto,300,0.03,300,9.0,291.0,Periféticos
2025-07-18 23:36:50,14166,413,Teclado,Centro-Oeste,1,Pix,250,0.14,250,35.0,215.0,Periféricos
2025-01-11 21:36:08,14167,499,Notebook,Centro-Oeste,2,Cartão de crédito,3500,0.13,7000,910.0,6090.0,Eletrônicos
2025-06-25 03:35:55,14168,425,Mesa,Nordeste,4,Cartão de débito,1100,0.07,4400,308.00000000000006,4092.0,Móveis
2025-04-29 09:18:11,14169,554,Headset,Nordeste,3,Boleto,300,0.02,900,18.0,882.0,Periféticos
2025-09-18 07:01:00,14170,610,Mesa,Nordeste,1,Pix,1100,0.0,1100,0.0,1100.0,Móveis
2025-04-04 02:24:06,14171,961,Impressora,Sudeste,4,Cartão de débito,900,0.07,3600,252.00000000000003,3348.0,Eletrônicos
2025-07-26 15:29:17,14172,543,Mouse,Sul,5,Pix,120,0.01,600,6.0,594.0,Periféricos
2025-01-06 09:26:22,14173,158,Headset,Centro-Oeste,2,Cartão de crédito,300,0.09,600,54.0,546.0,Periféticos
2025-08-12 13:29:44,14174,112,Mouse,Sul,1,Cartão de débito,120,0.09,120,10.799999999999999,109.2,Periféricos
2025-01-04 03:52:26,14175,402,Monitor,Sul,1,Cartão de débito,1200,0.13,1200,156.0,1044.0,Eletrônicos
2025-06-10 23:12:59,14176,759,Notebook,Sul,3,Cartão de crédito,3500,0.03,10500,315.0,10185.0,Eletrônicos
2025-03-05 02:46:14,14177,122,Cadeira,Nordeste,1,Cartão de crédito,850,0.06,850,51.0,799.0,Móveis
2025-03-12 21:09:12,14178,273,Mouse,Nordeste,4,Boleto,120,0.13,480,62.400000000000006,417.6,Periféricos
2025-01-14 11:33:15,14179,294,Headset,Centro-Oeste,4,Cartão de crédito,300,0.07,1200,84.00000000000001,1116.0,Periféticos
2025-04-24 04:05:38,14180,398,Celular,Centro-Oeste,4,Cartão de crédito,2200,0.01,8800,88.0,8712.0,Eletrônicos
2025-10-04 16:54:06,14181,471,Cadeira,Centro-Oeste,5,Pix,850,0.02,4250,85.0,4165.0,Móveis
2025-08-14 04:09:23,14182,985,Cadeira,Sul,5,Cartão de débito,850,0.12,4250,510.0,3740.0,Móveis
2025-06-09 08:10:53,14183,207,Tablet,Nordeste,1,Pix,1500,0.11,1500,165.0,1335.0,Eletrônicos
2025-01-28 21:16:21,14184,110,Mouse,Sudeste,5,Cartão de crédito,120,0.13,600,78.0,522.0,Periféricos
2025-06-02 02:23:48,14185,440,Celular,Sul,5,Boleto,2200,0.02,11000,220.0,10780.0,Eletrônicos
2025-03-23 07:48:12,14186,278,Mouse,Norte,3,Pix,120,0.11,360,39.6,320.4,Periféricos
2025-10-18 08:30:27,14187,963,Tablet,Sul,5,Pix,1500,0.1,7500,750.0,6750.0,Eletrônicos
2025-05-19 10:00:07,14188,568,Notebook,Nordeste,2,Cartão de débito,3500,0.03,7000,210.0,6790.0,Eletrônicos
2025-10-01 13:40:32,14189,887,Headset,Norte,2,Cartão de débito,300,0.15,600,90.0,510.0,Periféticos
2025-12-18 00:10:48,14190,915,Impressora,Sul,2,Cartão de débito,900,0.09,1800,162.0,1638.0,Eletrônicos
2025-08-17 05:55:11,14191,569,Impressora,Nordeste,1,Boleto,900,0.14,900,126.00000000000001,774.0,Eletrônicos
2025-08-21 04:27:12,14192,940,Mouse,Nordeste,4,Boleto,120,0.13,480,62.400000000000006,417.6,Periféricos
2025-01-01 21:26:15,14193,482,Tablet,Sudeste,3,Cartão de crédito,1500,0.05,4500,225.0,4275.0,Eletrônicos
2025-05-09 04:12:35,14194,803,Mesa,Sul,1,Cartão de crédito,1100,0.08,1100,88.0,1012.0,Móveis
2025-08-07 05:47:04,14195,114,Headset,Nordeste,4,Cartão de débito,300,0.06,1200,72.0,1128.0,Periféticos
2025-07-29 21:24:29,14196,893,Mouse,Centro-Oeste,3,Pix,120,0.11,360,39.6,320.4,Periféricos
2025-08-18 00:56:42,14197,897,Mesa,Nordeste,3,Cartão de débito,1100,0.09,3300,297.0,3003.0,Móveis
2025-07-15 06:44:04,14198,820,Headset,Sudeste,3,Cartão de crédito,300,0.12,900,108.0,792.0,Periféticos
2025-01-19 00:50:42,14199,853,Mesa,Nordeste,2,Pix,1100,0.0,2200,0.0,2200.0,Móveis
2025-06-01 07:46:02,14200,477,Cadeira,Sul,2,Cartão de crédito,850,0.1,1700,170.0,1530.0,Móveis
2025-07-03 02:45:33,14201,710,Mouse,Sul,2,Boleto,120,0.05,240,12.0,228.0,Periféricos
2025-02-19 23:50:53,14202,933,Tablet,Norte,3,Cartão de débito,1500,0.03,4500,135.0,4365.0,Eletrônicos
2025-09-09 10:47:04,14203,321,Headset,Sul,3,Cartão de débito,300,0.12,900,108.0,792.0,Periféticos
2025-03-05 00:35:15,14204,179,Impressora,Norte,2,Pix,900,0.01,1800,18.0,1782.0,Eletrônicos
2025-04-09 23:40:42,14205,897,Mouse,Centro-Oeste,3,Cartão de débito,120,0.03,360,10.799999999999999,349.2,Periféricos
2025-08-10 13:59:31,14206,219,Headset,Sudeste,2,Cartão de crédito,300,0.03,600,18.0,582.0,Periféticos
2025-04-22 07:46:35,14207,789,Headset,Centro-Oeste,2,Cartão de crédito,300,0.06,600,36.0,564.0,Periféticos
2025-02-04 20:45:59,14208,949,Mesa,Norte,2,Boleto,1100,0.05,2200,110.0,2090.0,Móveis
2025-04-23 10:22:57,14209,528,Mesa,Nordeste,4,Cartão de crédito,1100,0.11,4400,484.0,3916.0,Móveis
2025-07-06 00:35:52,14210,492,Celular,Nordeste,3,Pix,2200,0.1,6600,660.0,5940.0,Eletrônicos
2025-04-24 11:43:56,14211,891,Mouse,Centro-Oeste,1,Cartão de crédito,120,0.05,120,6.0,114.0,Periféricos
2025-12-29 02:14:05,14212,61,Monitor,Nordeste,2,Boleto,1200,0.07,2400,168.00000000000003,2232.0,Eletrônicos
2025-08-11 02:56:21,14213,54,Teclado,Norte,1,Boleto,250,0.03,250,7.5,242.5,Periféricos
2025-03-25 09:19:36,14214,680,Monitor,Sudeste,4,Cartão de débito,1200,0.1,4800,480.0,4320.0,Eletrônicos
2025-08-20 07:40:39,14215,538,Headset,Sul,3,Pix,300,0.06,900,54.0,846.0,Periféticos
2025-10-08 11:58:54,14216,848,Celular,Norte,2,Cartão de crédito,2200,0.02,4400,88.0,4312.0,Eletrônicos
2025-02-28 11:14:06,14217,988,Headset,Norte,2,Boleto,300,0.02,600,12.0,588.0,Periféticos
2025-02-11 23:07:34,14218,65,Monitor,Sul,2,Cartão de crédito,1200,0.05,2400,120.0,2280.0,Eletrônicos
2025-01-04 07:21:51,14219,612,Headset,Sul,1,Boleto,300,0.11,300,33.0,267.0,Periféticos
2025-09-13 06:29:48,14220,586,Mesa,Sudeste,4,Cartão de débito,1100,0.0,4400,0.0,4400.0,Móveis
2025-04-21 02:13:17,14221,704,Mouse,Sudeste,3,Boleto,120,0.04,360,14.4,345.6,Periféricos
2025-10-02 04:34:56,14222,171,Impressora,Sudeste,4,Cartão de débito,900,0.02,3600,72.0,3528.0,Eletrônicos
2025-07-20 20:18:55,14223,273,Monitor,Nordeste,2,Pix,1200,0.14,2400,336.00000000000006,2064.0,Eletrônicos
2025-06-20 00:32:29,14224,889,Teclado,Norte,4,Cartão de crédito,250,0.11,1000,110.0,890.0,Periféricos
2025-12-30 06:17:47,14225,699,Teclado,Sul,1,Cartão de crédito,250,0.03,250,7.5,242.5,Periféricos
2025-08-21 17:38:42,14226,535,Mesa,Norte,5,Cartão de débito,1100,0.03,5500,165.0,5335.0,Móveis
2025-04-17 23:02:34,14227,391,Mouse,Norte,5,Pix,120,0.13,600,78.0,522.0,Periféricos
2025-06-11 13:25:19,14228,940,Notebook,Sudeste,3,Cartão de débito,3500,0.03,10500,315.0,10185.0,Eletrônicos
2025-01-05 21:19:41,14229,693,Notebook,Sudeste,3,Boleto,3500,0.15,10500,1575.0,8925.0,Eletrônicos
2025-07-25 11:34:09,14230,327,Tablet,Norte,4,Cartão de débito,1500,0.04,6000,240.0,5760.0,Eletrônicos
2025-05-31 23:05:56,14231,108,Tablet,Sudeste,3,Pix,1500,0.01,4500,45.0,4455.0,Eletrônicos
2025-10-17 08:21:18,14232,847,Monitor,Nordeste,1,Boleto,1200,0.1,1200,120.0,1080.0,Eletrônicos
2025-05-09 00:11:00,14233,162,Mesa,Sul,2,Cartão de crédito,1100,0.09,2200,198.0,2002.0,Móveis
2025-02-26 17:09:24,14234,814,Mesa,Norte,2,Cartão de crédito,1100,0.15,2200,330.0,1870.0,Móveis
2025-04-25 16:39:11,14235,452,Headset,Sul,4,Cartão de crédito,300,0.12,1200,144.0,1056.0,Periféticos
2025-06-11 11:37:55,14236,206,Teclado,Nordeste,2,Pix,250,0.06,500,30.0,470.0,Periféricos
2025-03-15 08:05:56,14237,590,Teclado,Sudeste,4,Pix,250,0.1,1000,100.0,900.0,Periféricos
2025-09-17 21:50:58,14238,16,Teclado,Centro-Oeste,3,Pix,250,0.12,750,90.0,660.0,Periféricos
2025-07-18 19:44:43,14239,327,Celular,Nordeste,3,Pix,2200,0.08,6600,528.0,6072.0,Eletrônicos
2025-10-04 06:56:32,14240,608,Mouse,Centro-Oeste,1,Pix,120,0.04,120,4.8,115.2,Periféricos
2025-06-08 14:43:00,14241,659,Cadeira,Sul,2,Boleto,850,0.03,1700,51.0,1649.0,Móveis
2025-01-06 07:59:56,14242,2,Headset,Norte,1,Cartão de débito,300,0.04,300,12.0,288.0,Periféticos
2025-03-31 14:10:16,14243,10,Notebook,Sudeste,5,Cartão de crédito,3500,0.13,17500,2275.0,15225.0,Eletrônicos
2025-06-17 20:42:36,14244,434,Mesa,Nordeste,1,Pix,1100,0.06,1100,66.0,1034.0,Móveis
2025-03-11 09:06:16,14245,125,Notebook,Sudeste,4,Cartão de crédito,3500,0.04,14000,560.0,13440.0,Eletrônicos
2025-09-13 09:34:59,14246,81,Celular,Centro-Oeste,4,Pix,2200,0.12,8800,1056.0,7744.0,Eletrônicos
2025-03-09 19:18:58,14247,485,Notebook,Centro-Oeste,1,Cartão de crédito,3500,0.0,3500,0.0,3500.0,Eletrônicos
2025-02-27 18:05:04,14248,652,Teclado,Norte,3,Cartão de débito,250,0.09,750,67.5,682.5,Periféricos
2025-04-19 17:03:29,14249,838,Impressora,Centro-Oeste,5,Cartão de crédito,900,0.13,4500,585.0,3915.0,Eletrônicos
2025-07-17 19:00:39,14250,150,Headset,Norte,1,Cartão de crédito,300,0.06,300,18.0,282.0,Periféticos
2025-05-15 04:36:47,14251,800,Impressora,Nordeste,3,Pix,900,0.04,2700,108.0,2592.0,Eletrônicos
2025-03-14 13:40:16,14252,873,Tablet,Norte,1,Boleto,1500,0.07,1500,105.00000000000001,1395.0,Eletrônicos
2025-03-26 17:29:43,14253,340,Impressora,Centro-Oeste,2,Boleto,900,0.11,1800,198.0,1602.0,Eletrônicos
2025-04-01 12:57:16,14254,129,Cadeira,Sul,4,Cartão de crédito,850,0.08,3400,272.0,3128.0,Móveis
2025-12-12 12:13:10,14255,438,Mesa,Norte,2,Boleto,1100,0.0,2200,0.0,2200.0,Móveis
2025-02-06 18:45:02,14256,751,Celular,Sudeste,2,Cartão de débito,2200,0.01,4400,44.0,4356.0,Eletrônicos
2025-07-22 22:05:27,14257,501,Mesa,Sul,5,Cartão de débito,1100,0.11,5500,605.0,4895.0,Móveis
2025-08-10 00:58:51,14258,58,Cadeira,Norte,3,Boleto,850,0.06,2550,153.0,2397.0,Móveis
2025-08-09 01:07:01,14259,198,Mesa,Sudeste,4,Boleto,1100,0.12,4400,528.0,3872.0,Móveis
2025-09-02 00:01:15,14260,211,Impressora,Sul,2,Cartão de débito,900,0.1,1800,180.0,1620.0,Eletrônicos
2025-06-23 18:34:21,14261,914,Mouse,Norte,4,Boleto,120,0.09,480,43.199999999999996,436.8,Periféricos
2025-01-22 23:30:54,14262,902,Mesa,Nordeste,3,Boleto,1100,0.14,3300,462.00000000000006,2838.0,Móveis
2025-08-23 04:46:06,14263,45,Tablet,Sudeste,1,Pix,1500,0.0,1500,0.0,1500.0,Eletrônicos
2025-01-18 22:36:24,14264,97,Headset,Nordeste,2,Pix,300,0.02,600,12.0,588.0,Periféticos
2025-08-31 11:54:58,14265,279,Headset,Centro-Oeste,3,Boleto,300,0.09,900,81.0,819.0,Periféticos
2025-04-05 08:45:13,14266,535,Notebook,Norte,4,Boleto,3500,0.01,14000,140.0,13860.0,Eletrônicos
2025-02-07 21:18:43,14267,410,Monitor,Norte,3,Pix,1200,0.1,3600,360.0,3240.0,Eletrônicos
2025-10-20 07:08:12,14268,461,Impressora,Sudeste,1,Pix,900,0.15,900,135.0,765.0,Eletrônicos
2025-11-21 01:57:41,14269,391,Teclado,Norte,3,Boleto,250,0.13,750,97.5,652.5,Periféricos
2025-10-02 18:03:19,14270,847,Cadeira,Centro-Oeste,4,Pix,850,0.09,3400,306.0,3094.0,Móveis
2025-05-19 23:32:36,14271,44,Celular,Norte,2,Cartão de débito,2200,0.13,4400,572.0,3828.0,Eletrônicos
2025-11-10 13:12:18,14272,27,Impressora,Sul,2,Cartão de crédito,900,0.02,1800,36.0,1764.0,Eletrônicos
2025-10-14 07:32:35,14273,794,Headset,Nordeste,5,Cartão de débito,300,0.07,1500,105.00000000000001,1395.0,Periféticos
2025-12-30 22:37:16,14274,97,Notebook,Centro-Oeste,4,Pix,3500,0.06,14000,840.0,13160.0,Eletrônicos
2025-12-04 16:26:26,14275,975,Mesa,Centro-Oeste,5,Cartão de débito,1100,0.05,5500,275.0,5225.0,Móveis
2025-06-02 00:53:23,14276,548,Teclado,Nordeste,5,Cartão de crédito,250,0.0,1250,0.0,1250.0,Periféricos
2025-08-15 05:59:18,14277,621,Teclado,Nordeste,1,Pix,250,0.13,250,32.5,217.5,Periféricos
2025-08-15 05:53:10,14278,567,Monitor,Centro-Oeste,4,Cartão de débito,1200,0.12,4800,576.0,4224.0,Eletrônicos
2025-11-29 17:35:23,14279,704,Mouse,Nordeste,2,Cartão de débito,120,0.1,240,24.0,216.0,Periféricos
2025-05-13 08:15:23,14280,219,Monitor,Sudeste,4,Cartão de crédito,1200,0.02,4800,96.0,4704.0,Eletrônicos
2025-03-26 10:46:45,14281,185,Mesa,Nordeste,1,Pix,1100,0.06,1100,66.0,1034.0,Móveis
2025-10-01 10:09:15,14282,69,Impressora,Sul,4,Boleto,900,0.14,3600,504.00000000000006,3096.0,Eletrônicos
2025-06-13 15:35:08,14283,829,Tablet,Sul,4,Pix,1500,0.09,6000,540.0,5460.0,Eletrônicos
2025-04-11 05:25:22,14284,130,Cadeira,Sudeste,5,Cartão de crédito,850,0.09,4250,382.5,3867.5,Móveis
2025-07-08 05:47:01,14285,567,Teclado,Nordeste,4,Cartão de crédito,250,0.14,1000,140.0,860.0,Periféricos
2025-08-30 17:56:59,14286,890,Celular,Sul,5,Cartão de crédito,2200,0.08,11000,880.0,10120.0,Eletrônicos
2025-09-17 09:58:25,14287,609,Impressora,Norte,5,Cartão de crédito,900,0.09,4500,405.0,4095.0,Eletrônicos
2025-10-23 11:11:19,14288,848,Celular,Nordeste,3,Boleto,2200,0.05,6600,330.0,6270.0,Eletrônicos
2025-12-10 01:17:21,14289,599,Notebook,Sudeste,1,Pix,3500,0.06,3500,210.0,3290.0,Eletrônicos
2025-07-26 03:43:22,14290,806,Celular,Nordeste,5,Pix,2200,0.1,11000,1100.0,9900.0,Eletrônicos
2025-03-11 21:55:02,14291,631,Teclado,Centro-Oeste,4,Cartão de débito,250,0.05,1000,50.0,950.0,Periféricos
2025-12-28 18:46:00,14292,720,Teclado,Centro-Oeste,5,Boleto,250,0.08,1250,100.0,1150.0,Periféricos
2025-11-08 11:41:52,14293,334,Teclado,Sul,5,Boleto,250,0.04,1250,50.0,1200.0,Periféricos
2025-06-15 17:32:55,14294,925,Impressora,Centro-Oeste,5,Cartão de débito,900,0.02,4500,90.0,4410.0,Eletrônicos
2025-03-06 04:51:34,14295,154,Impressora,Sudeste,2,Cartão de débito,900,0.07,1800,126.00000000000001,1674.0,Eletrônicos
2025-02-05 21:16:21,14296,547,Cadeira,Sul,2,Pix,850,0.03,1700,51.0,1649.0,Móveis
2025-01-31 19:20:37,14297,79,Headset,Sudeste,2,Pix,300,0.13,600,78.0,522.0,Periféticos
2025-02-12 12:04:37,14298,579,Mouse,Sudeste,2,Pix,120,0.05,240,12.0,228.0,Periféricos
2025-08-07 07:22:00,14299,855,Mesa,Centro-Oeste,3,Boleto,1100,0.09,3300,297.0,3003.0,Móveis
2025-05-26 04:55:45,14300,413,Mesa,Centro-Oeste,5,Boleto,1100,0.04,5500,220.0,5280.0,Móveis
2025-05-04 04:29:04,14301,546,Notebook,Sudeste,3,Cartão de débito,3500,0.04,10500,420.0,10080.0,Eletrônicos
2025-02-04 23:16:12,14302,609,Monitor,Centro-Oeste,4,Cartão de crédito,1200,0.05,4800,240.0,4560.0,Eletrônicos
2025-07-06 01:59:39,14303,169,Cadeira,Centro-Oeste,1,Cartão de crédito,850,0.14,850,119.00000000000001,731.0,Móveis
2025-05-05 17:33:57,14304,681,Headset,Centro-Oeste,3,Cartão de crédito,300,0.06,900,54.0,846.0,Periféticos
2025-11-24 09:41:45,14305,663,Tablet,Nordeste,2,Cartão de crédito,1500,0.12,3000,360.0,2640.0,Eletrônicos
2025-02-26 04:20:42,14306,583,Notebook,Sudeste,2,Cartão de crédito,3500,0.03,7000,210.0,6790.0,Eletrônicos
2025-12-25 11:46:15,14307,515,Impressora,Norte,4,Pix,900,0.01,3600,36.0,3564.0,Eletrônicos
2025-08-11 18:49:54,14308,314,Headset,Sudeste,5,Cartão de débito,300,0.12,1500,180.0,1320.0,Periféticos
2025-06-17 20:41:31,14309,32,Teclado,Sul,1,Cartão de crédito,250,0.08,250,20.0,230.0,Periféricos
2025-02-14 07:55:21,14310,287,Impressora,Centro-Oeste,3,Cartão de crédito,900,0.08,2700,216.0,2484.0,Eletrônicos
2025-05-19 07:52:32,14311,594,Monitor,Centro-Oeste,5,Cartão de crédito,1200,0.04,6000,240.0,5760.0,Eletrônicos
2025-09-14 03:32:08,14312,43,Monitor,Norte,5,Pix,1200,0.01,6000,60.0,5940.0,Eletrônicos
2025-06-10 04:00:28,14313,903,Mesa,Sul,3,Cartão de crédito,1100,0.07,3300,231.00000000000003,3069.0,Móveis
2025-07-29 20:15:40,14314,617,Mouse,Nordeste,3,Cartão de débito,120,0.13,360,46.800000000000004,313.2,Periféricos
2025-09-30 08:10:24,14315,1,Mouse,Sudeste,3,Pix,120,0.02,360,7.2,352.8,Periféricos
2025-09-23 01:33:22,14316,573,Tablet,Nordeste,3,Pix,1500,0.14,4500,630.0000000000001,3870.0,Eletrônicos
2025-02-09 00:47:35,14317,270,Impressora,Sul,2,Boleto,900,0.04,1800,72.0,1728.0,Eletrônicos
2025-02-19 09:36:13,14318,180,Impressora,Norte,5,Boleto,900,0.08,4500,360.0,4140.0,Eletrônicos
2025-03-11 20:18:42,14319,736,Monitor,Sul,5,Pix,1200,0.01,6000,60.0,5940.0,Eletrônicos
2025-04-18 03:46:55,14320,518,Teclado,Norte,2,Cartão de crédito,250,0.06,500,30.0,470.0,Periféricos
2025-12-27 04:28:28,14321,103,Teclado,Nordeste,5,Cartão de crédito,250,0.02,1250,25.0,1225.0,Periféricos
2025-10-03 07:35:47,14322,10,Celular,Nordeste,3,Cartão de crédito,2200,0.01,6600,66.0,6534.0,Eletrônicos
2025-07-12 06:12:07,14323,583,Teclado,Sul,1,Cartão de crédito,250,0.14,250,35.0,215.0,Periféricos
2025-09-03 01:38:56,14324,90,Headset,Sul,5,Boleto,300,0.11,1500,165.0,1335.0,Periféticos
2025-02-17 02:33:48,14325,226,Mouse,Centro-Oeste,1,Cartão de débito,120,0.11,120,13.2,106.8,Periféricos
2025-10-14 04:57:32,14326,670,Teclado,Norte,1,Pix,250,0.01,250,2.5,247.5,Periféricos
2025-10-01 16:40:05,14327,740,Cadeira,Centro-Oeste,2,Cartão de crédito,850,0.14,1700,238.00000000000003,1462.0,Móveis
2025-05-08 22:18:24,14328,917,Impressora,Sudeste,4,Boleto,900,0.07,3600,252.00000000000003,3348.0,Eletrônicos
2025-05-11 07:59:44,14329,126,Teclado,Sudeste,5,Cartão de débito,250,0.13,1250,162.5,1087.5,Periféricos
2025-01-16 20:21:17,14330,956,Celular,Sul,2,Pix,2200,0.0,4400,0.0,4400.0,Eletrônicos
2025-09-16 02:23:03,14331,209,Tablet,Nordeste,2,Pix,1500,0.04,3000,120.0,2880.0,Eletrônicos
2025-09-29 23:35:06,14332,97,Tablet,Sudeste,1,Pix,1500,0.15,1500,225.0,1275.0,Eletrônicos
2025-01-09 16:19:31,14333,74,Monitor,Sudeste,5,Cartão de crédito,1200,0.06,6000,360.0,5640.0,Eletrônicos
2025-11-18 06:58:03,14334,627,Teclado,Centro-Oeste,2,Pix,250,0.13,500,65.0,435.0,Periféricos
2025-07-01 20:11:12,14335,191,Impressora,Centro-Oeste,3,Cartão de crédito,900,0.05,2700,135.0,2565.0,Eletrônicos
2025-05-26 07:27:21,14336,682,Impressora,Sudeste,2,Cartão de débito,900,0.08,1800,144.0,1656.0,Eletrônicos
2025-04-06 04:01:42,14337,819,Mouse,Sul,3,Boleto,120,0.13,360,46.800000000000004,313.2,Periféricos
2025-10-11 21:06:28,14338,960,Tablet,Centro-Oeste,4,Boleto,1500,0.09,6000,540.0,5460.0,Eletrônicos
2025-02-21 14:57:56,14339,716,Monitor,Sudeste,3,Boleto,1200,0.11,3600,396.0,3204.0,Eletrônicos
2025-03-28 07:18:08,14340,56,Teclado,Nordeste,3,Pix,250,0.03,750,22.5,727.5,Periféricos
2025-08-30 08:30:53,14341,720,Tablet,Centro-Oeste,1,Boleto,1500,0.02,1500,30.0,1470.0,Eletrônicos
2025-11-03 19:18:01,14342,553,Tablet,Sudeste,2,Cartão de débito,1500,0.03,3000,90.0,2910.0,Eletrônicos
2025-08-09 00:48:42,14343,32,Impressora,Norte,4,Cartão de crédito,900,0.07,3600,252.00000000000003,3348.0,Eletrônicos
2025-09-22 17:17:41,14344,527,Teclado,Centro-Oeste,2,Boleto,250,0.12,500,60.0,440.0,Periféricos
2025-04-13 17:06:05,14345,574,Notebook,Norte,3,Cartão de crédito,3500,0.05,10500,525.0,9975.0,Eletrônicos
2025-08-06 22:59:52,14346,667,Teclado,Centro-Oeste,3,Cartão de crédito,250,0.08,750,60.0,690.0,Periféricos
2025-11-14 15:36:40,14347,284,Headset,Centro-Oeste,2,Boleto,300,0.12,600,72.0,528.0,Periféticos
2025-07-27 21:32:07,14348,721,Tablet,Norte,4,Boleto,1500,0.04,6000,240.0,5760.0,Eletrônicos
2025-02-27 10:17:08,14349,832,Mouse,Sul,4,Boleto,120,0.13,480,62.400000000000006,417.6,Periféricos
2025-06-14 15:43:44,14350,494,Notebook,Sudeste,1,Pix,3500,0.14,3500,490.00000000000006,3010.0,Eletrônicos
2025-10-11 16:19:28,14351,187,Celular,Sul,3,Boleto,2200,0.01,6600,66.0,6534.0,Eletrônicos
2025-08-10 21:02:15,14352,498,Monitor,Sul,3,Pix,1200,0.01,3600,36.0,3564.0,Eletrônicos
2025-01-18 08:55:48,14353,442,Teclado,Sudeste,1,Cartão de débito,250,0.01,250,2.5,247.5,Periféricos
2025-03-15 05:31:30,14354,130,Mouse,Nordeste,2,Cartão de crédito,120,0.12,240,28.799999999999997,211.2,Periféricos
2025-08-30 17:24:10,14355,639,Celular,Sul,3,Cartão de débito,2200,0.03,6600,198.0,6402.0,Eletrônicos
2025-08-11 01:24:06,14356,292,Celular,Sul,2,Boleto,2200,0.11,4400,484.0,3916.0,Eletrônicos
2025-12-16 17:06:48,14357,114,Tablet,Sul,4,Cartão de crédito,1500,0.07,6000,420.00000000000006,5580.0,Eletrônicos
2025-11-06 17:32:22,14358,199,Headset,Nordeste,5,Boleto,300,0.13,1500,195.0,1305.0,Periféticos
2025-03-09 13:26:36,14359,13,Tablet,Centro-Oeste,1,Boleto,1500,0.12,1500,180.0,1320.0,Eletrônicos
2025-06-26 05:35:59,14360,271,Monitor,Norte,3,Cartão de crédito,1200,0.14,3600,504.00000000000006,3096.0,Eletrônicos
2025-12-12 07:13:14,14361,601,Notebook,Norte,1,Cartão de débito,3500,0.04,3500,140.0,3360.0,Eletrônicos
2025-10-15 21:00:29,14362,215,Impressora,Nordeste,4,Boleto,900,0.03,3600,108.0,3492.0,Eletrônicos
2025-02-01 06:49:54,14363,444,Cadeira,Sul,4,Cartão de crédito,850,0.0,3400,0.0,3400.0,Móveis
2025-09-20 16:40:42,14364,790,Notebook,Norte,4,Cartão de débito,3500,0.06,14000,840.0,13160.0,Eletrônicos
2025-11-19 13:49:00,14365,512,Monitor,Nordeste,4,Pix,1200,0.07,4800,336.00000000000006,4464.0,Eletrônicos
2025-03-06 07:50:05,14366,447,Impressora,Sudeste,5,Cartão de débito,900,0.14,4500,630.0000000000001,3870.0,Eletrônicos
2025-02-26 17:47:24,14367,986,Celular,Norte,2,Cartão de débito,2200,0.12,4400,528.0,3872.0,Eletrônicos
2025-07-16 09:48:48,14368,993,Notebook,Sudeste,2,Cartão de crédito,3500,0.03,7000,210.0,6790.0,Eletrônicos
2025-12-17 22:43:51,14369,715,Impressora,Sul,5,Cartão de débito,900,0.12,4500,540.0,3960.0,Eletrônicos
2025-06-13 22:26:26,14370,74,Teclado,Norte,2,Pix,250,0.03,500,15.0,485.0,Periféricos
2025-08-26 04:06:35,14371,537,Tablet,Nordeste,4,Pix,1500,0.01,6000,60.0,5940.0,Eletrônicos
2025-12-27 19:47:19,14372,101,Cadeira,Centro-Oeste,2,Boleto,850,0.13,1700,221.0,1479.0,Móveis
2025-03-09 15:44:07,14373,176,Mouse,Norte,1,Pix,120,0.15,120,18.0,102.0,Periféricos
2025-12-09 00:45:48,14374,427,Teclado,Norte,2,Boleto,250,0.01,500,5.0,495.0,Periféricos
2025-06-03 20:39:16,14375,117,Notebook,Norte,1,Pix,3500,0.12,3500,420.0,3080.0,Eletrônicos
2025-01-18 22:23:40,14376,166,Mesa,Norte,3,Cartão de débito,1100,0.13,3300,429.0,2871.0,Móveis
2025-11-12 07:08:59,14377,41,Impressora,Nordeste,1,Boleto,900,0.02,900,18.0,882.0,Eletrônicos
2025-05-16 20:25:32,14378,429,Celular,Nordeste,1,Pix,2200,0.04,2200,88.0,2112.0,Eletrônicos
2025-08-21 21:41:03,14379,344,Celular,Centro-Oeste,4,Cartão de débito,2200,0.11,8800,968.0,7832.0,Eletrônicos
2025-06-22 21:16:28,14380,424,Mesa,Nordeste,4,Cartão de débito,1100,0.12,4400,528.0,3872.0,Móveis
2025-04-07 05:08:54,14381,366,Notebook,Nordeste,4,Boleto,3500,0.05,14000,700.0,13300.0,Eletrônicos
2025-02-15 03:26:19,14382,120,Celular,Sul,1,Cartão de crédito,2200,0.02,2200,44.0,2156.0,Eletrônicos
2025-02-14 00:46:49,14383,609,Headset,Sul,5,Cartão de débito,300,0.1,1500,150.0,1350.0,Periféticos
2025-05-12 09:45:40,14384,657,Celular,Sudeste,4,Cartão de débito,2200,0.11,8800,968.0,7832.0,Eletrônicos
2025-03-19 19:14:15,14385,728,Cadeira,Centro-Oeste,4,Cartão de crédito,850,0.08,3400,272.0,3128.0,Móveis
2025-06-24 06:13:44,14386,229,Headset,Sul,1,Boleto,300,0.02,300,6.0,294.0,Periféticos
2025-06-28 09:41:46,14387,825,Monitor,Centro-Oeste,3,Pix,1200,0.13,3600,468.0,3132.0,Eletrônicos
2025-04-15 13:59:09,14388,130,Monitor,Centro-Oeste,3,Pix,1200,0.1,3600,360.0,3240.0,Eletrônicos
2025-07-31 18:49:58,14389,352,Impressora,Norte,2,Cartão de débito,900,0.13,1800,234.0,1566.0,Eletrônicos
2025-11-26 19:25:17,14390,889,Headset,Centro-Oeste,3,Cartão de crédito,300,0.14,900,126.00000000000001,774.0,Periféticos
2025-03-14 16:54:06,14391,318,Teclado,Norte,4,Cartão de débito,250,0.12,1000,120.0,880.0,Periféricos
2025-08-29 11:00:38,14392,984,Impressora,Sudeste,5,Boleto,900,0.14,4500,630.0000000000001,3870.0,Eletrônicos
2025-03-16 09:04:48,14393,649,Teclado,Sudeste,2,Cartão de débito,250,0.14,500,70.0,430.0,Periféricos
2025-04-22 00:00:46,14394,836,Cadeira,Sudeste,5,Pix,850,0.09,4250,382.5,3867.5,Móveis
2025-08-08 05:36:19,14395,337,Tablet,Norte,5,Cartão de crédito,1500,0.11,7500,825.0,6675.0,Eletrônicos
2025-12-10 02:54:09,14396,273,Notebook,Norte,4,Boleto,3500,0.1,14000,1400.0,12600.0,Eletrônicos
2025-11-29 18:31:45,14397,117,Headset,Sudeste,1,Cartão de débito,300,0.09,300,27.0,273.0,Periféticos
2025-09-12 03:36:33,14398,818,Mesa,Norte,1,Pix,1100,0.0,1100,0.0,1100.0,Móveis
2025-03-03 02:58:11,14399,368,Mouse,Nordeste,1,Cartão de débito,120,0.05,120,6.0,114.0,Periféricos
2025-02-21 00:31:25,14400,94,Notebook,Nordeste,3,Pix,3500,0.02,10500,210.0,10290.0,Eletrônicos
2025-06-22 23:39:12,14401,168,Cadeira,Norte,1,Cartão de crédito,850,0.05,850,42.5,807.5,Móveis
2025-06-04 16:10:38,14402,954,Headset,Norte,4,Boleto,300,0.01,1200,12.0,1188.0,Periféticos
2025-11-15 20:48:35,14403,715,Monitor,Sul,3,Cartão de débito,1200,0.14,3600,504.00000000000006,3096.0,Eletrônicos
2025-04-03 17:39:29,14404,341,Notebook,Sul,1,Boleto,3500,0.07,3500,245.00000000000003,3255.0,Eletrônicos
2025-11-12 12:36:52,14405,661,Teclado,Centro-Oeste,5,Cartão de crédito,250,0.03,1250,37.5,1212.5,Periféricos
2025-07-10 18:18:58,14406,914,Mesa,Centro-Oeste,4,Pix,1100,0.09,4400,396.0,4004.0,Móveis
2025-05-08 19:56:30,14407,695,Notebook,Centro-Oeste,4,Cartão de crédito,3500,0.03,14000,420.0,13580.0,Eletrônicos
2025-08-31 20:22:51,14408,925,Mouse,Sudeste,2,Cartão de crédito,120,0.12,240,28.799999999999997,211.2,Periféricos
2025-05-15 15:32:55,14409,152,Cadeira,Nordeste,4,Boleto,850,0.05,3400,170.0,3230.0,Móveis
2025-02-28 13:27:47,14410,586,Cadeira,Sudeste,5,Cartão de crédito,850,0.05,4250,212.5,4037.5,Móveis
2025-04-04 15:25:36,14411,877,Impressora,Norte,4,Cartão de débito,900,0.13,3600,468.0,3132.0,Eletrônicos
2025-02-04 13:21:36,14412,913,Cadeira,Sul,2,Pix,850,0.08,1700,136.0,1564.0,Móveis
2025-10-16 10:19:55,14413,274,Impressora,Norte,4,Cartão de crédito,900,0.13,3600,468.0,3132.0,Eletrônicos
2025-04-13 03:43:53,14414,554,Cadeira,Norte,4,Cartão de débito,850,0.06,3400,204.0,3196.0,Móveis
2025-02-08 04:58:26,14415,496,Mouse,Sul,2,Pix,120,0.05,240,12.0,228.0,Periféricos
2025-06-09 12:14:06,14416,724,Cadeira,Norte,4,Boleto,850,0.08,3400,272.0,3128.0,Móveis
2025-07-30 01:28:06,14417,101,Mesa,Centro-Oeste,3,Pix,1100,0.01,3300,33.0,3267.0,Móveis
2025-11-16 09:42:25,14418,557,Tablet,Sul,4,Boleto,1500,0.02,6000,120.0,5880.0,Eletrônicos
2025-08-13 04:49:02,14419,82,Monitor,Norte,1,Pix,1200,0.03,1200,36.0,1164.0,Eletrônicos
2025-09-29 23:22:04,14420,529,Mesa,Centro-Oeste,1,Cartão de crédito,1100,0.12,1100,132.0,968.0,Móveis
2025-12-04 18:41:44,14421,73,Cadeira,Centro-Oeste,3,Boleto,850,0.11,2550,280.5,2269.5,Móveis
2025-10-17 13:36:09,14422,14,Headset,Nordeste,4,Boleto,300,0.03,1200,36.0,1164.0,Periféticos
2025-05-07 12:17:05,14423,433,Teclado,Centro-Oeste,5,Boleto,250,0.04,1250,50.0,1200.0,Periféricos
2025-09-17 19:32:02,14424,157,Tablet,Sudeste,4,Cartão de crédito,1500,0.14,6000,840.0000000000001,5160.0,Eletrônicos
2025-09-03 16:31:08,14425,735,Monitor,Sul,1,Cartão de crédito,1200,0.01,1200,12.0,1188.0,Eletrônicos
2025-04-26 06:17:45,14426,132,Teclado,Sul,2,Pix,250,0.08,500,40.0,460.0,Periféricos
2025-04-18 01:21:17,14427,338,Mesa,Sul,3,Pix,1100,0.08,3300,264.0,3036.0,Móveis
2025-06-13 05:25:37,14428,404,Mouse,Norte,2,Cartão de crédito,120,0.11,240,26.4,213.6,Periféricos
2025-10-29 04:27:30,14429,376,Mouse,Norte,5,Cartão de crédito,120,0.04,600,24.0,576.0,Periféricos
2025-12-16 19:24:37,14430,888,Teclado,Sudeste,4,Boleto,250,0.14,1000,140.0,860.0,Periféricos
2025-11-13 06:52:56,14431,559,Headset,Centro-Oeste,5,Pix,300,0.06,1500,90.0,1410.0,Periféticos
2025-06-08 23:55:36,14432,107,Teclado,Norte,2,Pix,250,0.04,500,20.0,480.0,Periféricos
2025-10-20 11:57:26,14433,620,Mesa,Centro-Oeste,4,Boleto,1100,0.05,4400,220.0,4180.0,Móveis
2025-11-20 16:02:35,14434,265,Teclado,Centro-Oeste,5,Boleto,250,0.05,1250,62.5,1187.5,Periféricos
2025-09-17 15:20:51,14435,205,Monitor,Norte,1,Boleto,1200,0.03,1200,36.0,1164.0,Eletrônicos
2025-09-09 18:17:41,14436,79,Headset,Norte,1,Cartão de débito,300,0.14,300,42.00000000000001,258.0,Periféticos
2025-06-17 13:39:38,14437,155,Celular,Sudeste,3,Cartão de débito,2200,0.03,6600,198.0,6402.0,Eletrônicos
2025-11-25 09:33:40,14438,783,Notebook,Nordeste,1,Cartão de crédito,3500,0.13,3500,455.0,3045.0,Eletrônicos
2025-07-19 15:02:25,14439,988,Celular,Sul,1,Pix,2200,0.06,2200,132.0,2068.0,Eletrônicos
2025-11-22 19:15:40,14440,997,Impressora,Norte,2,Boleto,900,0.04,1800,72.0,1728.0,Eletrônicos
2025-07-16 01:11:01,14441,247,Teclado,Norte,1,Boleto,250,0.03,250,7.5,242.5,Periféricos
2025-02-14 09:04:02,14442,531,Mouse,Centro-Oeste,1,Pix,120,0.08,120,9.6,110.4,Periféricos
2025-05-16 02:03:59,14443,858,Celular,Nordeste,2,Cartão de débito,2200,0.1,4400,440.0,3960.0,Eletrônicos
2025-12-09 09:58:53,14444,948,Cadeira,Norte,1,Pix,850,0.13,850,110.5,739.5,Móveis
2025-03-17 04:01:43,14445,538,Mesa,Nordeste,1,Cartão de crédito,1100,0.1,1100,110.0,990.0,Móveis
2025-07-13 13:51:12,14446,729,Celular,Sul,3,Cartão de débito,2200,0.07,6600,462.00000000000006,6138.0,Eletrônicos
2025-01-08 22:00:29,14447,154,Tablet,Centro-Oeste,1,Pix,1500,0.01,1500,15.0,1485.0,Eletrônicos
2025-03-03 18:35:55,14448,154,Headset,Sudeste,1,Pix,300,0.14,300,42.00000000000001,258.0,Periféticos
2025-10-25 04:16:34,14449,686,Mesa,Sul,3,Cartão de crédito,1100,0.14,3300,462.00000000000006,2838.0,Móveis
2025-06-26 00:03:54,14450,92,Mouse,Nordeste,2,Pix,120,0.06,240,14.399999999999999,225.6,Periféricos
2025-03-22 19:17:20,14451,433,Impressora,Nordeste,1,Cartão de débito,900,0.0,900,0.0,900.0,Eletrônicos
2025-11-08 13:16:38,14452,338,Celular,Sul,5,Boleto,2200,0.11,11000,1210.0,9790.0,Eletrônicos
2025-12-09 08:58:20,14453,480,Headset,Nordeste,2,Boleto,300,0.12,600,72.0,528.0,Periféticos
2025-02-16 07:01:34,14454,693,Notebook,Sudeste,2,Boleto,3500,0.08,7000,560.0,6440.0,Eletrônicos
2025-08-21 11:22:01,14455,131,Headset,Sudeste,1,Cartão de débito,300,0.06,300,18.0,282.0,Periféticos
2025-07-13 02:33:08,14456,450,Headset,Nordeste,3,Pix,300,0.13,900,117.0,783.0,Periféticos
2025-10-17 02:30:44,14457,993,Mesa,Nordeste,2,Pix,1100,0.03,2200,66.0,2134.0,Móveis
2025-06-15 18:58:05,14458,810,Notebook,Sudeste,3,Pix,3500,0.07,10500,735.0000000000001,9765.0,Eletrônicos
2025-07-16 14:22:40,14459,787,Headset,Nordeste,5,Pix,300,0.0,1500,0.0,1500.0,Periféticos
2025-09-12 05:05:02,14460,273,Tablet,Norte,3,Boleto,1500,0.02,4500,90.0,4410.0,Eletrônicos
2025-12-26 09:33:18,14461,929,Celular,Centro-Oeste,4,Cartão de débito,2200,0.14,8800,1232.0000000000002,7568.0,Eletrônicos
2025-10-09 20:54:48,14462,588,Celular,Norte,3,Cartão de crédito,2200,0.09,6600,594.0,6006.0,Eletrônicos
2025-05-10 19:01:42,14463,177,Tablet,Nordeste,2,Cartão de débito,1500,0.12,3000,360.0,2640.0,Eletrônicos
2025-07-29 22:28:39,14464,696,Celular,Nordeste,3,Pix,2200,0.07,6600,462.00000000000006,6138.0,Eletrônicos
2025-07-11 14:11:04,14465,831,Headset,Centro-Oeste,3,Pix,300,0.13,900,117.0,783.0,Periféticos
2025-08-31 19:29:41,14466,643,Impressora,Nordeste,4,Cartão de débito,900,0.08,3600,288.0,3312.0,Eletrônicos
2025-04-03 04:20:43,14467,875,Headset,Centro-Oeste,4,Cartão de débito,300,0.0,1200,0.0,1200.0,Periféticos
2025-08-16 16:15:16,14468,49,Mesa,Sudeste,1,Boleto,1100,0.13,1100,143.0,957.0,Móveis
2025-09-06 04:40:21,14469,567,Cadeira,Centro-Oeste,2,Pix,850,0.02,1700,34.0,1666.0,Móveis
2025-01-14 20:32:42,14470,666,Impressora,Centro-Oeste,1,Cartão de débito,900,0.07,900,63.00000000000001,837.0,Eletrônicos
2025-01-13 02:36:01,14471,355,Mouse,Norte,4,Pix,120,0.07,480,33.6,446.4,Periféricos
2025-09-29 10:27:47,14472,712,Mouse,Nordeste,3,Cartão de débito,120,0.01,360,3.6,356.4,Periféricos
2025-02-24 06:21:22,14473,308,Impressora,Sudeste,4,Pix,900,0.01,3600,36.0,3564.0,Eletrônicos
2025-12-29 23:47:56,14474,868,Headset,Sul,5,Cartão de débito,300,0.11,1500,165.0,1335.0,Periféticos
2025-04-07 14:53:42,14475,885,Teclado,Centro-Oeste,3,Pix,250,0.05,750,37.5,712.5,Periféricos
2025-06-22 14:06:00,14476,630,Cadeira,Sul,1,Cartão de crédito,850,0.06,850,51.0,799.0,Móveis
2025-03-22 19:53:24,14477,775,Tablet,Nordeste,3,Boleto,1500,0.08,4500,360.0,4140.0,Eletrônicos
2025-04-28 16:31:33,14478,46,Headset,Centro-Oeste,5,Cartão de crédito,300,0.06,1500,90.0,1410.0,Periféticos
2025-08-05 03:25:17,14479,302,Impressora,Sul,4,Boleto,900,0.12,3600,432.0,3168.0,Eletrônicos
2025-02-25 00:43:39,14480,868,Teclado,Norte,2,Boleto,250,0.13,500,65.0,435.0,Periféricos
2025-03-16 19:56:17,14481,912,Headset,Sul,2,Cartão de débito,300,0.01,600,6.0,594.0,Periféticos
2025-03-12 22:37:19,14482,408,Teclado,Norte,2,Cartão de crédito,250,0.1,500,50.0,450.0,Periféricos
2025-04-15 21:10:26,14483,189,Impressora,Sudeste,4,Boleto,900,0.05,3600,180.0,3420.0,Eletrônicos
2025-08-28 03:34:26,14484,822,Headset,Nordeste,2,Pix,300,0.09,600,54.0,546.0,Periféticos
2025-10-26 06:05:15,14485,830,Notebook,Sul,5,Cartão de débito,3500,0.07,17500,1225.0000000000002,16275.0,Eletrônicos
2025-02-26 17:40:59,14486,129,Celular,Centro-Oeste,4,Cartão de débito,2200,0.05,8800,440.0,8360.0,Eletrônicos
2025-05-08 21:23:26,14487,561,Impressora,Nordeste,2,Pix,900,0.01,1800,18.0,1782.0,Eletrônicos
2025-03-18 11:31:52,14488,537,Mouse,Sul,1,Pix,120,0.08,120,9.6,110.4,Periféricos
2025-03-06 12:14:54,14489,266,Mouse,Centro-Oeste,4,Boleto,120,0.02,480,9.6,470.4,Periféricos
2025-09-12 16:43:02,14490,118,Cadeira,Centro-Oeste,4,Pix,850,0.02,3400,68.0,3332.0,Móveis
2025-11-13 11:54:15,14491,464,Monitor,Centro-Oeste,3,Cartão de débito,1200,0.15,3600,540.0,3060.0,Eletrônicos
2025-12-06 23:52:42,14492,144,Mouse,Centro-Oeste,2,Pix,120,0.05,240,12.0,228.0,Periféricos
2025-07-22 12:10:23,14493,442,Monitor,Sul,1,Cartão de crédito,1200,0.09,1200,108.0,1092.0,Eletrônicos
2025-08-12 13:22:39,14494,200,Notebook,Sudeste,5,Cartão de débito,3500,0.04,17500,700.0,16800.0,Eletrônicos
2025-07-18 02:12:09,14495,157,Impressora,Norte,4,Pix,900,0.13,3600,468.0,3132.0,Eletrônicos
2025-05-23 09:52:58,14496,487,Teclado,Norte,5,Cartão de débito,250,0.04,1250,50.0,1200.0,Periféricos
2025-12-31 02:04:40,14497,860,Cadeira,Norte,5,Boleto,850,0.06,4250,255.0,3995.0,Móveis
2025-07-17 23:40:37,14498,134,Celular,Sudeste,5,Cartão de crédito,2200,0.09,11000,990.0,10010.0,Eletrônicos
2025-05-03 07:55:15,14499,912,Tablet,Centro-Oeste,3,Boleto,1500,0.13,4500,585.0,3915.0,Eletrônicos
2025-04-27 18:44:11,14500,148,Monitor,Centro-Oeste,5,Cartão de crédito,1200,0.12,6000,720.0,5280.0,Eletrônicos
2025-02-14 23:43:28,14501,336,Celular,Nordeste,2,Pix,2200,0.04,4400,176.0,4224.0,Eletrônicos
2025-04-29 01:36:23,14502,71,Cadeira,Norte,2,Cartão de débito,850,0.12,1700,204.0,1496.0,Móveis
2025-07-12 07:45:37,14503,233,Cadeira,Norte,1,Pix,850,0.11,850,93.5,756.5,Móveis
2025-05-20 01:47:35,14504,334,Mouse,Centro-Oeste,1,Boleto,120,0.15,120,18.0,102.0,Periféricos
2025-03-19 20:07:55,14505,811,Celular,Norte,5,Cartão de débito,2200,0.14,11000,1540.0000000000002,9460.0,Eletrônicos
2025-02-11 20:20:52,14506,666,Headset,Centro-Oeste,5,Pix,300,0.08,1500,120.0,1380.0,Periféticos
2025-09-12 07:02:30,14507,90,Mesa,Centro-Oeste,3,Pix,1100,0.11,3300,363.0,2937.0,Móveis
2025-04-08 21:16:51,14508,334,Cadeira,Centro-Oeste,5,Cartão de débito,850,0.09,4250,382.5,3867.5,Móveis
2025-10-12 03:23:16,14509,199,Monitor,Sul,5,Cartão de débito,1200,0.09,6000,540.0,5460.0,Eletrônicos
2025-12-29 02:47:19,14510,161,Tablet,Sul,5,Boleto,1500,0.02,7500,150.0,7350.0,Eletrônicos
2025-07-23 12:42:40,14511,538,Tablet,Sul,4,Cartão de crédito,1500,0.0,6000,0.0,6000.0,Eletrônicos
2025-04-16 18:09:04,14512,121,Notebook,Sul,4,Cartão de crédito,3500,0.01,14000,140.0,13860.0,Eletrônicos
2025-03-08 05:03:42,14513,301,Notebook,Sudeste,3,Cartão de débito,3500,0.14,10500,1470.0000000000002,9030.0,Eletrônicos
2025-10-27 08:49:23,14514,724,Mouse,Nordeste,3,Cartão de crédito,120,0.02,360,7.2,352.8,Periféricos
2025-07-10 10:57:22,14515,575,Headset,Nordeste,2,Boleto,300,0.01,600,6.0,594.0,Periféticos
2025-04-10 22:20:12,14516,963,Mouse,Centro-Oeste,3,Cartão de crédito,120,0.05,360,18.0,342.0,Periféricos
2025-03-22 06:01:45,14517,436,Tablet,Norte,2,Cartão de débito,1500,0.09,3000,270.0,2730.0,Eletrônicos
2025-09-16 08:43:39,14518,68,Teclado,Sul,5,Boleto,250,0.14,1250,175.00000000000003,1075.0,Periféricos
2025-07-14 09:08:33,14519,765,Tablet,Nordeste,3,Cartão de débito,1500,0.1,4500,450.0,4050.0,Eletrônicos
2025-07-23 07:20:59,14520,922,Cadeira,Nordeste,3,Boleto,850,0.04,2550,102.0,2448.0,Móveis
2025-11-30 13:48:18,14521,459,Celular,Sul,3,Boleto,2200,0.14,6600,924.0000000000001,5676.0,Eletrônicos
2025-08-20 23:32:58,14522,514,Celular,Sudeste,2,Cartão de débito,2200,0.01,4400,44.0,4356.0,Eletrônicos
2025-06-02 05:06:54,14523,398,Cadeira,Sudeste,2,Pix,850,0.15,1700,255.0,1445.0,Móveis
2025-03-11 13:32:14,14524,620,Cadeira,Nordeste,1,Cartão de débito,850,0.01,850,8.5,841.5,Móveis
2025-05-13 02:50:02,14525,286,Tablet,Sudeste,2,Boleto,1500,0.11,3000,330.0,2670.0,Eletrônicos
2025-06-17 23:10:53,14526,561,Celular,Sul,2,Cartão de débito,2200,0.01,4400,44.0,4356.0,Eletrônicos
2025-04-22 07:02:34,14527,140,Celular,Nordeste,4,Cartão de débito,2200,0.14,8800,1232.0000000000002,7568.0,Eletrônicos
2025-11-21 14:35:28,14528,730,Impressora,Sul,3,Boleto,900,0.02,2700,54.0,2646.0,Eletrônicos
2025-09-18 18:17:09,14529,556,Celular,Sudeste,2,Cartão de crédito,2200,0.01,4400,44.0,4356.0,Eletrônicos
2025-06-18 11:49:19,14530,929,Cadeira,Sul,3,Boleto,850,0.13,2550,331.5,2218.5,Móveis
2025-07-29 14:46:28,14531,781,Notebook,Sudeste,3,Cartão de débito,3500,0.01,10500,105.0,10395.0,Eletrônicos
2025-09-17 10:10:41,14532,590,Headset,Sudeste,4,Boleto,300,0.12,1200,144.0,1056.0,Periféticos
2025-10-15 14:48:15,14533,728,Teclado,Sul,3,Boleto,250,0.11,750,82.5,667.5,Periféricos
2025-12-12 17:42:11,14534,894,Cadeira,Sudeste,2,Cartão de crédito,850,0.09,1700,153.0,1547.0,Móveis
2025-04-15 05:14:31,14535,610,Celular,Centro-Oeste,3,Pix,2200,0.06,6600,396.0,6204.0,Eletrônicos
2025-07-01 23:42:03,14536,748,Monitor,Sul,1,Cartão de débito,1200,0.14,1200,168.00000000000003,1032.0,Eletrônicos
2025-09-06 14:21:25,14537,282,Tablet,Centro-Oeste,1,Cartão de débito,1500,0.13,1500,195.0,1305.0,Eletrônicos
2025-02-13 13:50:56,14538,661,Tablet,Sul,4,Cartão de crédito,1500,0.06,6000,360.0,5640.0,Eletrônicos
2025-07-03 18:19:10,14539,924,Headset,Sudeste,2,Boleto,300,0.03,600,18.0,582.0,Periféticos
2025-02-08 11:41:55,14540,816,Cadeira,Sudeste,4,Pix,850,0.04,3400,136.0,3264.0,Móveis
2025-06-13 21:45:20,14541,996,Headset,Nordeste,1,Cartão de débito,300,0.03,300,9.0,291.0,Periféticos
2025-06-12 19:32:01,14542,936,Notebook,Nordeste,2,Pix,3500,0.08,7000,560.0,6440.0,Eletrônicos
2025-03-02 09:11:32,14543,578,Mesa,Centro-Oeste,3,Pix,1100,0.13,3300,429.0,2871.0,Móveis
2025-04-06 15:43:25,14544,746,Mouse,Sudeste,2,Boleto,120,0.12,240,28.799999999999997,211.2,Periféricos
2025-07-23 18:33:27,14545,457,Monitor,Nordeste,5,Boleto,1200,0.12,6000,720.0,5280.0,Eletrônicos
2025-02-14 05:21:27,14546,87,Mouse,Sudeste,2,Boleto,120,0.07,240,16.8,223.2,Periféricos
2025-09-29 04:12:42,14547,79,Mesa,Sul,3,Cartão de débito,1100,0.05,3300,165.0,3135.0,Móveis
2025-02-02 22:37:54,14548,205,Monitor,Nordeste,5,Pix,1200,0.11,6000,660.0,5340.0,Eletrônicos
2025-06-03 02:28:26,14549,791,Mouse,Centro-Oeste,4,Pix,120,0.12,480,57.599999999999994,422.4,Periféricos
2025-05-28 23:09:32,14550,337,Monitor,Nordeste,2,Cartão de débito,1200,0.1,2400,240.0,2160.0,Eletrônicos
2025-03-11 07:21:39,14551,254,Headset,Sudeste,4,Cartão de crédito,300,0.0,1200,0.0,1200.0,Periféticos
2025-10-04 00:02:33,14552,304,Teclado,Norte,2,Boleto,250,0.09,500,45.0,455.0,Periféricos
2025-10-13 06:58:53,14553,380,Impressora,Norte,1,Cartão de débito,900,0.05,900,45.0,855.0,Eletrônicos
2025-07-07 00:38:02,14554,130,Monitor,Sudeste,1,Boleto,1200,0.03,1200,36.0,1164.0,Eletrônicos
2025-09-15 05:08:15,14555,596,Mesa,Sul,3,Pix,1100,0.1,3300,330.0,2970.0,Móveis
2025-01-05 08:39:54,14556,276,Headset,Nordeste,1,Cartão de débito,300,0.04,300,12.0,288.0,Periféticos
2025-07-07 15:40:25,14557,699,Impressora,Norte,5,Cartão de crédito,900,0.14,4500,630.0000000000001,3870.0,Eletrônicos
2025-08-28 01:41:06,14558,558,Headset,Sul,5,Boleto,300,0.04,1500,60.0,1440.0,Periféticos
2025-02-05 02:35:49,14559,899,Notebook,Sudeste,2,Pix,3500,0.08,7000,560.0,6440.0,Eletrônicos
2025-11-05 21:08:10,14560,183,Celular,Sul,4,Pix,2200,0.12,8800,1056.0,7744.0,Eletrônicos
2025-11-16 23:27:56,14561,268,Tablet,Sudeste,5,Cartão de crédito,1500,0.06,7500,450.0,7050.0,Eletrônicos
2025-09-26 08:04:30,14562,808,Notebook,Nordeste,2,Cartão de crédito,3500,0.12,7000,840.0,6160.0,Eletrônicos
2025-06-22 19:16:04,14563,322,Mesa,Sul,4,Boleto,1100,0.11,4400,484.0,3916.0,Móveis
2025-01-10 01:27:57,14564,512,Cadeira,Nordeste,1,Pix,850,0.14,850,119.00000000000001,731.0,Móveis
2025-09-08 22:14:01,14565,612,Cadeira,Sul,2,Cartão de crédito,850,0.05,1700,85.0,1615.0,Móveis
2025-03-23 19:22:12,14566,78,Tablet,Sudeste,4,Cartão de débito,1500,0.02,6000,120.0,5880.0,Eletrônicos
2025-12-03 05:43:24,14567,784,Headset,Sudeste,3,Cartão de crédito,300,0.06,900,54.0,846.0,Periféticos
2025-06-09 13:03:32,14568,339,Teclado,Sul,3,Cartão de débito,250,0.12,750,90.0,660.0,Periféricos
2025-05-19 21:10:01,14569,674,Mesa,Sudeste,5,Pix,1100,0.07,5500,385.00000000000006,5115.0,Móveis
2025-03-14 21:51:32,14570,556,Tablet,Centro-Oeste,4,Boleto,1500,0.04,6000,240.0,5760.0,Eletrônicos
2025-09-19 07:09:22,14571,509,Impressora,Centro-Oeste,3,Pix,900,0.0,2700,0.0,2700.0,Eletrônicos
2025-10-05 22:31:50,14572,238,Impressora,Nordeste,5,Pix,900,0.05,4500,225.0,4275.0,Eletrônicos
2025-11-26 11:09:57,14573,134,Cadeira,Centro-Oeste,2,Pix,850,0.11,1700,187.0,1513.0,Móveis
2025-03-10 14:50:43,14574,973,Celular,Centro-Oeste,2,Pix,2200,0.02,4400,88.0,4312.0,Eletrônicos
2025-05-13 17:59:45,14575,192,Headset,Norte,4,Boleto,300,0.05,1200,60.0,1140.0,Periféticos
2025-11-14 21:22:03,14576,356,Cadeira,Norte,4,Cartão de crédito,850,0.0,3400,0.0,3400.0,Móveis
2025-11-11 02:24:08,14577,278,Teclado,Norte,4,Boleto,250,0.11,1000,110.0,890.0,Periféricos
2025-04-23 13:18:20,14578,18,Tablet,Norte,4,Boleto,1500,0.13,6000,780.0,5220.0,Eletrônicos
2025-12-22 16:46:04,14579,524,Monitor,Sudeste,3,Boleto,1200,0.09,3600,324.0,3276.0,Eletrônicos
2025-09-22 04:51:06,14580,180,Teclado,Nordeste,3,Boleto,250,0.0,750,0.0,750.0,Periféricos
2025-01-10 20:12:30,14581,123,Monitor,Nordeste,5,Cartão de crédito,1200,0.03,6000,180.0,5820.0,Eletrônicos
2025-06-06 10:16:29,14582,246,Headset,Centro-Oeste,3,Pix,300,0.07,900,63.00000000000001,837.0,Periféticos
2025-11-28 12:54:11,14583,734,Tablet,Nordeste,2,Cartão de crédito,1500,0.09,3000,270.0,2730.0,Eletrônicos
2025-05-15 04:30:36,14584,373,Impressora,Centro-Oeste,5,Cartão de crédito,900,0.07,4500,315.00000000000006,4185.0,Eletrônicos
2025-04-10 00:44:15,14585,51,Impressora,Nordeste,3,Pix,900,0.14,2700,378.00000000000006,2322.0,Eletrônicos
2025-08-10 04:34:55,14586,1000,Notebook,Sul,4,Cartão de crédito,3500,0.14,14000,1960.0000000000002,12040.0,Eletrônicos
2025-01-06 00:57:57,14587,71,Impressora,Sul,3,Boleto,900,0.02,2700,54.0,2646.0,Eletrônicos
2025-04-27 13:48:51,14588,480,Mesa,Nordeste,1,Boleto,1100,0.02,1100,22.0,1078.0,Móveis
2025-06-26 07:07:48,14589,560,Notebook,Sudeste,5,Pix,3500,0.05,17500,875.0,16625.0,Eletrônicos
2025-10-11 17:21:40,14590,19,Notebook,Centro-Oeste,3,Pix,3500,0.06,10500,630.0,9870.0,Eletrônicos
2025-03-07 09:59:04,14591,774,Impressora,Nordeste,3,Pix,900,0.09,2700,243.0,2457.0,Eletrônicos
2025-12-06 20:14:40,14592,84,Cadeira,Centro-Oeste,2,Boleto,850,0.12,1700,204.0,1496.0,Móveis
2025-02-20 02:01:48,14593,155,Celular,Norte,4,Pix,2200,0.02,8800,176.0,8624.0,Eletrônicos
2025-05-12 08:24:01,14594,565,Celular,Nordeste,4,Cartão de crédito,2200,0.12,8800,1056.0,7744.0,Eletrônicos
2025-08-01 11:37:16,14595,619,Mesa,Sudeste,2,Cartão de crédito,1100,0.09,2200,198.0,2002.0,Móveis
2025-07-23 06:44:37,14596,357,Mouse,Norte,2,Cartão de débito,120,0.15,240,36.0,204.0,Periféricos
2025-08-23 15:05:24,14597,816,Cadeira,Nordeste,1,Cartão de débito,850,0.1,850,85.0,765.0,Móveis
2025-10-02 15:32:10,14598,647,Mouse,Sul,5,Pix,120,0.11,600,66.0,534.0,Periféricos
2025-05-10 19:53:58,14599,443,Monitor,Nordeste,4,Cartão de débito,1200,0.03,4800,144.0,4656.0,Eletrônicos
2025-05-27 05:10:10,14600,69,Cadeira,Sul,2,Boleto,850,0.12,1700,204.0,1496.0,Móveis
2025-08-18 19:37:38,14601,523,Tablet,Sul,2,Boleto,1500,0.01,3000,30.0,2970.0,Eletrônicos
2025-09-29 07:56:25,14602,143,Mouse,Nordeste,5,Cartão de crédito,120,0.1,600,60.0,540.0,Periféricos
2025-11-20 05:45:05,14603,192,Mesa,Nordeste,2,Cartão de crédito,1100,0.01,2200,22.0,2178.0,Móveis
2025-03-17 16:17:35,14604,387,Mesa,Sul,1,Cartão de débito,1100,0.02,1100,22.0,1078.0,Móveis
2025-10-20 17:31:24,14605,378,Cadeira,Centro-Oeste,5,Cartão de débito,850,0.02,4250,85.0,4165.0,Móveis
2025-12-21 03:04:18,14606,581,Notebook,Norte,1,Boleto,3500,0.01,3500,35.0,3465.0,Eletrônicos
2025-09-21 06:17:29,14607,535,Tablet,Sudeste,3,Cartão de crédito,1500,0.05,4500,225.0,4275.0,Eletrônicos
2025-05-28 03:30:56,14608,693,Headset,Nordeste,4,Cartão de débito,300,0.15,1200,180.0,1020.0,Periféticos
2025-11-20 15:18:05,14609,293,Tablet,Norte,2,Boleto,1500,0.05,3000,150.0,2850.0,Eletrônicos
2025-10-02 00:27:42,14610,9,Mesa,Norte,5,Cartão de crédito,1100,0.11,5500,605.0,4895.0,Móveis
2025-08-18 19:05:15,14611,271,Monitor,Centro-Oeste,1,Boleto,1200,0.02,1200,24.0,1176.0,Eletrônicos
2025-02-02 22:03:00,14612,387,Mouse,Norte,4,Boleto,120,0.07,480,33.6,446.4,Periféricos
2025-09-30 09:45:15,14613,93,Mouse,Nordeste,4,Cartão de crédito,120,0.03,480,14.399999999999999,465.6,Periféricos
2025-05-08 10:23:06,14614,966,Monitor,Norte,2,Boleto,1200,0.03,2400,72.0,2328.0,Eletrônicos
2025-05-31 04:34:46,14615,529,Teclado,Nordeste,4,Cartão de débito,250,0.01,1000,10.0,990.0,Periféricos
2025-10-14 14:05:55,14616,154,Cadeira,Nordeste,2,Boleto,850,0.06,1700,102.0,1598.0,Móveis
2025-06-25 07:55:30,14617,405,Mesa,Sul,3,Cartão de débito,1100,0.01,3300,33.0,3267.0,Móveis
2025-02-28 15:15:12,14618,840,Celular,Centro-Oeste,2,Pix,2200,0.14,4400,616.0000000000001,3784.0,Eletrônicos
2025-04-27 10:50:03,14619,149,Impressora,Sudeste,1,Pix,900,0.07,900,63.00000000000001,837.0,Eletrônicos
2025-08-30 13:31:42,14620,889,Monitor,Sul,4,Pix,1200,0.13,4800,624.0,4176.0,Eletrônicos
2025-11-14 08:38:47,14621,267,Monitor,Sudeste,4,Boleto,1200,0.15,4800,720.0,4080.0,Eletrônicos
2025-11-22 06:59:46,14622,422,Tablet,Nordeste,4,Pix,1500,0.1,6000,600.0,5400.0,Eletrônicos
2025-04-14 14:17:48,14623,840,Cadeira,Sul,2,Pix,850,0.14,1700,238.00000000000003,1462.0,Móveis
2025-03-03 08:35:58,14624,618,Cadeira,Norte,5,Boleto,850,0.02,4250,85.0,4165.0,Móveis
2025-07-31 14:42:41,14625,472,Celular,Norte,2,Cartão de crédito,2200,0.12,4400,528.0,3872.0,Eletrônicos
2025-08-13 19:56:58,14626,893,Impressora,Sudeste,1,Boleto,900,0.04,900,36.0,864.0,Eletrônicos
2025-07-27 23:42:27,14627,547,Cadeira,Nordeste,2,Cartão de débito,850,0.07,1700,119.00000000000001,1581.0,Móveis
2025-06-16 02:19:30,14628,631,Notebook,Sudeste,4,Boleto,3500,0.1,14000,1400.0,12600.0,Eletrônicos
2025-02-26 14:04:44,14629,526,Mesa,Centro-Oeste,3,Cartão de crédito,1100,0.14,3300,462.00000000000006,2838.0,Móveis
2025-03-24 13:30:56,14630,503,Notebook,Norte,1,Pix,3500,0.14,3500,490.00000000000006,3010.0,Eletrônicos
2025-01-11 02:05:22,14631,14,Teclado,Sul,3,Boleto,250,0.01,750,7.5,742.5,Periféricos
2025-09-22 04:45:47,14632,778,Mesa,Sul,1,Pix,1100,0.05,1100,55.0,1045.0,Móveis
2025-06-29 16:07:45,14633,652,Headset,Sul,1,Cartão de débito,300,0.12,300,36.0,264.0,Periféticos
2025-11-06 02:54:31,14634,806,Mesa,Norte,4,Cartão de crédito,1100,0.11,4400,484.0,3916.0,Móveis
2025-10-01 22:25:25,14635,364,Mesa,Nordeste,2,Pix,1100,0.0,2200,0.0,2200.0,Móveis
2025-12-08 21:00:40,14636,119,Celular,Norte,4,Pix,2200,0.07,8800,616.0000000000001,8184.0,Eletrônicos
2025-06-21 22:37:11,14637,238,Notebook,Norte,4,Pix,3500,0.12,14000,1680.0,12320.0,Eletrônicos
2025-06-22 15:25:45,14638,546,Impressora,Sul,4,Pix,900,0.11,3600,396.0,3204.0,Eletrônicos
2025-01-26 06:05:06,14639,169,Tablet,Norte,3,Boleto,1500,0.06,4500,270.0,4230.0,Eletrônicos
2025-10-26 05:48:20,14640,522,Celular,Sul,1,Cartão de crédito,2200,0.11,2200,242.0,1958.0,Eletrônicos
2025-07-31 13:02:30,14641,634,Mesa,Nordeste,5,Cartão de crédito,1100,0.08,5500,440.0,5060.0,Móveis
2025-08-13 07:55:00,14642,913,Tablet,Centro-Oeste,2,Pix,1500,0.14,3000,420.00000000000006,2580.0,Eletrônicos
2025-01-20 17:40:43,14643,657,Mouse,Sul,4,Cartão de crédito,120,0.09,480,43.199999999999996,436.8,Periféricos
2025-02-19 11:24:52,14644,963,Tablet,Sudeste,1,Pix,1500,0.06,1500,90.0,1410.0,Eletrônicos
2025-12-04 19:59:12,14645,958,Monitor,Centro-Oeste,2,Cartão de débito,1200,0.13,2400,312.0,2088.0,Eletrônicos
2025-07-16 22:56:35,14646,735,Celular,Nordeste,5,Cartão de débito,2200,0.01,11000,110.0,10890.0,Eletrônicos
2025-02-04 10:33:25,14647,883,Celular,Centro-Oeste,5,Cartão de débito,2200,0.14,11000,1540.0000000000002,9460.0,Eletrônicos
2025-03-01 00:25:54,14648,769,Monitor,Sul,4,Cartão de crédito,1200,0.1,4800,480.0,4320.0,Eletrônicos
2025-06-03 16:07:27,14649,780,Mouse,Nordeste,5,Pix,120,0.14,600,84.00000000000001,516.0,Periféricos
2025-12-18 19:11:22,14650,871,Cadeira,Sudeste,5,Boleto,850,0.04,4250,170.0,4080.0,Móveis
2025-06-09 07:15:00,14651,516,Cadeira,Sul,2,Boleto,850,0.1,1700,170.0,1530.0,Móveis
2025-09-24 23:21:05,14652,938,Cadeira,Sul,2,Cartão de débito,850,0.12,1700,204.0,1496.0,Móveis
2025-06-18 16:17:14,14653,397,Cadeira,Nordeste,4,Cartão de débito,850,0.11,3400,374.0,3026.0,Móveis
2025-04-05 08:41:25,14654,866,Notebook,Nordeste,1,Cartão de crédito,3500,0.03,3500,105.0,3395.0,Eletrônicos
2025-04-17 05:05:48,14655,106,Monitor,Centro-Oeste,4,Boleto,1200,0.04,4800,192.0,4608.0,Eletrônicos
2025-09-23 12:33:50,14656,85,Mouse,Sudeste,3,Cartão de crédito,120,0.09,360,32.4,327.6,Periféricos
2025-05-19 06:39:07,14657,214,Mesa,Centro-Oeste,5,Cartão de débito,1100,0.07,5500,385.00000000000006,5115.0,Móveis
2025-12-01 15:04:21,14658,121,Teclado,Centro-Oeste,1,Pix,250,0.11,250,27.5,222.5,Periféricos
2025-10-08 23:30:28,14659,132,Celular,Sul,2,Pix,2200,0.06,4400,264.0,4136.0,Eletrônicos
2025-07-02 13:30:29,14660,850,Tablet,Nordeste,3,Pix,1500,0.13,4500,585.0,3915.0,Eletrônicos
2025-03-13 22:41:14,14661,197,Cadeira,Sul,3,Cartão de débito,850,0.06,2550,153.0,2397.0,Móveis
2025-05-02 15:57:26,14662,19,Tablet,Sudeste,5,Cartão de crédito,1500,0.01,7500,75.0,7425.0,Eletrônicos
2025-06-01 19:01:24,14663,642,Teclado,Centro-Oeste,2,Pix,250,0.0,500,0.0,500.0,Periféricos
2025-09-13 21:59:44,14664,12,Celular,Sudeste,1,Boleto,2200,0.1,2200,220.0,1980.0,Eletrônicos
2025-02-23 02:38:47,14665,81,Headset,Nordeste,2,Boleto,300,0.08,600,48.0,552.0,Periféticos
2025-04-26 19:52:51,14666,330,Impressora,Nordeste,5,Cartão de débito,900,0.08,4500,360.0,4140.0,Eletrônicos
2025-10-18 12:50:48,14667,866,Mouse,Norte,3,Boleto,120,0.12,360,43.199999999999996,316.8,Periféricos
2025-04-14 22:09:49,14668,774,Notebook,Sudeste,5,Boleto,3500,0.06,17500,1050.0,16450.0,Eletrônicos
2025-06-09 15:10:49,14669,392,Tablet,Sul,4,Cartão de débito,1500,0.15,6000,900.0,5100.0,Eletrônicos
2025-11-22 05:00:59,14670,637,Cadeira,Sudeste,3,Cartão de crédito,850,0.14,2550,357.00000000000006,2193.0,Móveis
2025-02-12 15:18:29,14671,307,Monitor,Centro-Oeste,5,Pix,1200,0.0,6000,0.0,6000.0,Eletrônicos
2025-01-18 19:40:00,14672,267,Tablet,Nordeste,1,Cartão de débito,1500,0.13,1500,195.0,1305.0,Eletrônicos
2025-07-08 21:09:06,14673,447,Celular,Nordeste,1,Boleto,2200,0.1,2200,220.0,1980.0,Eletrônicos
2025-03-28 09:38:26,14674,441,Headset,Sudeste,1,Pix,300,0.08,300,24.0,276.0,Periféticos
2025-09-11 00:30:17,14675,895,Mouse,Sudeste,4,Pix,120,0.09,480,43.199999999999996,436.8,Periféricos
2025-08-08 23:05:19,14676,652,Monitor,Sudeste,2,Pix,1200,0.13,2400,312.0,2088.0,Eletrônicos
2025-12-07 06:19:23,14677,841,Impressora,Centro-Oeste,1,Cartão de débito,900,0.14,900,126.00000000000001,774.0,Eletrônicos
2025-08-18 17:19:47,14678,2,Celular,Centro-Oeste,4,Pix,2200,0.08,8800,704.0,8096.0,Eletrônicos
2025-07-27 10:01:03,14679,520,Headset,Sul,1,Cartão de crédito,300,0.03,300,9.0,291.0,Periféticos
2025-05-19 21:24:14,14680,762,Monitor,Sudeste,4,Boleto,1200,0.1,4800,480.0,4320.0,Eletrônicos
2025-10-05 00:13:42,14681,651,Impressora,Sul,1,Cartão de débito,900,0.01,900,9.0,891.0,Eletrônicos
2025-01-17 09:35:53,14682,636,Tablet,Norte,2,Cartão de débito,1500,0.1,3000,300.0,2700.0,Eletrônicos
2025-12-17 02:50:11,14683,309,Celular,Centro-Oeste,5,Pix,2200,0.12,11000,1320.0,9680.0,Eletrônicos
2025-08-14 08:44:21,14684,740,Mesa,Nordeste,1,Boleto,1100,0.05,1100,55.0,1045.0,Móveis
2025-12-05 23:33:30,14685,522,Impressora,Norte,5,Pix,900,0.01,4500,45.0,4455.0,Eletrônicos
2025-01-05 21:01:20,14686,469,Headset,Nordeste,1,Pix,300,0.1,300,30.0,270.0,Periféticos
2025-01-11 12:34:05,14687,212,Mesa,Norte,2,Cartão de débito,1100,0.05,2200,110.0,2090.0,Móveis
2025-07-18 03:07:03,14688,112,Mesa,Sul,5,Cartão de crédito,1100,0.04,5500,220.0,5280.0,Móveis
2025-07-05 02:33:58,14689,8,Notebook,Sul,4,Boleto,3500,0.1,14000,1400.0,12600.0,Eletrônicos
2025-07-05 07:41:02,14690,804,Headset,Centro-Oeste,1,Boleto,300,0.15,300,45.0,255.0,Periféticos
2025-07-28 10:12:42,14691,477,Mesa,Nordeste,1,Boleto,1100,0.11,1100,121.0,979.0,Móveis
2025-06-22 03:28:10,14692,874,Tablet,Norte,4,Boleto,1500,0.07,6000,420.00000000000006,5580.0,Eletrônicos
2025-08-21 06:10:07,14693,460,Celular,Sudeste,2,Cartão de crédito,2200,0.09,4400,396.0,4004.0,Eletrônicos
2025-01-07 20:37:12,14694,253,Celular,Sudeste,3,Cartão de débito,2200,0.02,6600,132.0,6468.0,Eletrônicos
2025-05-24 19:35:14,14695,526,Tablet,Centro-Oeste,1,Cartão de crédito,1500,0.12,1500,180.0,1320.0,Eletrônicos
2025-12-13 07:23:29,14696,752,Notebook,Nordeste,4,Pix,3500,0.09,14000,1260.0,12740.0,Eletrônicos
2025-12-13 07:18:40,14697,438,Mouse,Sudeste,3,Cartão de débito,120,0.14,360,50.400000000000006,309.6,Periféricos
2025-11-05 07:26:42,14698,754,Notebook,Centro-Oeste,1,Cartão de crédito,3500,0.15,3500,525.0,2975.0,Eletrônicos
2025-07-10 06:27:00,14699,981,Celular,Centro-Oeste,5,Boleto,2200,0.05,11000,550.0,10450.0,Eletrônicos
2025-07-27 15:10:05,14700,854,Mouse,Nordeste,4,Boleto,120,0.15,480,72.0,408.0,Periféricos
2025-05-22 21:17:14,14701,661,Notebook,Sudeste,5,Cartão de débito,3500,0.14,17500,2450.0000000000005,15050.0,Eletrônicos
2025-03-08 07:46:25,14702,236,Mesa,Sudeste,2,Cartão de crédito,1100,0.1,2200,220.0,1980.0,Móveis
2025-10-24 01:35:23,14703,306,Mouse,Sudeste,3,Cartão de débito,120,0.05,360,18.0,342.0,Periféricos
2025-12-25 05:35:46,14704,478,Celular,Sul,4,Boleto,2200,0.11,8800,968.0,7832.0,Eletrônicos
2025-01-28 13:31:26,14705,679,Tablet,Sudeste,1,Cartão de crédito,1500,0.04,1500,60.0,1440.0,Eletrônicos
2025-11-30 19:39:42,14706,20,Cadeira,Norte,1,Boleto,850,0.09,850,76.5,773.5,Móveis
2025-09-29 21:04:46,14707,216,Mesa,Sul,3,Cartão de débito,1100,0.0,3300,0.0,3300.0,Móveis
2025-06-09 21:22:11,14708,855,Mesa,Sul,5,Cartão de débito,1100,0.09,5500,495.0,5005.0,Móveis
2025-04-05 12:58:46,14709,135,Cadeira,Sul,5,Cartão de débito,850,0.14,4250,595.0,3655.0,Móveis
2025-05-26 06:15:08,14710,905,Impressora,Sul,4,Cartão de débito,900,0.04,3600,144.0,3456.0,Eletrônicos
2025-09-14 14:31:11,14711,129,Teclado,Centro-Oeste,4,Cartão de débito,250,0.12,1000,120.0,880.0,Periféricos
2025-07-15 15:10:54,14712,410,Monitor,Norte,5,Pix,1200,0.04,6000,240.0,5760.0,Eletrônicos
2025-08-26 19:36:39,14713,422,Headset,Nordeste,4,Cartão de débito,300,0.11,1200,132.0,1068.0,Periféticos
2025-04-30 06:40:51,14714,294,Notebook,Sudeste,5,Cartão de débito,3500,0.1,17500,1750.0,15750.0,Eletrônicos
2025-06-07 11:23:24,14715,246,Teclado,Sul,3,Boleto,250,0.03,750,22.5,727.5,Periféricos
2025-03-24 00:18:24,14716,701,Notebook,Nordeste,4,Cartão de débito,3500,0.09,14000,1260.0,12740.0,Eletrônicos
2025-06-10 00:14:40,14717,556,Teclado,Centro-Oeste,5,Cartão de crédito,250,0.13,1250,162.5,1087.5,Periféricos
2025-03-19 13:02:24,14718,86,Mouse,Nordeste,4,Cartão de débito,120,0.06,480,28.799999999999997,451.2,Periféricos
2025-05-03 13:06:39,14719,556,Tablet,Sul,1,Pix,1500,0.11,1500,165.0,1335.0,Eletrônicos
2025-10-26 15:05:43,14720,842,Headset,Norte,1,Cartão de débito,300,0.1,300,30.0,270.0,Periféticos
2025-12-25 11:45:02,14721,375,Headset,Nordeste,2,Boleto,300,0.04,600,24.0,576.0,Periféticos
2025-02-02 10:10:45,14722,446,Notebook,Sul,5,Cartão de crédito,3500,0.14,17500,2450.0000000000005,15050.0,Eletrônicos
2025-10-28 15:01:22,14723,378,Cadeira,Sul,2,Cartão de crédito,850,0.08,1700,136.0,1564.0,Móveis
2025-05-30 10:58:02,14724,390,Mouse,Sudeste,5,Cartão de débito,120,0.05,600,30.0,570.0,Periféricos
2025-05-11 05:45:48,14725,657,Impressora,Sudeste,4,Cartão de débito,900,0.02,3600,72.0,3528.0,Eletrônicos
2025-05-19 08:17:50,14726,51,Headset,Norte,5,Cartão de débito,300,0.07,1500,105.00000000000001,1395.0,Periféticos
2025-03-21 03:56:29,14727,242,Monitor,Sudeste,1,Cartão de débito,1200,0.11,1200,132.0,1068.0,Eletrônicos
2025-04-10 04:42:36,14728,294,Notebook,Norte,4,Boleto,3500,0.09,14000,1260.0,12740.0,Eletrônicos
2025-08-13 01:47:10,14729,920,Mesa,Centro-Oeste,1,Boleto,1100,0.11,1100,121.0,979.0,Móveis
2025-06-23 13:02:07,14730,563,Monitor,Centro-Oeste,4,Cartão de crédito,1200,0.12,4800,576.0,4224.0,Eletrônicos
2025-08-26 19:24:33,14731,266,Celular,Sudeste,5,Cartão de débito,2200,0.07,11000,770.0000000000001,10230.0,Eletrônicos
2025-01-14 23:12:31,14732,120,Notebook,Centro-Oeste,5,Boleto,3500,0.08,17500,1400.0,16100.0,Eletrônicos
2025-01-12 00:54:52,14733,712,Notebook,Nordeste,1,Boleto,3500,0.15,3500,525.0,2975.0,Eletrônicos
2025-12-20 12:53:41,14734,917,Mesa,Nordeste,3,Cartão de crédito,1100,0.15,3300,495.0,2805.0,Móveis
2025-07-16 16:49:46,14735,248,Mouse,Nordeste,5,Cartão de crédito,120,0.06,600,36.0,564.0,Periféricos
2025-08-30 15:12:02,14736,70,Mesa,Centro-Oeste,3,Pix,1100,0.1,3300,330.0,2970.0,Móveis
2025-09-08 03:55:33,14737,853,Headset,Nordeste,4,Boleto,300,0.04,1200,48.0,1152.0,Periféticos
2025-07-08 08:04:25,14738,57,Tablet,Norte,3,Cartão de crédito,1500,0.02,4500,90.0,4410.0,Eletrônicos
2025-03-22 15:52:09,14739,382,Notebook,Sul,1,Boleto,3500,0.12,3500,420.0,3080.0,Eletrônicos
2025-05-06 07:10:53,14740,39,Celular,Sudeste,2,Boleto,2200,0.07,4400,308.00000000000006,4092.0,Eletrônicos
2025-07-11 03:35:48,14741,984,Cadeira,Norte,2,Cartão de débito,850,0.03,1700,51.0,1649.0,Móveis
2025-12-22 13:53:19,14742,801,Notebook,Nordeste,1,Cartão de débito,3500,0.11,3500,385.0,3115.0,Eletrônicos
2025-12-29 18:36:59,14743,443,Mesa,Sul,2,Cartão de débito,1100,0.14,2200,308.00000000000006,1892.0,Móveis
2025-09-20 14:03:20,14744,18,Teclado,Sudeste,1,Cartão de débito,250,0.14,250,35.0,215.0,Periféricos
2025-09-22 13:50:15,14745,952,Notebook,Norte,5,Boleto,3500,0.09,17500,1575.0,15925.0,Eletrônicos
2025-11-19 13:18:26,14746,732,Notebook,Sudeste,3,Pix,3500,0.07,10500,735.0000000000001,9765.0,Eletrônicos
2025-09-13 12:59:09,14747,825,Celular,Centro-Oeste,2,Pix,2200,0.02,4400,88.0,4312.0,Eletrônicos
2025-08-03 21:33:44,14748,756,Celular,Nordeste,5,Pix,2200,0.12,11000,1320.0,9680.0,Eletrônicos
2025-08-04 07:42:21,14749,352,Notebook,Norte,2,Boleto,3500,0.14,7000,980.0000000000001,6020.0,Eletrônicos
2025-02-22 05:37:50,14750,972,Teclado,Norte,4,Pix,250,0.13,1000,130.0,870.0,Periféricos
2025-11-03 18:19:14,14751,816,Tablet,Sul,1,Boleto,1500,0.11,1500,165.0,1335.0,Eletrônicos
2025-10-08 00:51:30,14752,298,Impressora,Sul,1,Cartão de crédito,900,0.0,900,0.0,900.0,Eletrônicos
2025-09-23 09:05:53,14753,283,Teclado,Sul,5,Pix,250,0.06,1250,75.0,1175.0,Periféricos
2025-09-03 21:09:27,14754,586,Teclado,Sudeste,4,Boleto,250,0.06,1000,60.0,940.0,Periféricos
2025-05-03 08:15:21,14755,110,Teclado,Nordeste,3,Cartão de crédito,250,0.13,750,97.5,652.5,Periféricos
2025-01-18 02:46:08,14756,180,Tablet,Sudeste,4,Cartão de débito,1500,0.01,6000,60.0,5940.0,Eletrônicos
2025-07-12 14:38:31,14757,938,Mouse,Nordeste,4,Cartão de crédito,120,0.08,480,38.4,441.6,Periféricos
2025-10-04 05:38:14,14758,544,Mouse,Norte,3,Cartão de crédito,120,0.02,360,7.2,352.8,Periféricos
2025-04-26 04:57:01,14759,746,Teclado,Sudeste,3,Pix,250,0.1,750,75.0,675.0,Periféricos
2025-11-20 06:07:02,14760,794,Impressora,Sudeste,4,Cartão de débito,900,0.12,3600,432.0,3168.0,Eletrônicos
2025-09-11 11:51:30,14761,25,Mesa,Sudeste,2,Cartão de débito,1100,0.1,2200,220.0,1980.0,Móveis
2025-06-23 17:07:12,14762,843,Monitor,Centro-Oeste,2,Pix,1200,0.12,2400,288.0,2112.0,Eletrônicos
2025-10-18 13:14:11,14763,791,Mouse,Nordeste,4,Cartão de crédito,120,0.09,480,43.199999999999996,436.8,Periféricos
2025-10-27 05:39:36,14764,738,Cadeira,Nordeste,2,Boleto,850,0.03,1700,51.0,1649.0,Móveis
2025-01-05 15:56:20,14765,57,Celular,Sudeste,3,Pix,2200,0.06,6600,396.0,6204.0,Eletrônicos
2025-10-31 06:56:00,14766,180,Tablet,Centro-Oeste,3,Cartão de crédito,1500,0.14,4500,630.0000000000001,3870.0,Eletrônicos
2025-11-21 14:02:54,14767,232,Tablet,Sudeste,2,Boleto,1500,0.04,3000,120.0,2880.0,Eletrônicos
2025-04-21 14:52:20,14768,894,Monitor,Nordeste,3,Pix,1200,0.01,3600,36.0,3564.0,Eletrônicos
2025-10-09 15:34:36,14769,343,Mouse,Norte,1,Pix,120,0.06,120,7.199999999999999,112.8,Periféricos
2025-06-20 09:39:51,14770,477,Impressora,Centro-Oeste,3,Cartão de débito,900,0.05,2700,135.0,2565.0,Eletrônicos
2025-06-13 22:24:04,14771,799,Impressora,Centro-Oeste,4,Cartão de débito,900,0.07,3600,252.00000000000003,3348.0,Eletrônicos
2025-03-22 05:44:27,14772,576,Celular,Sudeste,5,Cartão de débito,2200,0.08,11000,880.0,10120.0,Eletrônicos
2025-04-24 20:41:35,14773,455,Teclado,Norte,2,Boleto,250,0.15,500,75.0,425.0,Periféricos
2025-08-12 11:32:24,14774,232,Mesa,Nordeste,2,Pix,1100,0.11,2200,242.0,1958.0,Móveis
2025-01-25 09:42:22,14775,289,Mouse,Sul,3,Cartão de débito,120,0.01,360,3.6,356.4,Periféricos
2025-03-22 02:54:56,14776,213,Impressora,Nordeste,3,Cartão de débito,900,0.11,2700,297.0,2403.0,Eletrônicos
2025-04-18 22:37:23,14777,258,Monitor,Nordeste,5,Pix,1200,0.12,6000,720.0,5280.0,Eletrônicos
2025-08-23 17:17:22,14778,530,Celular,Norte,5,Boleto,2200,0.13,11000,1430.0,9570.0,Eletrônicos
2025-07-30 05:31:45,14779,687,Notebook,Centro-Oeste,4,Cartão de débito,3500,0.06,14000,840.0,13160.0,Eletrônicos
2025-05-22 06:12:14,14780,929,Celular,Nordeste,1,Cartão de crédito,2200,0.05,2200,110.0,2090.0,Eletrônicos
2025-05-13 14:06:31,14781,229,Impressora,Centro-Oeste,4,Boleto,900,0.13,3600,468.0,3132.0,Eletrônicos
2025-02-02 22:37:10,14782,226,Notebook,Norte,2,Cartão de débito,3500,0.12,7000,840.0,6160.0,Eletrônicos
2025-06-11 16:44:56,14783,596,Cadeira,Norte,3,Cartão de crédito,850,0.08,2550,204.0,2346.0,Móveis
2025-08-07 16:47:29,14784,803,Headset,Sudeste,4,Cartão de débito,300,0.02,1200,24.0,1176.0,Periféticos
2025-12-31 17:11:09,14785,435,Celular,Sul,3,Boleto,2200,0.1,6600,660.0,5940.0,Eletrônicos
2025-12-09 20:23:41,14786,882,Monitor,Norte,3,Pix,1200,0.01,3600,36.0,3564.0,Eletrônicos
2025-03-06 06:38:55,14787,758,Monitor,Norte,4,Pix,1200,0.02,4800,96.0,4704.0,Eletrônicos
2025-02-12 13:50:21,14788,402,Mesa,Centro-Oeste,4,Boleto,1100,0.05,4400,220.0,4180.0,Móveis
2025-02-22 17:46:06,14789,622,Teclado,Norte,5,Cartão de débito,250,0.06,1250,75.0,1175.0,Periféricos
2025-06-24 11:24:21,14790,766,Celular,Nordeste,1,Boleto,2200,0.07,2200,154.00000000000003,2046.0,Eletrônicos
2025-03-14 01:43:38,14791,88,Impressora,Sudeste,5,Cartão de crédito,900,0.05,4500,225.0,4275.0,Eletrônicos
2025-09-10 01:22:42,14792,584,Headset,Sudeste,1,Cartão de débito,300,0.01,300,3.0,297.0,Periféticos
2025-04-23 02:43:19,14793,893,Mouse,Nordeste,4,Boleto,120,0.02,480,9.6,470.4,Periféricos
2025-03-22 16:25:38,14794,542,Impressora,Norte,1,Pix,900,0.02,900,18.0,882.0,Eletrônicos
2025-12-19 10:29:33,14795,684,Monitor,Sul,2,Boleto,1200,0.06,2400,144.0,2256.0,Eletrônicos
2025-06-26 08:35:07,14796,309,Cadeira,Norte,5,Cartão de débito,850,0.03,4250,127.5,4122.5,Móveis
2025-12-01 11:00:28,14797,906,Impressora,Sudeste,5,Boleto,900,0.04,4500,180.0,4320.0,Eletrônicos
2025-04-29 02:06:36,14798,343,Tablet,Sul,5,Pix,1500,0.07,7500,525.0,6975.0,Eletrônicos
2025-05-02 11:32:47,14799,436,Monitor,Centro-Oeste,3,Cartão de crédito,1200,0.04,3600,144.0,3456.0,Eletrônicos
2025-04-10 14:50:09,14800,177,Celular,Centro-Oeste,3,Boleto,2200,0.04,6600,264.0,6336.0,Eletrônicos
2025-10-30 16:09:16,14801,139,Cadeira,Norte,4,Boleto,850,0.12,3400,408.0,2992.0,Móveis
2025-04-09 22:25:00,14802,194,Tablet,Norte,4,Cartão de crédito,1500,0.08,6000,480.0,5520.0,Eletrônicos
2025-12-24 11:26:10,14803,186,Notebook,Sul,3,Boleto,3500,0.13,10500,1365.0,9135.0,Eletrônicos
2025-12-12 13:34:50,14804,218,Headset,Sul,5,Pix,300,0.08,1500,120.0,1380.0,Periféticos
2025-03-29 07:53:09,14805,164,Monitor,Norte,3,Cartão de crédito,1200,0.14,3600,504.00000000000006,3096.0,Eletrônicos
2025-05-14 18:06:07,14806,161,Celular,Sudeste,1,Pix,2200,0.04,2200,88.0,2112.0,Eletrônicos
2025-04-13 11:02:25,14807,943,Tablet,Centro-Oeste,5,Pix,1500,0.09,7500,675.0,6825.0,Eletrônicos
2025-11-22 13:56:55,14808,525,Tablet,Sul,3,Pix,1500,0.08,4500,360.0,4140.0,Eletrônicos
2025-06-26 19:14:24,14809,808,Teclado,Sudeste,4,Cartão de débito,250,0.14,1000,140.0,860.0,Periféricos
2025-02-01 00:46:46,14810,601,Tablet,Norte,3,Cartão de crédito,1500,0.06,4500,270.0,4230.0,Eletrônicos
2025-11-02 01:38:41,14811,836,Headset,Nordeste,2,Cartão de débito,300,0.13,600,78.0,522.0,Periféticos
2025-09-29 01:44:09,14812,42,Cadeira,Sul,3,Cartão de débito,850,0.08,2550,204.0,2346.0,Móveis
2025-01-03 04:09:31,14813,915,Cadeira,Nordeste,5,Boleto,850,0.11,4250,467.5,3782.5,Móveis
2025-07-16 22:13:35,14814,210,Tablet,Sudeste,3,Cartão de crédito,1500,0.13,4500,585.0,3915.0,Eletrônicos
2025-03-26 09:03:33,14815,741,Celular,Centro-Oeste,4,Boleto,2200,0.15,8800,1320.0,7480.0,Eletrônicos
2025-06-16 13:55:07,14816,862,Monitor,Sudeste,1,Cartão de débito,1200,0.11,1200,132.0,1068.0,Eletrônicos
2025-08-16 06:01:37,14817,275,Celular,Centro-Oeste,2,Boleto,2200,0.05,4400,220.0,4180.0,Eletrônicos
2025-05-09 17:11:29,14818,954,Mesa,Sudeste,5,Pix,1100,0.04,5500,220.0,5280.0,Móveis
2025-12-14 05:30:01,14819,279,Monitor,Sul,4,Cartão de débito,1200,0.05,4800,240.0,4560.0,Eletrônicos
2025-08-09 12:05:32,14820,251,Notebook,Sul,2,Pix,3500,0.01,7000,70.0,6930.0,Eletrônicos
2025-05-19 18:53:43,14821,310,Headset,Nordeste,3,Cartão de crédito,300,0.01,900,9.0,891.0,Periféticos
2025-11-06 14:17:18,14822,720,Celular,Sudeste,2,Boleto,2200,0.09,4400,396.0,4004.0,Eletrônicos
2025-01-09 16:45:18,14823,833,Teclado,Sudeste,1,Cartão de débito,250,0.12,250,30.0,220.0,Periféricos
2025-10-17 09:42:19,14824,140,Cadeira,Nordeste,2,Cartão de crédito,850,0.01,1700,17.0,1683.0,Móveis
2025-07-20 02:55:29,14825,792,Tablet,Norte,2,Pix,1500,0.08,3000,240.0,2760.0,Eletrônicos
2025-05-23 14:16:34,14826,546,Monitor,Sudeste,3,Boleto,1200,0.06,3600,216.0,3384.0,Eletrônicos
2025-11-25 11:20:39,14827,821,Tablet,Sudeste,3,Boleto,1500,0.13,4500,585.0,3915.0,Eletrônicos
2025-06-21 15:05:58,14828,904,Notebook,Sudeste,5,Cartão de débito,3500,0.02,17500,350.0,17150.0,Eletrônicos
2025-07-13 11:26:47,14829,530,Mesa,Norte,3,Boleto,1100,0.08,3300,264.0,3036.0,Móveis
2025-11-28 07:53:33,14830,57,Tablet,Sul,2,Boleto,1500,0.15,3000,450.0,2550.0,Eletrônicos
2025-01-27 23:50:14,14831,112,Celular,Nordeste,1,Pix,2200,0.05,2200,110.0,2090.0,Eletrônicos
2025-11-15 05:47:33,14832,5,Monitor,Norte,3,Pix,1200,0.11,3600,396.0,3204.0,Eletrônicos
2025-02-28 19:37:00,14833,410,Teclado,Centro-Oeste,5,Pix,250,0.13,1250,162.5,1087.5,Periféricos
2025-09-13 03:17:58,14834,414,Notebook,Centro-Oeste,5,Cartão de crédito,3500,0.03,17500,525.0,16975.0,Eletrônicos
2025-11-09 20:08:06,14835,182,Impressora,Norte,2,Cartão de crédito,900,0.15,1800,270.0,1530.0,Eletrônicos
2025-12-28 20:10:40,14836,13,Headset,Norte,3,Boleto,300,0.12,900,108.0,792.0,Periféticos
2025-04-15 15:53:52,14837,339,Mesa,Sul,3,Cartão de crédito,1100,0.02,3300,66.0,3234.0,Móveis
2025-01-27 01:06:37,14838,797,Celular,Centro-Oeste,5,Cartão de débito,2200,0.05,11000,550.0,10450.0,Eletrônicos
2025-05-01 05:31:32,14839,259,Headset,Nordeste,3,Pix,300,0.09,900,81.0,819.0,Periféticos
2025-05-01 06:11:24,14840,90,Teclado,Sudeste,2,Cartão de crédito,250,0.13,500,65.0,435.0,Periféricos
2025-04-06 23:17:40,14841,616,Headset,Sudeste,1,Boleto,300,0.03,300,9.0,291.0,Periféticos
2025-07-03 11:01:38,14842,891,Cadeira,Sul,2,Pix,850,0.11,1700,187.0,1513.0,Móveis
2025-11-07 18:25:56,14843,698,Monitor,Sul,3,Cartão de crédito,1200,0.04,3600,144.0,3456.0,Eletrônicos
2025-04-13 08:23:46,14844,250,Headset,Centro-Oeste,2,Pix,300,0.12,600,72.0,528.0,Periféticos
2025-12-24 12:55:20,14845,255,Celular,Nordeste,4,Cartão de crédito,2200,0.1,8800,880.0,7920.0,Eletrônicos
2025-03-31 10:12:40,14846,588,Impressora,Nordeste,4,Boleto,900,0.08,3600,288.0,3312.0,Eletrônicos
2025-10-12 23:57:09,14847,898,Cadeira,Norte,3,Cartão de crédito,850,0.1,2550,255.0,2295.0,Móveis
2025-01-18 01:02:22,14848,971,Cadeira,Sul,3,Cartão de crédito,850,0.13,2550,331.5,2218.5,Móveis
2025-10-18 15:14:24,14849,108,Headset,Sudeste,1,Cartão de crédito,300,0.06,300,18.0,282.0,Periféticos
2025-02-21 18:30:14,14850,668,Mesa,Sudeste,2,Pix,1100,0.12,2200,264.0,1936.0,Móveis
2025-06-03 07:17:42,14851,594,Mouse,Centro-Oeste,1,Cartão de crédito,120,0.02,120,2.4,117.6,Periféricos
2025-07-20 16:37:17,14852,589,Mesa,Sudeste,3,Cartão de crédito,1100,0.11,3300,363.0,2937.0,Móveis
2025-02-10 20:30:01,14853,485,Tablet,Nordeste,3,Cartão de crédito,1500,0.11,4500,495.0,4005.0,Eletrônicos
2025-02-25 15:36:03,14854,982,Celular,Nordeste,5,Pix,2200,0.07,11000,770.0000000000001,10230.0,Eletrônicos
2025-03-14 17:47:31,14855,972,Mouse,Sul,1,Boleto,120,0.12,120,14.399999999999999,105.6,Periféricos
2025-08-01 16:15:15,14856,258,Monitor,Centro-Oeste,3,Boleto,1200,0.08,3600,288.0,3312.0,Eletrônicos
2025-05-26 15:17:51,14857,639,Cadeira,Sudeste,4,Boleto,850,0.14,3400,476.00000000000006,2924.0,Móveis
2025-05-22 05:24:01,14858,997,Celular,Sul,5,Cartão de crédito,2200,0.02,11000,220.0,10780.0,Eletrônicos
2025-04-22 02:42:57,14859,903,Teclado,Norte,2,Pix,250,0.02,500,10.0,490.0,Periféricos
2025-05-30 21:11:55,14860,282,Tablet,Norte,5,Boleto,1500,0.13,7500,975.0,6525.0,Eletrônicos
2025-01-14 20:11:25,14861,986,Impressora,Sudeste,2,Boleto,900,0.13,1800,234.0,1566.0,Eletrônicos
2025-04-21 11:18:11,14862,88,Tablet,Sudeste,4,Boleto,1500,0.07,6000,420.00000000000006,5580.0,Eletrônicos
2025-11-11 02:55:48,14863,204,Celular,Sudeste,2,Cartão de débito,2200,0.14,4400,616.0000000000001,3784.0,Eletrônicos
2025-12-19 02:57:27,14864,16,Monitor,Nordeste,1,Pix,1200,0.1,1200,120.0,1080.0,Eletrônicos
2025-02-15 02:49:50,14865,151,Cadeira,Sudeste,2,Cartão de débito,850,0.15,1700,255.0,1445.0,Móveis
2025-10-07 16:02:29,14866,936,Notebook,Norte,2,Cartão de crédito,3500,0.08,7000,560.0,6440.0,Eletrônicos
2025-02-09 05:14:05,14867,254,Notebook,Sudeste,5,Boleto,3500,0.03,17500,525.0,16975.0,Eletrônicos
2025-08-14 22:16:30,14868,188,Celular,Centro-Oeste,4,Cartão de crédito,2200,0.07,8800,616.0000000000001,8184.0,Eletrônicos
2025-05-18 12:11:47,14869,329,Headset,Norte,2,Pix,300,0.15,600,90.0,510.0,Periféticos
2025-04-22 21:29:48,14870,544,Mesa,Centro-Oeste,1,Cartão de crédito,1100,0.06,1100,66.0,1034.0,Móveis
2025-05-16 16:03:06,14871,783,Tablet,Norte,5,Cartão de crédito,1500,0.14,7500,1050.0,6450.0,Eletrônicos
2025-04-05 21:06:30,14872,997,Monitor,Sul,4,Boleto,1200,0.12,4800,576.0,4224.0,Eletrônicos
2025-04-05 16:55:35,14873,397,Tablet,Norte,4,Pix,1500,0.07,6000,420.00000000000006,5580.0,Eletrônicos
2025-10-15 13:02:09,14874,517,Teclado,Norte,3,Cartão de crédito,250,0.08,750,60.0,690.0,Periféricos
2025-05-30 12:50:19,14875,459,Notebook,Centro-Oeste,1,Cartão de débito,3500,0.09,3500,315.0,3185.0,Eletrônicos
2025-08-13 02:09:58,14876,330,Cadeira,Centro-Oeste,5,Boleto,850,0.1,4250,425.0,3825.0,Móveis
2025-04-29 00:28:14,14877,820,Teclado,Norte,5,Cartão de débito,250,0.01,1250,12.5,1237.5,Periféricos
2025-05-31 07:52:45,14878,845,Cadeira,Norte,1,Boleto,850,0.14,850,119.00000000000001,731.0,Móveis
2025-12-14 13:58:57,14879,169,Tablet,Nordeste,4,Cartão de crédito,1500,0.09,6000,540.0,5460.0,Eletrônicos
2025-02-20 11:58:09,14880,693,Monitor,Sul,2,Boleto,1200,0.14,2400,336.00000000000006,2064.0,Eletrônicos
2025-06-22 06:36:39,14881,366,Notebook,Sul,1,Cartão de crédito,3500,0.09,3500,315.0,3185.0,Eletrônicos
2025-08-15 13:32:17,14882,178,Tablet,Sudeste,5,Cartão de débito,1500,0.06,7500,450.0,7050.0,Eletrônicos
2025-05-28 17:12:30,14883,655,Notebook,Norte,1,Cartão de crédito,3500,0.09,3500,315.0,3185.0,Eletrônicos
2025-10-22 09:16:24,14884,362,Celular,Norte,4,Boleto,2200,0.12,8800,1056.0,7744.0,Eletrônicos
2025-11-18 00:22:35,14885,760,Impressora,Norte,3,Boleto,900,0.05,2700,135.0,2565.0,Eletrônicos
2025-07-19 07:05:20,14886,639,Impressora,Norte,3,Boleto,900,0.14,2700,378.00000000000006,2322.0,Eletrônicos
2025-09-10 20:47:10,14887,775,Cadeira,Sul,2,Cartão de débito,850,0.07,1700,119.00000000000001,1581.0,Móveis
2025-02-28 22:39:52,14888,40,Tablet,Centro-Oeste,2,Pix,1500,0.14,3000,420.00000000000006,2580.0,Eletrônicos
2025-01-07 16:42:06,14889,924,Mouse,Nordeste,4,Cartão de débito,120,0.13,480,62.400000000000006,417.6,Periféricos
2025-03-18 12:43:28,14890,416,Notebook,Centro-Oeste,2,Cartão de crédito,3500,0.12,7000,840.0,6160.0,Eletrônicos
2025-06-14 20:54:17,14891,355,Notebook,Centro-Oeste,3,Cartão de crédito,3500,0.07,10500,735.0000000000001,9765.0,Eletrônicos
2025-03-29 19:41:16,14892,255,Mouse,Sul,4,Cartão de débito,120,0.09,480,43.199999999999996,436.8,Periféricos
2025-07-23 20:56:49,14893,143,Headset,Nordeste,4,Cartão de débito,300,0.13,1200,156.0,1044.0,Periféticos
2025-05-16 19:28:31,14894,752,Tablet,Norte,4,Cartão de crédito,1500,0.08,6000,480.0,5520.0,Eletrônicos
2025-07-11 10:59:49,14895,740,Mouse,Sul,1,Cartão de crédito,120,0.11,120,13.2,106.8,Periféricos
2025-09-11 14:36:00,14896,853,Impressora,Sul,2,Cartão de crédito,900,0.12,1800,216.0,1584.0,Eletrônicos
2025-01-10 10:13:42,14897,710,Notebook,Nordeste,5,Pix,3500,0.08,17500,1400.0,16100.0,Eletrônicos
2025-09-13 14:04:07,14898,577,Impressora,Sudeste,3,Pix,900,0.08,2700,216.0,2484.0,Eletrônicos
2025-06-19 01:32:33,14899,900,Tablet,Sul,2,Cartão de débito,1500,0.03,3000,90.0,2910.0,Eletrônicos
2025-10-27 18:40:07,14900,11,Monitor,Centro-Oeste,3,Cartão de débito,1200,0.04,3600,144.0,3456.0,Eletrônicos
2025-07-09 21:20:40,14901,620,Monitor,Centro-Oeste,2,Pix,1200,0.14,2400,336.00000000000006,2064.0,Eletrônicos
2025-08-09 09:04:05,14902,26,Cadeira,Norte,5,Boleto,850,0.13,4250,552.5,3697.5,Móveis
2025-08-19 11:23:48,14903,957,Impressora,Sul,3,Pix,900,0.0,2700,0.0,2700.0,Eletrônicos
2025-05-27 13:42:03,14904,421,Impressora,Norte,5,Cartão de débito,900,0.13,4500,585.0,3915.0,Eletrônicos
2025-11-21 13:28:24,14905,663,Impressora,Sul,3,Pix,900,0.0,2700,0.0,2700.0,Eletrônicos
2025-08-17 04:38:23,14906,221,Headset,Nordeste,1,Boleto,300,0.07,300,21.000000000000004,279.0,Periféticos
2025-07-07 09:57:48,14907,853,Impressora,Sul,1,Cartão de débito,900,0.01,900,9.0,891.0,Eletrônicos
2025-03-01 15:30:35,14908,496,Monitor,Sudeste,3,Cartão de crédito,1200,0.15,3600,540.0,3060.0,Eletrônicos
2025-01-17 09:34:02,14909,237,Headset,Centro-Oeste,3,Cartão de débito,300,0.15,900,135.0,765.0,Periféticos
2025-11-15 06:04:40,14910,237,Cadeira,Nordeste,5,Pix,850,0.09,4250,382.5,3867.5,Móveis
2025-02-12 16:43:44,14911,219,Celular,Centro-Oeste,4,Pix,2200,0.06,8800,528.0,8272.0,Eletrônicos
2025-09-03 01:37:46,14912,487,Teclado,Norte,3,Boleto,250,0.08,750,60.0,690.0,Periféricos
2025-08-26 00:47:14,14913,936,Cadeira,Nordeste,2,Pix,850,0.11,1700,187.0,1513.0,Móveis
2025-05-04 11:56:56,14914,461,Mesa,Sudeste,2,Boleto,1100,0.03,2200,66.0,2134.0,Móveis
2025-12-03 18:10:34,14915,663,Headset,Centro-Oeste,2,Cartão de débito,300,0.07,600,42.00000000000001,558.0,Periféticos
2025-12-23 13:41:53,14916,635,Monitor,Sul,1,Pix,1200,0.11,1200,132.0,1068.0,Eletrônicos
2025-02-12 03:36:11,14917,144,Monitor,Sul,5,Cartão de débito,1200,0.06,6000,360.0,5640.0,Eletrônicos
2025-03-16 09:34:59,14918,990,Tablet,Sul,1,Cartão de crédito,1500,0.0,1500,0.0,1500.0,Eletrônicos
2025-02-17 05:10:41,14919,189,Notebook,Nordeste,2,Cartão de crédito,3500,0.08,7000,560.0,6440.0,Eletrônicos
2025-03-03 23:53:50,14920,255,Impressora,Sudeste,3,Boleto,900,0.11,2700,297.0,2403.0,Eletrônicos
2025-09-30 14:26:58,14921,68,Monitor,Sudeste,2,Pix,1200,0.15,2400,360.0,2040.0,Eletrônicos
2025-07-25 07:11:08,14922,616,Impressora,Sudeste,3,Cartão de débito,900,0.01,2700,27.0,2673.0,Eletrônicos
2025-01-26 07:52:50,14923,336,Mouse,Centro-Oeste,5,Cartão de débito,120,0.08,600,48.0,552.0,Periféricos
2025-07-03 14:05:36,14924,671,Notebook,Nordeste,4,Pix,3500,0.07,14000,980.0000000000001,13020.0,Eletrônicos
2025-04-26 00:18:13,14925,821,Mouse,Sul,3,Cartão de débito,120,0.04,360,14.4,345.6,Periféricos
2025-04-26 05:32:31,14926,874,Impressora,Centro-Oeste,1,Pix,900,0.1,900,90.0,810.0,Eletrônicos
2025-11-26 18:15:19,14927,409,Headset,Sudeste,2,Pix,300,0.02,600,12.0,588.0,Periféticos
2025-06-06 03:15:23,14928,300,Mesa,Sul,2,Cartão de crédito,1100,0.04,2200,88.0,2112.0,Móveis
2025-06-12 07:22:26,14929,908,Notebook,Nordeste,2,Pix,3500,0.12,7000,840.0,6160.0,Eletrônicos
2025-06-16 15:07:16,14930,602,Headset,Norte,3,Cartão de débito,300,0.07,900,63.00000000000001,837.0,Periféticos
2025-11-27 10:59:28,14931,357,Monitor,Sudeste,5,Pix,1200,0.15,6000,900.0,5100.0,Eletrônicos
2025-12-31 11:08:41,14932,256,Mesa,Sudeste,3,Cartão de crédito,1100,0.06,3300,198.0,3102.0,Móveis
2025-06-10 12:38:46,14933,353,Celular,Sudeste,1,Cartão de crédito,2200,0.07,2200,154.00000000000003,2046.0,Eletrônicos
2025-03-22 20:32:25,14934,732,Monitor,Sudeste,2,Boleto,1200,0.05,2400,120.0,2280.0,Eletrônicos
2025-04-16 20:03:40,14935,521,Teclado,Sul,3,Cartão de débito,250,0.04,750,30.0,720.0,Periféricos
2025-08-29 09:55:44,14936,524,Cadeira,Nordeste,2,Pix,850,0.14,1700,238.00000000000003,1462.0,Móveis
2025-01-25 00:47:55,14937,837,Notebook,Centro-Oeste,1,Cartão de débito,3500,0.11,3500,385.0,3115.0,Eletrônicos
2025-01-25 18:58:32,14938,950,Teclado,Sul,4,Cartão de débito,250,0.05,1000,50.0,950.0,Periféricos
2025-02-06 09:25:11,14939,756,Impressora,Nordeste,4,Pix,900,0.11,3600,396.0,3204.0,Eletrônicos
2025-07-17 11:40:38,14940,694,Notebook,Centro-Oeste,4,Cartão de crédito,3500,0.14,14000,1960.0000000000002,12040.0,Eletrônicos
2025-08-05 21:35:05,14941,284,Cadeira,Sudeste,2,Cartão de débito,850,0.01,1700,17.0,1683.0,Móveis
2025-11-10 08:11:26,14942,312,Notebook,Nordeste,3,Boleto,3500,0.04,10500,420.0,10080.0,Eletrônicos
2025-05-24 16:36:38,14943,99,Headset,Sudeste,2,Cartão de débito,300,0.03,600,18.0,582.0,Periféticos
2025-07-30 08:14:12,14944,197,Mouse,Nordeste,5,Cartão de crédito,120,0.13,600,78.0,522.0,Periféricos
2025-04-15 19:35:48,14945,482,Tablet,Norte,3,Boleto,1500,0.03,4500,135.0,4365.0,Eletrônicos
2025-01-26 09:54:50,14946,878,Headset,Sudeste,1,Boleto,300,0.05,300,15.0,285.0,Periféticos
2025-04-26 11:20:44,14947,226,Cadeira,Sudeste,4,Boleto,850,0.08,3400,272.0,3128.0,Móveis
2025-06-05 01:59:00,14948,845,Notebook,Sudeste,3,Boleto,3500,0.09,10500,945.0,9555.0,Eletrônicos
2025-09-12 00:28:16,14949,615,Headset,Sul,3,Pix,300,0.12,900,108.0,792.0,Periféticos
2025-09-06 15:30:31,14950,618,Mouse,Centro-Oeste,4,Pix,120,0.06,480,28.799999999999997,451.2,Periféricos
2025-06-10 07:55:23,14951,365,Teclado,Sudeste,1,Pix,250,0.08,250,20.0,230.0,Periféricos
2025-08-17 16:47:06,14952,368,Headset,Sudeste,2,Boleto,300,0.14,600,84.00000000000001,516.0,Periféticos
2025-09-29 10:16:48,14953,570,Impressora,Sul,2,Cartão de crédito,900,0.04,1800,72.0,1728.0,Eletrônicos
2025-07-30 10:26:11,14954,590,Teclado,Sul,3,Cartão de débito,250,0.04,750,30.0,720.0,Periféricos
2025-12-26 07:20:14,14955,75,Cadeira,Norte,4,Boleto,850,0.11,3400,374.0,3026.0,Móveis
2025-11-19 05:41:44,14956,42,Teclado,Nordeste,5,Cartão de crédito,250,0.12,1250,150.0,1100.0,Periféricos
2025-02-28 12:28:13,14957,422,Notebook,Sudeste,1,Cartão de débito,3500,0.06,3500,210.0,3290.0,Eletrônicos
2025-06-16 04:23:36,14958,836,Mesa,Nordeste,2,Boleto,1100,0.03,2200,66.0,2134.0,Móveis
2025-07-09 00:28:04,14959,181,Mesa,Sul,1,Cartão de débito,1100,0.12,1100,132.0,968.0,Móveis
2025-11-27 21:38:27,14960,545,Celular,Sul,1,Pix,2200,0.1,2200,220.0,1980.0,Eletrônicos
2025-01-29 12:38:42,14961,71,Impressora,Norte,1,Pix,900,0.13,900,117.0,783.0,Eletrônicos
2025-03-17 22:04:02,14962,568,Notebook,Centro-Oeste,4,Pix,3500,0.13,14000,1820.0,12180.0,Eletrônicos
2025-06-25 04:33:15,14963,105,Cadeira,Sul,4,Cartão de crédito,850,0.03,3400,102.0,3298.0,Móveis
2025-12-28 19:53:08,14964,200,Monitor,Sudeste,4,Pix,1200,0.12,4800,576.0,4224.0,Eletrônicos
2025-03-07 04:06:01,14965,101,Mesa,Norte,3,Cartão de crédito,1100,0.03,3300,99.0,3201.0,Móveis
2025-06-11 08:06:40,14966,768,Cadeira,Centro-Oeste,4,Pix,850,0.13,3400,442.0,2958.0,Móveis
2025-02-03 13:51:32,14967,307,Teclado,Norte,3,Pix,250,0.12,750,90.0,660.0,Periféricos
2025-11-14 07:34:13,14968,586,Headset,Sul,2,Pix,300,0.09,600,54.0,546.0,Periféticos
2025-07-02 16:13:35,14969,683,Mesa,Centro-Oeste,2,Cartão de crédito,1100,0.1,2200,220.0,1980.0,Móveis
2025-04-25 17:05:42,14970,377,Notebook,Nordeste,2,Cartão de débito,3500,0.02,7000,140.0,6860.0,Eletrônicos
2025-01-20 22:35:07,14971,655,Mesa,Centro-Oeste,2,Cartão de crédito,1100,0.01,2200,22.0,2178.0,Móveis
2025-11-17 09:23:11,14972,678,Mouse,Sudeste,2,Boleto,120,0.05,240,12.0,228.0,Periféricos
2025-06-01 04:48:40,14973,399,Mouse,Nordeste,4,Boleto,120,0.12,480,57.599999999999994,422.4,Periféricos
2025-12-25 19:05:06,14974,773,Mouse,Nordeste,5,Cartão de crédito,120,0.07,600,42.00000000000001,558.0,Periféricos
2025-08-16 09:43:10,14975,221,Impressora,Sudeste,4,Cartão de crédito,900,0.03,3600,108.0,3492.0,Eletrônicos
2025-03-21 15:53:19,14976,595,Mesa,Nordeste,5,Cartão de débito,1100,0.13,5500,715.0,4785.0,Móveis
2025-10-14 05:13:53,14977,182,Celular,Sul,4,Cartão de crédito,2200,0.03,8800,264.0,8536.0,Eletrônicos
2025-03-22 02:46:23,14978,307,Cadeira,Centro-Oeste,2,Pix,850,0.12,1700,204.0,1496.0,Móveis
2025-03-17 13:02:05,14979,522,Mouse,Centro-Oeste,1,Cartão de débito,120,0.07,120,8.4,111.6,Periféricos
2025-09-14 06:53:22,14980,396,Teclado,Sudeste,5,Cartão de crédito,250,0.07,1250,87.50000000000001,1162.5,Periféricos
2025-05-11 12:39:07,14981,4,Notebook,Sul,1,Cartão de crédito,3500,0.04,3500,140.0,3360.0,Eletrônicos
2025-05-24 05:28:08,14982,863,Impressora,Nordeste,2,Boleto,900,0.14,1800,252.00000000000003,1548.0,Eletrônicos
2025-09-30 09:55:07,14983,914,Tablet,Centro-Oeste,5,Cartão de débito,1500,0.01,7500,75.0,7425.0,Eletrônicos
2025-04-07 13:38:48,14984,848,Mouse,Centro-Oeste,1,Boleto,120,0.02,120,2.4,117.6,Periféricos
2025-11-11 22:32:44,14985,1000,Cadeira,Centro-Oeste,4,Cartão de crédito,850,0.1,3400,340.0,3060.0,Móveis
2025-05-02 09:20:17,14986,804,Teclado,Centro-Oeste,2,Cartão de débito,250,0.13,500,65.0,435.0,Periféricos
2025-09-16 05:06:44,14987,281,Notebook,Norte,4,Pix,3500,0.01,14000,140.0,13860.0,Eletrônicos
2025-04-03 19:52:44,14988,215,Headset,Sudeste,4,Cartão de crédito,300,0.11,1200,132.0,1068.0,Periféticos
2025-03-28 05:55:47,14989,972,Monitor,Nordeste,2,Cartão de crédito,1200,0.11,2400,264.0,2136.0,Eletrônicos
2025-11-24 23:43:26,14990,610,Teclado,Nordeste,5,Boleto,250,0.09,1250,112.5,1137.5,Periféricos
2025-02-14 22:17:37,14991,420,Celular,Sudeste,3,Pix,2200,0.07,6600,462.00000000000006,6138.0,Eletrônicos
2025-02-22 12:31:11,14992,101,Teclado,Sul,3,Cartão de crédito,250,0.05,750,37.5,712.5,Periféricos
2025-07-17 13:18:00,14993,963,Teclado,Sudeste,2,Boleto,250,0.05,500,25.0,475.0,Periféricos
2025-02-24 20:30:00,14994,521,Celular,Centro-Oeste,3,Boleto,2200,0.1,6600,660.0,5940.0,Eletrônicos
2025-05-09 00:53:57,14995,573,Headset,Centro-Oeste,1,Cartão de crédito,300,0.01,300,3.0,297.0,Periféticos
2025-06-25 13:36:10,14996,309,Impressora,Sudeste,5,Cartão de débito,900,0.09,4500,405.0,4095.0,Eletrônicos
2025-07-15 13:16:37,14997,658,Mesa,Sudeste,4,Cartão de crédito,1100,0.04,4400,176.0,4224.0,Móveis
2025-09-14 08:13:43,14998,939,Notebook,Nordeste,4,Pix,3500,0.07,14000,980.0000000000001,13020.0,Eletrônicos
2025-12-19 08:31:17,14999,931,Teclado,Nordeste,2,Cartão de crédito,250,0.08,500,40.0,460.0,Periféricos
2025-08-27 18:24:32,15000,510,Teclado,Norte,4,Cartão de débito,250,0.13,1000,130.0,870.0,Periféricos
